"MAPAMED_ID"	"PARENT_ID"	"WDPA_ID"	"N2000_ID"	"RAMSAR_ID"	"NAME"	"ORIG_NAME"	"DESIG_ENG"	"DESIG"	"DESIG_TYPE"	"DESIG_CAT_ENG"	"SITE_TYPE_ENG"	"PARENT_TYPE_ENG"	"IUCN_CAT_ENG"	"ISO3"	"MSFD_REGION"	"REP_M_AREA"	"GIS_M_AREA"	"REP_AREA"	"GIS_AREA"	"REP_M_PCT"	"GIS_M_PCT"	"STATUS_ENG"	"STATUS_YR"	"GOV_TYPE_ENG"	"MANG_AUTH"	"MANG_PLAN_ENG"	"PLAN_REF"	"GREEN_LIST_ENG"	"WEBSITE"	"GIS_PROVIDER"	"GIS_UPDATE"	"GIS_LOG"
1		900909		1290	Butrint	Butrint	Ramsar site	Ramsar site	International	Ramsar site	Site of conservation interest	Not reported	Not reported	{ALB}	{MAD,MIC}	29.1	5.52	135.0	146.12	22	4	Designated	2003	Federal or national ministry or agency	Office of Administration and Coordination of Butrint National Park and the Protected Areas Administration	Inexistent		Not listed	https://rsis.ramsar.org/ris/1290	Butrint Coordination and Administration office	2014-01-11	GIS layer digitised by MedPAN on Google Earth, based on the map displayed in the 2010 management plan.
2	2	181966			Butrinti	Butrinti	National Park (Albania)	Parku Kombëtar	National	MPA with a national statute	Marine Protected Area	Main	II - National park	{ALB}	{MAD,MIC}	7.54	7.06	94.24	94.23	8	7	Designated	2000	Federal or national ministry or agency	Butrint Coordination and Administration office	Fully implemented		Not listed	https://www.protectedplanet.net/181966	European Environment Agency	2020-06-16	CDDA_v18_29-05-2020
1464	5	555599908			Karaburun Sazan National Marine Park	Karaburun Sazan National Marine Park	SPAMI	Specially Protected Area of Mediterranean Importance	Regional	SPAMI	Marine Protected Area	Secondary	Not assigned	{ALB}	{MAD}	124.28	121.66	124.28	124.21	100	98	Adopted	2016	Not reported	National Agency for Protected Areas (NAPA) represented by RAPA Vlore in regional level.	Inexistent		Not listed	http://rac-spa.org/spami	European Environment Agency	2020-06-23	GIS layer identical to that of the National Park (WDPA ID: 555513696)
5	5	555513696			Karaburun-Sazan	Karaburun-Sazan	National Park (Albania)	Parku Kombëtar	National	MPA with a national statute	Marine Protected Area	Main	II - National park	{ALB}	{MAD}	124.28	121.66	124.28	124.22	100	98	Designated	2010	Federal or national ministry or agency	National Agency for Protected Areas (NAPA) represented by RAPA Vlore in regional level.	Partially implemented		Not listed	https://www.protectedplanet.net/555513696	European Environment Agency	2020-06-16	CDDA_v18_29-05-2020
1285	1285	11661			Kune-Vain-Tale	Kune-Vain-Tale	Managed Nature Reserve (Albania)	Rezervatit Natyror të Menaxhuar	National	MPA with a national statute	Marine Protected Area	Main	IV - Habitat/species management area	{ALB}	{MAD}		7.29	43.93	43.92	0	17	Designated	2010	Not reported	National Agency for Protected Areas (NAPA) represented by RAPA Vlore in regional level.	Fully implemented		Not listed	https://www.protectedplanet.net/11661	European Environment Agency	2020-06-16	CDDA_v18_29-05-2020
7	7	332698			Lumi i Bunes-Velipoje	Lumi i Bunes-Velipoje	Protected Landscape (Albania)	Peizazh i Mbrojtur	National	MPA with a national statute	Marine Protected Area	Main	V - Protected landscape/seascape	{ALB}	{MAD}		9.47	230.27	230.18	0	4	Designated	2005	Federal or national ministry or agency	National Agency for Protected Areas (NAPA) represented by RAPA Vlore in regional level.	Fully implemented		Not listed	https://www.protectedplanet.net/332698	European Environment Agency	2020-06-16	CDDA_v18_29-05-2020
8	8	11663			Patok-Fushekuqe-Ishem	Patok-Fushekuqe-Ishem	Managed Nature Reserve (Albania)	Rezervatit Natyror të Menaxhuar	National	MPA with a national statute	Marine Protected Area	Main	IV - Habitat/species management area	{ALB}	{MAD}		8.04	50.01	49.99	0	16	Designated	2010	Not reported	National Agency for Protected Areas (NAPA) represented by RAPA Vlore in regional level.	Fully implemented		Not listed	https://www.protectedplanet.net/11663	European Environment Agency	2020-06-16	CDDA_v18_29-05-2020
1354	1354				The Eratosthenes Seamount	The Eratosthenes Seamount	Protection of Vulnerable Marine Ecosystems (VME)	Protection of Vulnerable Marine Ecosystems (VME)	Regional	Fisheries Restricted Area (VME)	OECM (potential)	Main	Not applicable	{CYP,EGY}	{MAL}	10306.0	10306.22	10306.0	10306.25	100	100	Designated	2006	Not reported	Not reported	Not reported		Not listed	http://www.fao.org/gfcm/data/maps/fras	General Fisheries Commission for the Mediterranean (GFCM)	2020-02-07	Data downloaded from the GFCM website in July 2020 (http://www.fao.org/gfcm/data/map-fisheries-restricted-areas/en).
333			CY5000005		AKROTIRIO ASPRO - PETRA ROMIOU	AKROTIRIO ASPRO - PETRA ROMIOU	SPA (Birds Directive) + SAC (Habitats Directive)	SPA (Birds Directive) + SAC (Habitats Directive)	Regional	Marine Natura 2000 site	Marine Protected Area	Not reported	Not reported	{CYP}	{MAL}	21.16	20.55	24.89	24.91	85	82	Designated	2005	Not reported	Not reported	Not reported		Not listed	https://natura2000.eea.europa.eu/?query=Natura2000Sites_9883_0,SITECODE,CY5000005	European Environment Agency	2020-06-19	N2K_end2019_21-04-2020
334		555516669	CY4000010		CHERSONISOS AKAMA	CHERSONISOS AKAMA	Proposed Site of Community Importance (Habitats Directive)	Proposed Site of Community Importance (Habitats Directive)	Regional	Marine Natura 2000 proposed site	Site of conservation interest	Not reported	Not reported	{CYP}	{MAL}	78.82	77.97	179.14	179.27	44	43	Proposed	2010	Federal or national ministry or agency	Department of Fisheries and Marine Research (only for the marine part) / Department of Environment (for the whole area)	Fully implemented	http://www.moa.gov.cy/moa/environment/environmentnew.nsf/All/523C67F6DE748DDCC22580840032C35A?OpenDocument	Not listed	https://natura2000.eea.europa.eu/?query=Natura2000Sites_9883_0,SITECODE,CY4000010	European Environment Agency	2020-06-19	N2K_end2019_21-04-2020
335			CY3000005		KAVO GKREKO	KAVO GKREKO	Site of Community Importance (Habitats Directive)	Site of Community Importance (Habitats Directive)	Regional	Marine Natura 2000 site	Marine Protected Area	Not reported	Not reported	{CYP}	{MAL}	9.57	2.78	18.76	11.82	51	24	Designated	2008	Federal or national ministry or agency	Department of Environment & Department of Fisheries and Marine Research (for the marine part)	Partially implemented		Not listed	https://natura2000.eea.europa.eu/?query=Natura2000Sites_9883_0,SITECODE,CY3000005	European Environment Agency	2020-06-19	N2K_end2019_21-04-2020
1576	1576				Kakoskali	Κακοσκάλι	Marine Protected Area (Cyprus)	Θαλάσσια Προστατευόμενη Περιοχή	National	MPA with a national statute	Marine Protected Area	Main	Not assigned	{CYP}	{MAL}	3.79	3.79	3.79	3.79	100	100	Designated	2019	Not reported	Department of Fisheries & Marine Research	Not reported		Not listed		Ministry of Agriculture, Rural Development and Environment	2020-06-16	GIS layer from the Department of Fisheries and Marine Research (DFMR)
1518	1518	555596200			Kavo Gkreko	Κάβο Γκρέκο	Marine Protected Area (Cyprus)	Θαλάσσια Προστατευόμενη Περιοχή	National	MPA with a national statute	Marine Protected Area	Main	Ia - Strict nature reserve	{CYP}	{MAL}	9.62	6.63	9.62	7.16	100	93	Designated	2018	Federal or national ministry or agency	Department of Fisheries and Marine Research	Partially implemented		Not listed	https://www.protectedplanet.net/555596200	Ministry of Agriculture, Rural Development and Environment	2020-06-16	GIS layer from the Department of Fisheries and Marine Research (DFMR)
337	336	555599911			Lara – Toxeftra Turtle Reserve	Lara – Toxeftra Turtle Reserve	SPAMI	Specially Protected Area of Mediterranean Importance	Regional	SPAMI	Marine Protected Area	Secondary	Not assigned	{CYP}	{MAL}	6.0	6.03	7.21	7.22	83	84	Adopted	2013	Not reported	Not reported	Not reported		Not listed	http://rac-spa.org/spami	Ministry of Agriculture, Rural Development and Environment	2021-01-20	GIS layer identical to that of the Marine Protected Area (WDPA ID: 555596198, modified)
336	336	555596198			Lara-Toxeftra	Λάρα Τοξεύτρα	Marine Protected Area (Cyprus)	Θαλάσσια Προστατευόμενη Περιοχή	National	MPA with a national statute	Marine Protected Area	Main	Ia - Strict nature reserve	{CYP}	{MAL}	6.0	6.03	7.21	7.22	83	84	Designated	1989	Federal or national ministry or agency	Department of Fisheries and Marine Research of the Ministry of Agriculture, Rural Development and Environment	Partially implemented		Not listed	https://www.protectedplanet.net/555596198	Ministry of Agriculture, Rural Development and Environment	2021-01-20	GIS layer from the Department of Fisheries and Marine Research (DFMR)
1539	1539				Mpania	Μπάνια	Marine Protected Area (Cyprus)	Θαλάσσια Προστατευόμενη Περιοχή	National	MPA with a national statute	Marine Protected Area	Main	Not assigned	{CYP}	{MAL}	0.1	0.06	0.1	0.09	100	67	Designated	2017	Federal or national ministry or agency	Department of Fisheries and Marine Research	Inexistent		Not listed		Ministry of Agriculture, Rural Development and Environment	2020-06-16	GIS layer from the Department of Fisheries and Marine Research (DFMR)
1577			CY4000024		OCEANID	OCEANID	Proposed Site of Community Importance (Habitats Directive)	Proposed Site of Community Importance (Habitats Directive)	Regional	Marine Natura 2000 proposed site	Site of conservation interest	Not reported	Not reported	{CYP}	{MAL}	8326.23	8331.62	8326.23	8331.61	100	100	Proposed	2019	Not reported	Not reported	Not reported		Not listed	https://natura2000.eea.europa.eu/?query=Natura2000Sites_9883_0,SITECODE,CY4000024	European Environment Agency	2020-06-19	N2K_end2019_21-04-2020
338		555516662	CY4000001		PERIOCHI POLIS - GIALIA	PERIOCHI POLIS - GIALIA	Special Area of Conservation (Habitats Directive)	Special Area of Conservation (Habitats Directive)	Regional	Marine Natura 2000 site	Marine Protected Area	Not reported	Not reported	{CYP}	{MAL}	16.63	16.93	17.5	17.51	95	97	Designated	2008	Not reported	Department of Fisheries and Marine Research	Fully implemented	http://www.moa.gov.cy/moa/environment/environmentnew.nsf/All/523C67F6DE748DDCC22580840032C35A?OpenDocument	Not listed	https://natura2000.eea.europa.eu/?query=Natura2000Sites_9883_0,SITECODE,CY4000001	European Environment Agency	2020-06-19	N2K_end2019_21-04-2020
1540	1540				Peyia sea caves	Θαλάσσιες σπηλιές της Πέγιας	Marine Protected Area (Cyprus)	Θαλάσσια Προστατευόμενη Περιοχή	National	MPA with a national statute	Marine Protected Area	Main	Not assigned	{CYP}	{MAL}	0.52	0.38	0.52	0.51	100	75	Designated	2019	Federal or national ministry or agency	Department of Fisheries and Marine Research	Partially implemented		Not listed		Ministry of Agriculture, Rural Development and Environment	2020-06-16	GIS layer from the Department of Fisheries and Marine Research (DFMR)
1542		555623079	CY3000002		SPA KAVO GKREKO	SPA KAVO GKREKO	Special Protection Area (Birds Directive)	Special Protection Area (Birds Directive)	Regional	Marine Natura 2000 site	Marine Protected Area	Not reported	Not reported	{CYP}	{MAL}	9.67	9.1	18.96	18.97	51	48	Designated	2007	Federal or national ministry or agency	Department of Environment & Department of Fisheries and Marine Research (for the marine part)	Fully implemented	http://www.moi.gov.cy/moi/Wildlife/wildlife_new.nsf/All/6D33B5DB087AA3C6C22580E60031B10C?OpenDocument	Not listed	https://natura2000.eea.europa.eu/?query=Natura2000Sites_9883_0,SITECODE,CY3000002	European Environment Agency	2020-06-19	N2K_end2019_21-04-2020
339		555516666	CY4000006		THALASSIA PERIOCHI MOULIA	THALASSIA PERIOCHI MOULIA	Site of Community Importance (Habitats Directive)	Site of Community Importance (Habitats Directive)	Regional	Marine Natura 2000 site	Marine Protected Area	Not reported	Not reported	{CYP}	{MAL}	2.0	2.0	2.0	2.0	100	100	Designated	2008	Not reported	Department of Environment	Not reported		Not listed	https://natura2000.eea.europa.eu/?query=Natura2000Sites_9883_0,SITECODE,CY4000006	European Environment Agency	2020-06-19	N2K_end2019_21-04-2020
340		555516661	CY3000006		THALASSIA PERIOCHI NISIA	THALASSIA PERIOCHI NISIA	Site of Community Importance (Habitats Directive)	Site of Community Importance (Habitats Directive)	Regional	Marine Natura 2000 site	Marine Protected Area	Not reported	Not reported	{CYP}	{MAL}	1.91	1.76	1.91	1.91	100	92	Designated	2008	Not reported	Department of Fisheries and Marine Research	Not reported		Not listed	https://natura2000.eea.europa.eu/?query=Natura2000Sites_9883_0,SITECODE,CY3000006	European Environment Agency	2020-06-19	N2K_end2019_21-04-2020
341		555537187	CY4000023		ZONI EIDIKIS PROSTASIAS CHERSONISOS AKAMA	ZONI EIDIKIS PROSTASIAS CHERSONISOS AKAMA	SPA (Birds Directive) + pSCI (Habitats Directive)	SPA (Birds Directive) + pSCI (Habitats Directive)	Regional	Marine Natura 2000 site	Marine Protected Area	Not reported	Not reported	{CYP}	{MAL}	79.56	77.97	180.82	180.95	44	43	Designated	2009	Not reported	Game and Fauna Services	Fully implemented	http://www.moi.gov.cy/moi/Wildlife/wildlife_new.nsf/All/6D33B5DB087AA3C6C22580E60031B10C?OpenDocument	Not listed	https://natura2000.eea.europa.eu/?query=Natura2000Sites_9883_0,SITECODE,CY4000023	European Environment Agency	2020-06-19	N2K_end2019_21-04-2020
11	11	555599910			Banc des Kabyles Marine Reserve	Banc des Kabyles Marine Reserve	SPAMI	Specially Protected Area of Mediterranean Importance	Regional	SPAMI	Marine Protected Area	Main	Not assigned	{DZA}	{MWE}	6.0	4.01	6.0	4.01	100	100	Adopted	2005	Not reported	Not reported	Not reported		Not listed	http://www.rac-spa.org/sites/default/files/doc_spamis/spamis/01_banc_kabyles.pdf	Taza National Park		GIS layer digitised by MedPAN from Google Earth. Based on Taza National Park marine area zoning map.
1578	1578	555698157			Cap Lindles	رأس لندلس	Nature Reserve (Algeria)	محمية طبيعية	National	MPA with a national statute	Marine Protected Area	Main	Ia - Strict nature reserve	{DZA}	{MWE}	42.83	42.5	59.15	59.01	72	72	Designated	2019	Federal or national ministry or agency	Ministère de l'Agriculture et du développement Rural	Not reported		Not listed	https://www.protectedplanet.net/555698157	Algérie Direction Générale des Forêts	2020-07-21	WDPA_Jul2020
14		900574		1056	Complexe de zones humides de la plaine de Guerbes-Sanhadja	Complexe de zones humides de la plaine de Guerbes-Sanhadja	Ramsar site	Ramsar site	International	Ramsar site	Site of conservation interest	Not reported	Not reported	{DZA}	{MWE}	0.0	3.15	421.0	421.01	0	1	Designated	2001	Not reported	Not reported	Not reported		Not listed	https://rsis.ramsar.org/ris/1056	Not Reported	2014-01-01	GIS layer digitised by MedPAN from Google Earth. Based on Atlas des Zones Humides Algériennes d'Importance Internationale (2ème édition).
26	25	555599909			Habibas Islands	Habibas Islands	SPAMI	Specially Protected Area of Mediterranean Importance	Regional	SPAMI	Marine Protected Area	Secondary	Not assigned	{DZA}	{MWE}	26.8	25.57	27.2	26.36	99	97	Adopted	2005	Not reported	National Coastal Commission	Not reported		Candidate	http://www.rac-spa.org/sites/default/files/doc_spamis/spamis/02_habibas_island.pdf	Commissariat National du Littoral	2013-01-12	GIS layer identical to that of the Marine Nature Reserve (WDPA ID: 19571)
1579	1579				Ile Plane (Paloma)	جزيرة بالوما	Nature Reserve (Algeria)	محمية طبيعية	National	MPA with a national statute	Marine Protected Area	Main	Not assigned	{DZA}	{MWE}		22.05		22.13		100	Designated	2018	Not reported	Not reported	Not reported		Not listed	https://www.ouestribune-dz.com/fr/lile-paloma-classee-aire-marine-protegee/	SPA/RAC	2020-07-21	GIS layer received from SPA/RAC the 21/07/2020
21		555542733		1961	Ile de Rachgoun	Ile de Rachgoun	Ramsar site	Ramsar site	International	Ramsar site	Site of conservation interest	Not reported	Not reported	{DZA}	{MWE}	0.4	0.24	0.66	0.65	61	37	Designated	2011	Not reported	Not reported	Inexistent		Not listed	https://rsis.ramsar.org/ris/1961	Ramsar Sites Information Service	2013-01-12	GIS layer digitised by MedPAN from Google Earth. Based on the map provided on Ramsar Sites Database.
25	25	19571			Iles Habibas	جزر حبيباس	Marine Nature Reserve (Algeria)	محمية بحرية طبيعية	National	MPA with a national statute	Marine Protected Area	Main	III - Natural monument or feature	{DZA}	{MWE}	26.8	25.57	27.2	26.36	99	97	Designated	2003	Federal or national ministry or agency	Commissariat National du Littoral	Partially implemented		Not listed	https://www.protectedplanet.net/19571	Commissariat National du Littoral	2013-01-12	GIS layer digitised by MedPAN using Google Earth. Based on the creation decree (n°03-147, 29 March 2003).
33		902851		1424	Réserve Intégrale du Lac El Mellah	Réserve Intégrale du Lac El Mellah	Ramsar site	Ramsar site	International	Ramsar site	Site of conservation interest	Not reported	Not reported	{DZA}	{MWE}	0.0	4.49	22.57	25.18	0	18	Designated	2004	Not reported	Not reported	Not reported		Not listed	https://rsis.ramsar.org/ris/1424	Ramsar Sites Information Service	2014-01-01	GIS layer digitised by MedPAN from Google Earth. Based on the map provided on Ramsar Sites Database.
1581		901232		1303	Réserve Naturelle du Lac de Béni-Bélaïd	Réserve Naturelle du Lac de Béni-Bélaïd	Ramsar site	Ramsar site	International	Ramsar site	Site of conservation interest	Not reported	Not reported	{DZA}	{MWE}		3.05	6.0	6.0	0	51	Designated	2003	Not reported	Not reported	Inexistent		Not listed	https://rsis.ramsar.org/ris/1303	Ramsar Sites Information Service	2020-06-22	Ramsar_21-04-2020
34	1580	901233		1304	Réserve Naturelle du Lac de Réghaïa	Réserve Naturelle du Lac de Réghaïa	Ramsar site	Ramsar site	International	Ramsar site	Site of conservation interest	Secondary	Not reported	{DZA}	{MWE}	0.0	4.9	8.42	8.42	0	58	Designated	2003	Not reported	Not reported	Not reported		Not listed	https://rsis.ramsar.org/ris/1304	Ramsar Sites Information Service	2013-01-12	GIS layer digitised by MedPAN from Google Earth. Based on the map provided on Ramsar Sites Database.
38		555542683		1898	Vallée de l'oued Soummam	Vallée de l'oued Soummam	Ramsar site	Ramsar site	International	Ramsar site	Site of conservation interest	Not reported	Not reported	{DZA}	{MWE}	0.0	1.35	124.53	119.75	0	1	Designated	2009	Not reported	Not reported	Not reported		Not listed	https://rsis.ramsar.org/ris/1898	Ramsar Sites Information Service	2013-01-12	GIS layer digitised by MedPAN from Google Earth. Based on the map provided on Ramsar Sites Database.
1353	1353				The Nile delta area cold hydrocarbon seeps	The Nile delta area cold hydrocarbon seeps	Protection of Vulnerable Marine Ecosystems (VME)	Protection of Vulnerable Marine Ecosystems (VME)	Regional	Fisheries Restricted Area (VME)	OECM (potential)	Main	Not applicable	{EGY,ISR}	{MAL}	4377.0	4377.47	4377.0	4382.7	100	100	Designated	2006	Not reported	Not reported	Not reported		Not listed	http://www.fao.org/gfcm/data/maps/fras	General Fisheries Commission for the Mediterranean (GFCM)	2020-02-07	Data downloaded from the GFCM website in July 2020 (http://www.fao.org/gfcm/data/map-fisheries-restricted-areas/en).
353	353	555543026			El-Salum	السلوم	Marine Protected Area (Egypt)	محمية بحرية	National	MPA with a national statute	Marine Protected Area	Main	Not reported	{EGY}	{MAL}	326.91	330.41	380.0	414.51	86	80	Designated	2010	Federal or national ministry or agency	Nature Conservation Sector - Egyptian Environmental Affairs Agency-Ministry of Environment- prime ministry	Inexistent		Not listed	https://www.protectedplanet.net/555543026	Egyptian Environmental Affairs Agency		Egyptian Environmental Affairs Agency (EEAA)
348		17724		407	Lake Bardawil	Lake Bardawil	Ramsar site	Ramsar site	International	Ramsar site	Site of conservation interest	Not reported	Not reported	{EGY}	{MAL}	0.0	493.86	595.0	572.96	0	86	Designated	1988	Not reported	Not reported	Not reported		Not listed	https://rsis.ramsar.org/ris/407	Birdlife International	2015-01-09	GIS layer based on the one provided by Birdlife International (http://www.birdlife.org/) in January 2014 for the Lake Bardawil IBA. It was slightly modified by MedPAN so that it coincides with the polygon of the adjacent Nature Protectorate (Zaranik).
354	354	312966			Zaranik	الزرانيق	Nature Reserve (Egypt)	محمية طبيعية	National	MPA with a national statute	Marine Protected Area	Main	IV - Habitat/species management area	{EGY}	{MAL}	0.0	44.49	250.0	231.95	0	19	Designated	1996	Not reported	Egyptian Environmental Affairs Agency - Nature Conservation Sector	Inexistent		Not listed	https://www.protectedplanet.net/312966	Egyptian Environmental Affairs Agency	2014-01-01	GIS layer digitised by MedPAN using Google Earth. Based on Management Plan for Zaranik Protected Area (2000 - 2010)
966	966				Intercontinental BR of the Mediterranean	Intercontinental BR of the Mediterranean	Biosphere Reserve	Biosphere Reserve	International	Biosphere reserve	Site of conservation interest	Main	Not applicable	{ESP,MAR}	{MWE}	188.55	245.68	8941.35	8826.8	2	3	Designated	2006	Transboundary governance	Comité mixte regroupant des membres représentant le Ministère de l’Environnement Régional de l’Andalousie et le Ministère de l’Environnement de Madrid (Espagne) + le Haut Commissariat aux Eaux et Forêts et à la Lutte contre la Désertification à Rabat et la Direction Régionale des Eaux et Forêts et de la Lutte contre la Désertification du Rif à Tétouan (Maroc) 	Inexistent		Not listed	https://en.unesco.org/biosphere/wnbr/mediterranean	Secretaría General de Pesca (MAPA)		Not Reported
979	979	349187			Acantilados de Maro-Cerro Gordo	Acantilados de Maro-Cerro Gordo	Nature Place (Spain)	Paraje Natural	National	MPA with a national statute	Marine Protected Area	Main	II - National park	{ESP}	{MWE}	15.3	15.09	19.13	19.14	80	79	Designated	1989	Government-delegated management	Consejería de Agricultura, Ganadería, Pesca y Desarrollo Sostenible 	Partially implemented		Not listed	https://www.protectedplanet.net/349187	European Environment Agency	2020-06-16	CDDA_v18_29-05-2020
981	979		ES6170002		Acantilados de Maro-Cerro Gordo	Acantilados de Maro-Cerro Gordo	SPA (Birds Directive) + SAC (Habitats Directive)	SPA (Birds Directive) + SAC (Habitats Directive)	Regional	Marine Natura 2000 site	Marine Protected Area	Secondary	Not reported	{ESP}	{MWE}	15.3	15.09	19.13	19.14	80	79	Designated	2002	Not reported	Not reported	Not reported		Not listed	https://natura2000.eea.europa.eu/?query=Natura2000Sites_9883_0,SITECODE,ES6170002	European Environment Agency	2020-06-19	N2K_end2019_21-04-2020
1083		555523926	ES6140013		Acantilados y Fondos Marinos Tesorillo-Salobreña	Acantilados y Fondos Marinos Tesorillo-Salobreña	Special Area of Conservation (Habitats Directive)	Special Area of Conservation (Habitats Directive)	Regional	Marine Natura 2000 site	Marine Protected Area	Not reported	Not reported	{ESP}	{MWE}	10.24	10.0	10.45	10.46	98	96	Designated	2006	Not reported	DIRECCIÓN GENERAL DE GESTIÓN DEL MEDIO NATURAL Y ESPACIOS PROTEGIDOS. CONSEJERÍA DE MEDIO AMBIENTE Y ORDENACIÓN DEL TERRITORIO. JUNTA DE ANDALUCÍA.	Fully implemented	http://juntadeandalucia.es/eboja/2015/193/BOJA15-193-00002-16129-01_00077111.pdf	Not listed	https://natura2000.eea.europa.eu/?query=Natura2000Sites_9883_0,SITECODE,ES6140013	European Environment Agency	2020-06-19	N2K_end2019_21-04-2020
983			ES6140014		Acantilados y Fondos Marinos de Calahonda-Castell de Ferro	Acantilados y Fondos Marinos de Calahonda-Castell de Ferro	Special Area of Conservation (Habitats Directive)	Special Area of Conservation (Habitats Directive)	Regional	Marine Natura 2000 site	Marine Protected Area	Not reported	Not reported	{ESP}	{MWE}	8.95	8.73	9.73	9.73	92	90	Designated	2006	Not reported	Not reported	Not reported		Not listed	https://natura2000.eea.europa.eu/?query=Natura2000Sites_9883_0,SITECODE,ES6140014	European Environment Agency	2020-06-19	N2K_end2019_21-04-2020
984			ES6140016		Acantilados y Fondos Marinos de La Punta de La Mona	Acantilados y Fondos Marinos de La Punta de La Mona	Special Area of Conservation (Habitats Directive)	Special Area of Conservation (Habitats Directive)	Regional	Marine Natura 2000 site	Marine Protected Area	Not reported	Not reported	{ESP}	{MWE}	1.21	1.15	1.25	1.25	97	92	Designated	2006	Not reported	Not reported	Not reported		Not listed	https://natura2000.eea.europa.eu/?query=Natura2000Sites_9883_0,SITECODE,ES6140016	European Environment Agency	2020-06-19	N2K_end2019_21-04-2020
986	985	389077			Aiguamolls de l'Alt Emporda	Aiguamolls de l'Alt Emporda	Plan for Areas of Natural Interest (Spain, Catalonia)	Pla d'Espais d'Interès Natural	National	MPA with a national statute	Marine Protected Area	Secondary	V - Protected landscape/seascape	{ESP}	{MWE}	59.05	59.75	108.96	108.37	54	55	Designated	1992	Not reported	Generalitat de Catalunya - Department of Agriculture, Livestock, Fisheries and Food	Inexistent		Not listed	https://www.protectedplanet.net/389077	European Environment Agency	2020-06-16	CDDA_v18_29-05-2020
985	985		ES0000019		Aiguamolls de l'Alt Empordà	Aiguamolls de l'Alt Empordà	SPA (Birds Directive) + SAC (Habitats Directive)	SPA (Birds Directive) + SAC (Habitats Directive)	Regional	Marine Natura 2000 site	Marine Protected Area	Main	Not reported	{ESP}	{MWE}	58.47	59.73	108.28	108.36	54	55	Designated	1988	Not reported	Generalitat de Catalunya - Department of Agriculture, Livestock, Fisheries and Food	Not reported		Not listed	https://natura2000.eea.europa.eu/?query=Natura2000Sites_9883_0,SITECODE,ES0000019	European Environment Agency	2020-06-19	N2K_end2019_21-04-2020
1101	1102	365006			Alboran Island	Alboran Island	SPAMI	Specially Protected Area of Mediterranean Importance	Regional	SPAMI	Marine Protected Area	Secondary	Not assigned	{ESP}	{MWE}	263.7	264.04	263.7	263.97	100	100	Adopted	2007	Not reported	Comunidad Autonoma de Andalucia	Not reported		Not listed	http://www.rac-spa.org/sites/default/files/doc_spamis/spamis/13_alboran.pdf	European Environment Agency	2020-06-16	GIS layer identical to that of the Nature Place (WDPA ID: 349166)
987	1102		ES6110015		Alborán	Alborán	Site of Community Importance (Habitats Directive)	Site of Community Importance (Habitats Directive)	Regional	Marine Natura 2000 site	Marine Protected Area	Secondary	Not reported	{ESP}	{MWE}	263.75	264.11	263.75	263.96	100	100	Designated	2006	Not reported	Not reported	Not reported		Not listed	https://natura2000.eea.europa.eu/?query=Natura2000Sites_9883_0,SITECODE,ES6110015	European Environment Agency	2020-06-19	N2K_end2019_21-04-2020
1100	1102	349166			Alborán	Alborán	Nature Place (Spain)	Paraje Natural	National	MPA with a national statute	Marine Protected Area	Secondary	II - National park	{ESP}	{MWE}	263.75	264.04	263.75	263.97	100	100	Designated	2003	Sub-national ministry or agency	Regarding Paraje Natural Isla de Alboran the management organisation depends on General Administration of Nature, Biodiversity and Protected Areas (General Secretary of Environment and Climatic Change) of the Andalucia Government. However this natural área is also a site of the Specially Protected Areas of Mediterranean Importance (SPAMI) Network and a Marine reserve of fishing interest. According to both figures of protection, the management organisation depends on the Ministry for ecological transition and the demographic challenge  (SPAMI) and on the General Secretary of fisheries of the Ministry of agriculture, fisheries and food (Marine reserve of fishing interest).	Inexistent		Not listed	https://www.protectedplanet.net/349166	European Environment Agency	2020-06-16	CDDA_v18_29-05-2020
988		555523717	ES5222007		Alguers de Borriana-Nules-Moncofa	Alguers de Borriana-Nules-Moncofa	Proposed Site of Community Importance (Habitats Directive)	Proposed Site of Community Importance (Habitats Directive)	Regional	Marine Natura 2000 proposed site	Site of conservation interest	Not reported	Not reported	{ESP}	{MWE}	40.82	40.5	40.82	40.79	100	99	Proposed	2001	Not reported	Dirección General de Sostenibilidad de la Costa y del Mar - Ministerio de Agricultura, Alimentación y Medio Ambiente	Not reported		Not listed	https://natura2000.eea.europa.eu/?query=Natura2000Sites_9883_0,SITECODE,ES5222007	European Environment Agency	2020-06-19	N2K_end2019_21-04-2020
990	989	365008			Archipelago of Cabrera National Park	Archipelago of Cabrera National Park	SPAMI	Specially Protected Area of Mediterranean Importance	Regional	SPAMI	Marine Protected Area	Secondary	Not assigned	{ESP}	{MWE}	87.72	86.31	100.87	100.34	87	86	Adopted	2003	Not reported	Illes Balears	Not reported		Not listed	http://www.rac-spa.org/sites/default/files/doc_spamis/spamis/15_cabrera.pdf	Secretaría General de Pesca (MAPA)		GIS layer identical to that of the National Park (WDPA ID: 196045). Extension in the process of validation.
989	989	196045			Archipielago de Cabrera	Archipielago de Cabrera	National Park (Spain)	Parque Nacional	National	MPA with a national statute	Marine Protected Area	Main	II - National park	{ESP}	{MWE}	914.2	895.24	914.2	908.73	100	98	Designated	1991	Sub-national ministry or agency	Cabrera Archipelago Marine-terrestrial National Park	Partially implemented		Not listed	http://www.caib.es/sacmicrofront/contenido.do?idsite=34&cont=21479	European Environment Agency	2020-06-16	CDDA_v18_29-05-2020 (extension in 2019)
1002		555523813	ES5310075		Arenal de Son Saura	Arenal de Son Saura	Site of Community Importance (Habitats Directive)	Site of Community Importance (Habitats Directive)	Regional	Marine Natura 2000 site	Marine Protected Area	Not reported	Not reported	{ESP}	{MWE}	3.46	3.23	3.46	3.46	100	93	Designated	2006	Not reported	Dirección General de Medio Natural, Educación Ambiental Y Cambio Climático. Gobierno de las Islas Baleares	Not reported		Not listed	https://natura2000.eea.europa.eu/?query=Natura2000Sites_9883_0,SITECODE,ES5310075	European Environment Agency	2020-06-19	N2K_end2019_21-04-2020
1003	1003	20934			Arrecife Barrera de Posidonia	Arrecife Barrera de Posidonia	Natural Monument (Spain)	Monumento Natural	National	MPA with a national statute	Marine Protected Area	Main	III - Natural monument or feature	{ESP}	{MWE}	0.98	0.97	1.08	1.08	90	90	Designated	2001	Sub-national ministry or agency	Natural Areas Service. Territorial Office of Andalucian Regional Ministry of Agriculture, Livestock, Fisheries and Sustainable Developmen. Regional Government of Andalucia.	Partially implemented		Not listed	https://www.protectedplanet.net/20934	European Environment Agency	2020-06-16	CDDA_v18_29-05-2020
1004	1003	555523878	ES6110019		Arrecifes de Roquetas de Mar	Arrecifes de Roquetas de Mar	Special Area of Conservation (Habitats Directive)	Special Area of Conservation (Habitats Directive)	Regional	Marine Natura 2000 site	Marine Protected Area	Secondary	Not reported	{ESP}	{MWE}	2.08	2.08	2.08	2.08	100	100	Designated	2016	Not reported	Dirección General de Sostenibilidad de la Costa y del Mar - Ministerio de Agricultura, Alimentación y Medio Ambiente	Fully implemented	https://www.boe.es/diario_boe/txt.php?id=BOE-A-2016-7738	Not listed	https://natura2000.eea.europa.eu/?query=Natura2000Sites_9883_0,SITECODE,ES6110019	European Environment Agency	2020-06-19	N2K_end2019_21-04-2020
1005			ES0000083		Arxipèlag de Cabrera	Arxipèlag de Cabrera	SPA (Birds Directive) + SAC (Habitats Directive)	SPA (Birds Directive) + SAC (Habitats Directive)	Regional	Marine Natura 2000 site	Marine Protected Area	Secondary	Not reported	{ESP}	{MWE}	192.98	190.03	205.3	205.46	94	92	Designated	2006	Not reported	Not reported	Not reported		Not listed	https://natura2000.eea.europa.eu/?query=Natura2000Sites_9883_0,SITECODE,ES0000083	European Environment Agency	2020-06-19	N2K_end2019_21-04-2020
1009	1009				Badia de Palma	Badia de Palma	Marine Reserve (Spain, Balearic Islands)	Reserve Marine de les Illes Balears	National	MPA with a national statute	Marine Protected Area	Main	IV - Habitat/species management area	{ESP}	{MWE}	23.94	23.53	23.94	23.81	100	99	Designated	1982	Sub-national ministry or agency	Balearic Islands Government	Inexistent		Not listed	http://www.caib.es/sites/reservesmarines/ca/descripcio-853/	Govern de les Illes Balears	2020-06-17	Spatial Data Infrastructure of the Balearic Islands
1006		555523762	ES5310005		Badies de Pollença i Alcúdia	Badies de Pollença i Alcúdia	Site of Community Importance (Habitats Directive)	Site of Community Importance (Habitats Directive)	Regional	Marine Natura 2000 site	Marine Protected Area	Not reported	Not reported	{ESP}	{MWE}	307.48	305.46	307.48	307.72	100	99	Designated	2006	Not reported	Dirección General de Medio Natural, Educación Ambiental Y Cambio Climático. Gobierno de las Islas Baleares	Not reported		Not listed	https://natura2000.eea.europa.eu/?query=Natura2000Sites_9883_0,SITECODE,ES5310005	European Environment Agency	2020-06-19	N2K_end2019_21-04-2020
1007		555593056	ES0000506		Bahía de Almería	Bahía de Almería	Special Protection Area (Birds Directive)	Special Protection Area (Birds Directive)	Regional	Marine Natura 2000 site	Marine Protected Area	Not reported	Not reported	{ESP}	{MWE}	1267.82	1270.35	1267.82	1268.76	100	100	Designated	2014	Not reported	Dirección General de Sostenibilidad de la Costa y del Mar - Ministerio de Agricultura, Alimentación y Medio Ambiente	Not reported		Not listed	https://natura2000.eea.europa.eu/?query=Natura2000Sites_9883_0,SITECODE,ES0000506	European Environment Agency	2020-06-19	N2K_end2019_21-04-2020
1008	979	555593054	ES0000504		Bahía de Málaga-Cerro Gordo	Bahía de Málaga-Cerro Gordo	Special Protection Area (Birds Directive)	Special Protection Area (Birds Directive)	Regional	Marine Natura 2000 site	Marine Protected Area	Secondary	Not reported	{ESP}	{MWE}	609.85	611.21	609.85	610.18	100	100	Designated	2014	Not reported	Dirección General de Sostenibilidad de la Costa y del Mar - Ministerio de Agricultura, Alimentación y Medio Ambiente	Not reported		Not listed	https://natura2000.eea.europa.eu/?query=Natura2000Sites_9883_0,SITECODE,ES0000504	European Environment Agency	2020-06-19	N2K_end2019_21-04-2020
1015	1015	555552487			Cabo De Palos - Islas Hormigas	Cabo De Palos - Islas Hormigas	Marine Reserve (Spain)	Reserva Marina	National	MPA with a national statute	Marine Protected Area	Main	VI - Protected area with sustainable use of natural resources	{ESP}	{MWE}	19.31	19.26	19.31	19.31	100	100	Designated	1995	Not reported	Secretaría General de Pesca (MAPA) y Consejería de Agua, Agricultura, Ganadería, Pesca y Medio Ambiente de la Región de Murcia	Fully implemented		Not listed	https://www.mapa.gob.es/es/pesca/temas/proteccion-recursos-pesqueros/reservas-marinas-de-espana/cabo-de-palos-islas-hormigas/	European Environment Agency	2020-06-16	CDDA_v18_29-05-2020
1537	1537	555596224			Cabo Tiñoso	Cabo Tiñoso	Marine Reserve (Spain)	Reserva Marina	National	MPA with a national statute	Marine Protected Area	Main	VI - Protected area with sustainable use of natural resources	{ESP}	{MWE}	11.4	10.92	11.4	11.4	100	96	Designated	2016	Not reported	Secretaría General de Pesca (MAPA) y Consejería de Agua, Agricultura, Ganadería, Pesca y Medio Ambiente de la Región de Murcia	Fully implemented		Not listed	https://www.mapa.gob.es/es/pesca/temas/proteccion-recursos-pesqueros/reservas-marinas-de-espana/cabo-tinoso/	European Environment Agency	2020-06-16	CDDA_v18_29-05-2020
1011	1013	555548901			Cabo de Gata-Nijar Natural Park	Cabo de Gata-Nijar Natural Park	SPAMI	Specially Protected Area of Mediterranean Importance	Regional	SPAMI	Marine Protected Area	Secondary	Not assigned	{ESP}	{MWE}	120.76	117.53	495.47	495.43	24	24	Adopted	2007	Not reported	Region of Andalusia - Department of Environment and Spatial Planning	Fully implemented	http://www.juntadeandalucia.es/medioambiente/site/portalweb/menuitem.7e1cf46ddf59bb227a9ebe205510e1ca/?vgnextoid=c0ff85cc0cc08010VgnVCM1000000624e50aRCRD&vgnextchannel=88364e5bf01f4310VgnVCM1000001325e50aRCRD	Not listed	http://www.rac-spa.org/sites/default/files/doc_spamis/spamis/14_gata_nijar.pdf	European Environment Agency	2020-06-16	GIS layer identical to that of the Nature Park (WDPA ID: 196284)
1010	1013	145809			Cabo de Gata-Níjar	Cabo de Gata-Níjar	Biosphere Reserve	Biosphere Reserve	International	Biosphere reserve	Site of conservation interest	Secondary	Not applicable	{ESP}	{MWE}	120.0	114.98	496.24	496.37	24	23	Designated	1997	Not reported	Not reported	Not reported		Not listed	https://en.unesco.org/biosphere/eu-na/cabo-gata-nijar	Secretaría General de Pesca (MAPA)		Not Reported
1012	1013	555552486			Cabo de Gata-Níjar	Cabo de Gata-Níjar	Marine Reserve (Spain)	Reserva Marina	National	MPA with a national statute	Marine Protected Area	Secondary	VI - Protected area with sustainable use of natural resources	{ESP}	{MWE}	46.13	48.94	46.13	49.14	100	100	Designated	1995	Federal or national ministry or agency	Secretaría General de Pesca (MAPA)	Fully implemented		Not listed	https://www.mapa.gob.es/es/pesca/temas/proteccion-recursos-pesqueros/reservas-marinas-de-espana/cabo-de-gata-nijar/	Secretaría General de Pesca (MAPA)	2021-02-26	GIS layer from the Secretaría General de Pesca (MAPA)
1013	1013	196284			Cabo de Gata-Níjar	Cabo de Gata-Níjar	Natural Park (Spain)	Parque Natural	National	MPA with a national statute	Marine Protected Area	Main	II - National park	{ESP}	{MWE}	120.32	117.53	495.12	495.43	24	24	Designated	1987	Not reported	Ministerio de Agricultura y Pesca, Alimentación y Medio Ambiente	Not reported		Not listed	https://www.protectedplanet.net/196284	European Environment Agency	2020-06-16	CDDA_v18_29-05-2020
1014			ES0000046		Cabo de Gata-Níjar	Cabo de Gata-Níjar	SPA (Birds Directive) + SAC (Habitats Directive)	SPA (Birds Directive) + SAC (Habitats Directive)	Regional	Marine Natura 2000 site	Marine Protected Area	Not reported	Not reported	{ESP}	{MWE}	118.83	117.53	495.12	495.43	24	24	Designated	1989	Not reported	Not reported	Not reported		Not listed	https://natura2000.eea.europa.eu/?query=Natura2000Sites_9883_0,SITECODE,ES0000046	European Environment Agency	2020-06-19	N2K_end2019_21-04-2020
1019		555523832	ES5310094		Cala Figuera	Cala Figuera	Special Area of Conservation (Habitats Directive)	Special Area of Conservation (Habitats Directive)	Regional	Marine Natura 2000 site	Marine Protected Area	Not reported	Not reported	{ESP}	{MWE}	0.67	0.62	0.67	0.67	100	93	Designated	2006	Not reported	Dirección General de Medio Natural, Educación Ambiental Y Cambio Climático. Gobierno de las Islas Baleares	Fully implemented	http://www.caib.es/eboibfront/es/2015/10315/565417/decreto-49-2015-de-22-de-mayo-por-el-que-se-aprueb?&idEnviament=565417&mode=view&numero=10315	Not listed	https://natura2000.eea.europa.eu/?query=Natura2000Sites_9883_0,SITECODE,ES5310094	European Environment Agency	2020-06-19	N2K_end2019_21-04-2020
1017		555523807	ES5310069		Cala d'Algairens	Cala d'Algairens	Site of Community Importance (Habitats Directive)	Site of Community Importance (Habitats Directive)	Regional	Marine Natura 2000 site	Marine Protected Area	Not reported	Not reported	{ESP}	{MWE}	1.41	1.25	1.41	1.41	100	89	Designated	2006	Not reported	Dirección General de Medio Natural, Educación Ambiental Y Cambio Climático. Gobierno de las Islas Baleares	Not reported		Not listed	https://natura2000.eea.europa.eu/?query=Natura2000Sites_9883_0,SITECODE,ES5310069	European Environment Agency	2020-06-19	N2K_end2019_21-04-2020
1018		555523809	ES5310071		Cala en Brut	Cala en Brut	Site of Community Importance (Habitats Directive)	Site of Community Importance (Habitats Directive)	Regional	Marine Natura 2000 site	Marine Protected Area	Not reported	Not reported	{ESP}	{MWE}	0.39	0.29	0.39	0.39	100	74	Designated	2006	Not reported	Dirección General de Medio Natural, Educación Ambiental Y Cambio Climático. Gobierno de las Islas Baleares	Not reported		Not listed	https://natura2000.eea.europa.eu/?query=Natura2000Sites_9883_0,SITECODE,ES5310071	European Environment Agency	2020-06-19	N2K_end2019_21-04-2020
1020			ES6170030		Calahonda	Calahonda	Special Area of Conservation (Habitats Directive)	Special Area of Conservation (Habitats Directive)	Regional	Marine Natura 2000 site	Marine Protected Area	Not reported	Not reported	{ESP}	{MWE}	13.76	13.65	14.04	14.04	98	97	Designated	2006	Not reported	Not reported	Not reported		Not listed	https://natura2000.eea.europa.eu/?query=Natura2000Sites_9883_0,SITECODE,ES6170030	European Environment Agency	2020-06-19	N2K_end2019_21-04-2020
1022		555523810	ES5310072		Caleta de Binillautí	Caleta de Binillautí	Site of Community Importance (Habitats Directive)	Site of Community Importance (Habitats Directive)	Regional	Marine Natura 2000 site	Marine Protected Area	Not reported	Not reported	{ESP}	{MWE}	1.58	1.47	1.58	1.58	100	93	Designated	2006	Not reported	Dirección General de Medio Natural, Educación Ambiental Y Cambio Climático. Gobierno de las Islas Baleares	Not reported		Not listed	https://natura2000.eea.europa.eu/?query=Natura2000Sites_9883_0,SITECODE,ES5310072	European Environment Agency	2020-06-19	N2K_end2019_21-04-2020
1023		555593032	ESZZ16002		Canal de Menorca	Canal de Menorca	Proposed Site of Community Importance (Habitats Directive)	Proposed Site of Community Importance (Habitats Directive)	Regional	Marine Natura 2000 proposed site	Site of conservation interest	Not reported	Not reported	{ESP}	{MWE}	3353.54	3353.35	3353.54	3355.97	100	100	Proposed	2014	Not reported	Dirección General de Sostenibilidad de la Costa y del Mar- Ministerio de Agricultura,Alimentación y Medio Ambiente.	Not reported		Not listed	https://natura2000.eea.europa.eu/?query=Natura2000Sites_9883_0,SITECODE,ESZZ16002	European Environment Agency	2020-06-19	N2K_end2019_21-04-2020
1027	1026	365007			Cap De Creus	Cap De Creus	SPAMI	Specially Protected Area of Mediterranean Importance	Regional	SPAMI	Marine Protected Area	Secondary	Not assigned	{ESP}	{MWE}	30.87	28.87	139.32	138.46	22	21	Adopted	2007	Not reported	Generalitat de Catalunya - Department of Agriculture, Livestock, Fisheries and Food	Not reported		Not listed	http://www.rac-spa.org/sites/default/files/doc_spamis/spamis/17_cap_creus.pdf	European Environment Agency	2020-06-16	GIS layer identical to that of the Nature Park (WDPA ID: 349127)
1031		555538227	ES0000081		Cap Enderrocat - Cap Blanc	Cap Enderrocat - Cap Blanc	SPA (Birds Directive) + SCI (Habitats Directive)	SPA (Birds Directive) + SCI (Habitats Directive)	Regional	Marine Natura 2000 site	Marine Protected Area	Secondary	Not reported	{ESP}	{MWE}	33.56	33.42	115.74	115.83	29	29	Designated	2006	Not reported	Dirección General de Medio Natural, Educación Ambiental Y Cambio Climático. Gobierno de las Islas Baleares	Not reported		Not listed	https://natura2000.eea.europa.eu/?query=Natura2000Sites_9883_0,SITECODE,ES0000081	European Environment Agency	2020-06-19	N2K_end2019_21-04-2020
1030		555578073	ES5310128		Cap Enderrocat i cap Blanc	Cap Enderrocat i cap Blanc	SPA (Birds Directive) + SCI (Habitats Directive)	SPA (Birds Directive) + SCI (Habitats Directive)	Regional	Marine Natura 2000 site	Marine Protected Area	Secondary	Not reported	{ESP}	{MWE}	33.98	33.42	70.8	70.86	48	47	Designated	2006	Not reported	Dirección General de Medio Natural, Educación Ambiental Y Cambio Climático. Gobierno de las Islas Baleares	Not reported		Not listed	https://natura2000.eea.europa.eu/?query=Natura2000Sites_9883_0,SITECODE,ES5310128	European Environment Agency	2020-06-19	N2K_end2019_21-04-2020
1586	1026	389004			Cap Gros-Cap de Creus	Cap Gros-Cap de Creus	Parcial Nature Reserve (Spain, Catalonia)	Reserve Natural Parcial	National	MPA with a national statute	Marine Protected Area	Zone	IV - Habitat/species management area	{ESP}	{MWE}	5.77	5.12	14.59	5.48	40	93	Designated	1998	Not reported	Ministerio de Agricultura y Pesca, Alimentación y Medio Ambiente	Not reported		Not listed	https://www.protectedplanet.net/389004	European Environment Agency	2020-06-16	CDDA_v18_29-05-2020; GIS layer modified by MedPAN (removal of overlay areas with the Integral Nature Reserve).
1032		555523806	ES5310068		Cap Negre	Cap Negre	Site of Community Importance (Habitats Directive)	Site of Community Importance (Habitats Directive)	Regional	Marine Natura 2000 site	Marine Protected Area	Not reported	Not reported	{ESP}	{MWE}	5.57	5.41	7.33	7.33	76	74	Designated	2006	Not reported	Dirección General de Medio Natural, Educación Ambiental Y Cambio Climático. Gobierno de las Islas Baleares	Not reported		Not listed	https://natura2000.eea.europa.eu/?query=Natura2000Sites_9883_0,SITECODE,ES5310068	European Environment Agency	2020-06-19	N2K_end2019_21-04-2020
1024			ES5310025		Cap de Barbaria	Cap de Barbaria	SPA (Birds Directive) + SCI (Habitats Directive)	SPA (Birds Directive) + SCI (Habitats Directive)	Regional	Marine Natura 2000 site	Marine Protected Area	Not reported	Not reported	{ESP}	{MWE}	17.83	17.2	24.77	24.78	72	69	Designated	2006	Not reported	Not reported	Not reported		Not listed	https://natura2000.eea.europa.eu/?query=Natura2000Sites_9883_0,SITECODE,ES5310025	European Environment Agency	2020-06-19	N2K_end2019_21-04-2020
1025	1026		ES5120007		Cap de Creus	Cap de Creus	SPA (Birds Directive) + SAC (Habitats Directive)	SPA (Birds Directive) + SAC (Habitats Directive)	Regional	Marine Natura 2000 site	Marine Protected Area	Secondary	Not reported	{ESP}	{MWE}	30.43	28.86	138.34	138.46	22	21	Designated	2005	Not reported	Generalitat de Catalunya - Department of Agriculture, Livestock, Fisheries and Food	Not reported		Not listed	https://natura2000.eea.europa.eu/?query=Natura2000Sites_9883_0,SITECODE,ES5120007	European Environment Agency	2020-06-19	N2K_end2019_21-04-2020
1026	1026	349127			Cap de Creus	Cap de Creus	Natural Park (Spain)	Parque Natural	National	MPA with a national statute	Marine Protected Area	Main	V - Protected landscape/seascape	{ESP}	{MWE}	30.88	28.87	139.24	138.45	22	21	Designated	1998	Sub-national ministry or agency	Cap de Creus Natural Park	Inexistent		Not listed	https://www.protectedplanet.net/349127	European Environment Agency	2020-06-16	CDDA_v18_29-05-2020
1582	1026	389006			Cap de Creus	Cap de Creus	Integral Nature Reserve (Spain, Catalonia)	Reserve Natural Integral	National	MPA with a national statute	Marine Protected Area	Zone	Ia - Strict nature reserve	{ESP}	{MWE}	0.0	0.26	9.07	9.02	0	3	Designated	1998	Not reported	Generalitat de Catalunya - Department of Agriculture, Livestock, Fisheries and Food	Not reported		Not listed	https://www.protectedplanet.net/389006	European Environment Agency	2020-06-16	CDDA_v18_29-05-2020
1583	1026	389087			Cap de Creus	Cap de Creus	Plan for Areas of Natural Interest (Spain, Catalonia)	Pla d'Espais d'Interès Natural	National	MPA with a national statute	Marine Protected Area	Secondary	V - Protected landscape/seascape	{ESP}	{MWE}	30.88	28.87	139.24	138.45	22	21	Designated	1992	Not reported	Generalitat de Catalunya - Department of Agriculture, Livestock, Fisheries and Food	Not reported		Not listed	https://www.protectedplanet.net/389087	European Environment Agency	2020-06-16	CDDA_v18_29-05-2020
1584	1026	151248			Cap de Norfeu	Cap de Norfeu	Parcial Nature Reserve (Spain, Catalonia)	Reserve Natural Parcial	National	MPA with a national statute	Marine Protected Area	Zone	IV - Habitat/species management area	{ESP}	{MWE}	2.67	2.46	2.67	2.65	100	93	Designated	1998	Not reported	Ministerio de Agricultura y Pesca, Alimentación y Medio Ambiente	Not reported		Not listed	https://www.protectedplanet.net/151248	European Environment Agency	2020-06-16	CDDA_v18_29-05-2020
1585	1016				Cap de Sant Antoni	Cap de Sant Antoni	Marine Reserve (Spain, Valencia)	Reserve Marine de la Comunitat Valenciana	National	MPA with a national statute	Marine Protected Area	Zone	Not assigned	{ESP}	{MWE}		2.26		2.64		86	Designated	2015	Not reported	Not reported	Not reported		Not listed	http://www.agroambient.gva.es/va/web/pesca/reservas-marinas	Generalitat Valenciana	2020-06-17	GIS layer digitised by MedPAN using the map of the creation decree
1028	1114	389088			Cap de Santes Creus-Litoral meridional tarragoni	Cap de Santes Creus-Litoral meridional tarragoni	Plan for Areas of Natural Interest (Spain, Catalonia)	Pla d'Espais d'Interès Natural	National	MPA with a national statute	Marine Protected Area	Secondary	V - Protected landscape/seascape	{ESP}	{MWE}	47.01	45.75	47.01	46.92	100	97	Designated	1992	Sub-national ministry or agency	Departament de Territori i Sostenibilitat de la Generalitat de Catalunya	Inexistent		Not listed	https://www.protectedplanet.net/389088	European Environment Agency	2020-06-16	CDDA_v18_29-05-2020
1033	1113	389221			Castell-Cap Roig	Castell-Cap Roig	Plan for Areas of Natural Interest (Spain, Catalonia)	Pla d'Espais d'Interès Natural	National	MPA with a national statute	Marine Protected Area	Secondary	V - Protected landscape/seascape	{ESP}	{MWE}	7.96	7.6	12.27	12.2	65	62	Designated	2003	Sub-national ministry or agency	Generalitat de Catalunya	Partially implemented		Not listed	https://www.protectedplanet.net/389221	European Environment Agency	2020-06-16	CDDA_v18_29-05-2020
1587	1568				Cetaceans Migration Corridor in the Mediterranean	Cetaceans Migration Corridor in the Mediterranean	SPAMI	Specially Protected Area of Mediterranean Importance	Regional	SPAMI	Marine Protected Area	Secondary	Not assigned	{ESP}	{MWE}		46230.76		46285.37		100	Adopted	2019	Not reported	Not reported	Not reported		Not listed	http://rac-spa.org/spami	European Environment Agency	2020-06-16	GIS layer identical to that of the Marine Protected Area (WDPA ID: 555596226) except for the exclusion of the Columbretes SPAMI.
1093	1091	365011			Columbretes Islands	Columbretes Islands	SPAMI	Specially Protected Area of Mediterranean Importance	Regional	SPAMI	Marine Protected Area	Secondary	Not assigned	{ESP}	{MWE}	122.85	122.49	123.06	122.66	100	100	Adopted	2007	Not reported	Comunitat Valenciana	Not reported		Not listed	http://www.rac-spa.org/sites/default/files/doc_spamis/spamis/16_columbretes.pdf	European Environment Agency	2020-06-19	GIS layer identical to that of the Natura 2000 site (ESZZ16010)
1568	1568	555596226			Corredor de Migracion de Cetaceos del Mediterraneo	Corredor de Migracion de Cetaceos del Mediterraneo	Marine Protected Area (Spain)	Área Marina Protegida	National	MPA with a national statute	Marine Protected Area	Main	VI - Protected area with sustainable use of natural resources	{ESP}	{MWE}	46613.66	46353.27	46613.66	46408.23	100	100	Designated	2018	Federal or national ministry or agency	General Directorate for the Sustainability of the Coast and the Sea	Inexistent		Not listed	https://www.protectedplanet.net/555596226	European Environment Agency	2020-06-16	CDDA_v18_29-05-2020
1034		555523768	ES5310030		Costa de Llevant	Costa de Llevant	Site of Community Importance (Habitats Directive)	Site of Community Importance (Habitats Directive)	Regional	Marine Natura 2000 site	Marine Protected Area	Not reported	Not reported	{ESP}	{MWE}	18.39	16.86	18.39	18.4	100	92	Designated	2006	Not reported	Dirección General de Medio Natural, Educación Ambiental Y Cambio Climático. Gobierno de las Islas Baleares	Not reported		Not listed	https://natura2000.eea.europa.eu/?query=Natura2000Sites_9883_0,SITECODE,ES5310030	European Environment Agency	2020-06-19	N2K_end2019_21-04-2020
1035		555523842	ES5310104		Costa de l'Oest d'Eivissa	Costa de l'Oest d'Eivissa	Site of Community Importance (Habitats Directive)	Site of Community Importance (Habitats Directive)	Regional	Marine Natura 2000 site	Marine Protected Area	Not reported	Not reported	{ESP}	{MWE}	12.76	11.82	12.76	12.77	100	93	Designated	2006	Not reported	Dirección General de Medio Natural, Educación Ambiental Y Cambio Climático. Gobierno de las Islas Baleares	Not reported		Not listed	https://natura2000.eea.europa.eu/?query=Natura2000Sites_9883_0,SITECODE,ES5310104	European Environment Agency	2020-06-19	N2K_end2019_21-04-2020
1588	1588				Costa nord-est d'Eivissa-Tagomago	Costa nord-est d'Eivissa-Tagomago	Marine Reserve (Spain, Balearic Islands)	Reserve Marine de les Illes Balears	National	MPA with a national statute	Marine Protected Area	Main	Not assigned	{ESP}	{MWE}		38.6		39.68		97	Designated	2018	Not reported	Not reported	Not reported		Not listed	http://www.caib.es/sites/reservesmarines/ca/descripcia_0/	Govern de les Illes Balears	2020-06-17	Spatial Data Infrastructure of the Balearic Islands
1036	1036		ES5110020		Costes del Garraf	Costes del Garraf	SPA (Birds Directive) + SAC (Habitats Directive)	SPA (Birds Directive) + SAC (Habitats Directive)	Regional	Marine Natura 2000 site	Marine Protected Area	Main	Not reported	{ESP}	{MWE}	264.73	264.53	264.73	264.87	100	100	Designated	2006	Sub-national ministry or agency	Generalitat de Catalunya - Department de Territori i Sostenibilitat (Department of Territory and Sustainability)	Inexistent		Not listed	https://natura2000.eea.europa.eu/?query=Natura2000Sites_9883_0,SITECODE,ES5110020	European Environment Agency	2020-06-19	N2K_end2019_21-04-2020
1037	1036	389228			Costes del Garraf	Costes del Garraf	Plan for Areas of Natural Interest (Spain, Catalonia)	Pla d'Espais d'Interès Natural	National	MPA with a national statute	Marine Protected Area	Secondary	V - Protected landscape/seascape	{ESP}	{MWE}	265.75	264.56	265.75	264.88	100	100	Designated	1992	Sub-national ministry or agency	Generalitat de Catalunya - Department de Territori i Sostenibilitat (Department of Territory and Sustainability)	Inexistent		Not listed	https://www.protectedplanet.net/389228	European Environment Agency	2020-06-16	CDDA_v18_29-05-2020
1038	1038	555523638	ES5110017		Costes del Maresme	Costes del Maresme	Special Area of Conservation (Habitats Directive)	Special Area of Conservation (Habitats Directive)	Regional	Marine Natura 2000 site	Marine Protected Area	Main	Not reported	{ESP}	{MWE}	29.06	29.07	29.06	29.09	100	100	Designated	2008	Sub-national ministry or agency	Generalitat de Catalunya - Department de Territori i Sostenibilitat (Department of Territory and Sustainability)	Inexistent		Not listed	https://natura2000.eea.europa.eu/?query=Natura2000Sites_9883_0,SITECODE,ES5110017	European Environment Agency	2020-06-19	N2K_end2019_21-04-2020
1039	1038	349119			Costes del Maresme	Costes del Maresme	Plan for Areas of Natural Interest (Spain, Catalonia)	Pla d'Espais d'Interès Natural	National	MPA with a national statute	Marine Protected Area	Secondary	V - Protected landscape/seascape	{ESP}	{MWE}	29.21	29.07	29.21	29.09	100	100	Designated	2014	Sub-national ministry or agency	Generalitat de Catalunya - Department de Territori i Sostenibilitat (Department of Territory and Sustainability)	Inexistent		Not listed	https://www.protectedplanet.net/349119	European Environment Agency	2020-06-16	CDDA_v18_29-05-2020
1040	1040	555523679	ES5140007		Costes del Tarragonès	Costes del Tarragonès	Special Area of Conservation (Habitats Directive)	Special Area of Conservation (Habitats Directive)	Regional	Marine Natura 2000 site	Marine Protected Area	Main	Not reported	{ESP}	{MWE}	9.56	9.58	11.12	11.12	86	86	Designated	2006	Sub-national ministry or agency	Généralité de Catalogne - Département de territoire et dévelopement durable	Inexistent		Not listed	https://natura2000.eea.europa.eu/?query=Natura2000Sites_9883_0,SITECODE,ES5140007	European Environment Agency	2020-06-19	N2K_end2019_21-04-2020
1041	1139		ES0000233		D'Addaia a s'Albufera	D'Addaia a s'Albufera	SPA (Birds Directive) + SCI (Habitats Directive)	SPA (Birds Directive) + SCI (Habitats Directive)	Regional	Marine Natura 2000 site	Marine Protected Area	Secondary	Not reported	{ESP}	{MWE}	10.13	9.88	28.15	28.16	36	35	Designated	2006	Not reported	Not reported	Not reported		Not listed	https://natura2000.eea.europa.eu/?query=Natura2000Sites_9883_0,SITECODE,ES0000233	European Environment Agency	2020-06-19	N2K_end2019_21-04-2020
1042		555523812	ES5310074		De cala Llucalari a Cales Coves	De cala Llucalari a Cales Coves	Site of Community Importance (Habitats Directive)	Site of Community Importance (Habitats Directive)	Regional	Marine Natura 2000 site	Marine Protected Area	Not reported	Not reported	{ESP}	{MWE}	10.65	10.0	10.65	10.66	100	94	Designated	2006	Not reported	Dirección General de Medio Natural, Educación Ambiental Y Cambio Climático. Gobierno de las Islas Baleares	Not reported		Not listed	https://natura2000.eea.europa.eu/?query=Natura2000Sites_9883_0,SITECODE,ES5310074	European Environment Agency	2020-06-19	N2K_end2019_21-04-2020
1047	1047	555546001			Del Montgri, les Illes Medes i el Baix Ter	Del Montgri, les Illes Medes i el Baix Ter	Natural Park (Spain)	Parque Natural	National	MPA with a national statute	Marine Protected Area	Main	V - Protected landscape/seascape	{ESP}	{MWE}	16.35	16.26	78.2	77.76	21	21	Designated	2010	Federal or national ministry or agency	Management body belongs to Generalitat de Catalunya	Partially implemented		Not listed	https://www.protectedplanet.net/555546001	European Environment Agency	2020-06-16	CDDA_v18_29-05-2020
1043	1044		ES0000020		Delta de l'Ebre	Delta de l'Ebre	SPA (Birds Directive) + SAC (Habitats Directive)	SPA (Birds Directive) + SAC (Habitats Directive)	Regional	Marine Natura 2000 site	Marine Protected Area	Secondary	Not reported	{ESP}	{MWE}	359.14	367.96	485.32	485.26	74	76	Designated	1988	Government-delegated management	Parc Natural del Delta de l'Ebre, Government of Catalonia	Partially implemented		Not listed	https://natura2000.eea.europa.eu/?query=Natura2000Sites_9883_0,SITECODE,ES0000020	European Environment Agency	2020-06-19	N2K_end2019_21-04-2020
1044	1044	196213			Delta de l'Ebre	Delta de l'Ebre	Natural Park (Spain)	Parque Natural	National	MPA with a national statute	Marine Protected Area	Main	V - Protected landscape/seascape	{ESP}	{MWE}	5.11	14.31	76.25	76.13	7	19	Designated	1986	Government-delegated management	Parc Natural del Delta de l'Ebre	Inexistent		Not listed	https://www.protectedplanet.net/196213	European Environment Agency	2020-06-16	CDDA_v18_29-05-2020
1541	1044	389097			Delta de l'Ebre	Delta de l'Ebre	Plan for Areas of Natural Interest (Spain, Catalonia)	Pla d'Espais d'Interès Natural	National	MPA with a national statute	Marine Protected Area	Secondary	V - Protected landscape/seascape	{ESP}	{MWE}	360.22	368.01	486.12	485.29	74	76	Designated	1992	Government-delegated management	Parc Natural del Delta de l'Ebre	Inexistent		Not listed	https://www.protectedplanet.net/389097	European Environment Agency	2020-06-16	CDDA_v18_29-05-2020
1283	1044	68193		593	Delta del Ebro	Delta del Ebro	Ramsar site	Ramsar site	International	Ramsar site	Site of conservation interest	Secondary	Not reported	{ESP}	{MWE}	0.0	15.16	77.36	78.04	0	19	Designated	1993	Not reported	Comunidad Autonoma de Cataluña	Not reported		Not listed	https://rsis.ramsar.org/ris/593	Secretaría General de Pesca (MAPA)	2019-08-27	Data downloaded from the MAGRAMA website (http://www.magrama.gob.es/es/biodiversidad/servicios/banco-datos-naturaleza/informacion-disponible/ramsar.aspx).
1046	1047		ES5120016		El Montgrí- Les Medes - El Baix Ter	El Montgrí- Les Medes - El Baix Ter	SPA (Birds Directive) + SAC (Habitats Directive)	SPA (Birds Directive) + SAC (Habitats Directive)	Regional	Marine Natura 2000 site	Marine Protected Area	Secondary	Not reported	{ESP}	{MWE}	20.68	20.33	64.64	64.79	32	31	Designated	2005	Government-delegated management	Generalitat de Catalunya - Parc Natural del Montgrí, les Illes Medes i el Baix Ter	Not reported		Not listed	https://natura2000.eea.europa.eu/?query=Natura2000Sites_9883_0,SITECODE,ES5120016	European Environment Agency	2020-06-19	N2K_end2019_21-04-2020
1048		555523989	ES6170037		El Saladillo - Punta de Baños	El Saladillo - Punta de Baños	Special Area of Conservation (Habitats Directive)	Special Area of Conservation (Habitats Directive)	Regional	Marine Natura 2000 site	Marine Protected Area	Not reported	Not reported	{ESP}	{MWE}	32.47	32.42	32.47	32.47	100	100	Designated	2016	Not reported	Dirección General de Sostenibilidad de la Costa y del Mar - Ministerio de Agricultura, Alimentación y Medio Ambiente	Not reported		Not listed	https://natura2000.eea.europa.eu/?query=Natura2000Sites_9883_0,SITECODE,ES6170037	European Environment Agency	2020-06-19	N2K_end2019_21-04-2020
1049		555523843	ES5310105		Es Amunts d'Eivissa	Es Amunts d'Eivissa	Site of Community Importance (Habitats Directive)	Site of Community Importance (Habitats Directive)	Regional	Marine Natura 2000 site	Marine Protected Area	Not reported	Not reported	{ESP}	{MWE}	1.61	1.34	14.61	14.61	11	9	Designated	2006	Not reported	Not reported	Not reported		Not listed	https://natura2000.eea.europa.eu/?query=Natura2000Sites_9883_0,SITECODE,ES5310105	European Environment Agency	2020-06-19	N2K_end2019_21-04-2020
1050		555523815	ES5310077		Es Rajolí	Es Rajolí	Special Area of Conservation (Habitats Directive)	Special Area of Conservation (Habitats Directive)	Regional	Marine Natura 2000 site	Marine Protected Area	Not reported	Not reported	{ESP}	{MWE}	1.11	1.09	1.11	1.11	100	98	Designated	2006	Not reported	Dirección General de Medio Natural, Educación Ambiental Y Cambio Climático. Gobierno de las Islas Baleares	Fully implemented	http://www.caib.es/eboibfront/es/2015/10315/565417/decreto-49-2015-de-22-de-mayo-por-el-que-se-aprueb?&idEnviament=565417&mode=view&numero=10315	Not listed	https://natura2000.eea.europa.eu/?query=Natura2000Sites_9883_0,SITECODE,ES5310077	European Environment Agency	2020-06-19	N2K_end2019_21-04-2020
1589	1121	555638694			Es Trenc - Salobrar de Campos	Es Trenc - Salobrar de Campos	Natural Park (Spain)	Parque Natural	National	MPA with a national statute	Marine Protected Area	Zone	II - National park	{ESP}	{MWE}	23.41	23.33	37.93	37.71	62	62	Designated	2017	Not reported	Ministerio de Agricultura y Pesca, Alimentación y Medio Ambiente	Not reported		Not listed	https://www.protectedplanet.net/555638694	European Environment Agency	2020-06-16	CDDA_v18_29-05-2020
1590	1590	348880			Es Vedra i es Vedranell	Es Vedra i es Vedranell	Nature Reserve (Spain)	Reserva Natural	National	MPA with a national statute	Marine Protected Area	Main	IV - Habitat/species management area	{ESP}	{MWE}	0.0	1.58	0.8	2.72	0	58	Designated	2002	Not reported	Not reported	Not reported		Not listed	https://www.protectedplanet.net/348880	European Environment Agency	2020-06-16	CDDA_v18_29-05-2020; GIS layer modified by MedPAN  (marine part added from the Spatial Data Infrastructure of the Balearic Islands)
1052			ES0000078		Es Vedrà - Es Vedranell	Es Vedrà - Es Vedranell	SPA (Birds Directive) + SCI (Habitats Directive)	SPA (Birds Directive) + SCI (Habitats Directive)	Regional	Marine Natura 2000 site	Marine Protected Area	Not reported	Not reported	{ESP}	{MWE}	5.6	5.22	6.36	6.36	88	82	Designated	2006	Not reported	Not reported	Not reported		Not listed	https://natura2000.eea.europa.eu/?query=Natura2000Sites_9883_0,SITECODE,ES0000078	European Environment Agency	2020-06-19	N2K_end2019_21-04-2020
1053		555593035	ESZZ16005		Espacio marino de Alborán	Espacio marino de Alborán	Proposed Site of Community Importance (Habitats Directive)	Proposed Site of Community Importance (Habitats Directive)	Regional	Marine Natura 2000 proposed site	Site of conservation interest	Not reported	Not reported	{ESP}	{MWE}	108.88	108.99	108.88	108.97	100	100	Proposed	2014	Not reported	Dirección General de Sostenibilidad de la Costa y del Mar - Ministerio de Agricultura, Alimentación y Medio Ambiente	Not reported		Not listed	https://natura2000.eea.europa.eu/?query=Natura2000Sites_9883_0,SITECODE,ESZZ16005	European Environment Agency	2020-06-19	N2K_end2019_21-04-2020
1054			ESZZ16009		Espacio marino de Cabo Roig	Espacio marino de Cabo Roig	SPA (Birds Directive) + pSCI (Habitats Directive)	SPA (Birds Directive) + pSCI (Habitats Directive)	Regional	Marine Natura 2000 site	Marine Protected Area	Not reported	Not reported	{ESP}	{MWE}	46.87	46.18	46.87	46.85	100	99	Designated	2009	Not reported	Not reported	Not reported		Not listed	https://natura2000.eea.europa.eu/?query=Natura2000Sites_9883_0,SITECODE,ESZZ16009	European Environment Agency	2020-06-19	N2K_end2019_21-04-2020
1055		555593063	ES0000515		Espacio marino de Formentera y del sur de Ibiza	Espacio marino de Formentera y del sur de Ibiza	Special Protection Area (Birds Directive)	Special Protection Area (Birds Directive)	Regional	Marine Natura 2000 site	Marine Protected Area	Not reported	Not reported	{ESP}	{MWE}	464.2	462.57	464.2	464.37	100	100	Designated	2014	Not reported	Dirección General de Sostenibilidad de la Costa y del Mar - Ministerio de Agricultura, Alimentación y Medio Ambiente	Not reported		Not listed	https://natura2000.eea.europa.eu/?query=Natura2000Sites_9883_0,SITECODE,ES0000515	European Environment Agency	2020-06-19	N2K_end2019_21-04-2020
1056		555593036	ESZZ16006		Espacio marino de Ifac	Espacio marino de Ifac	Proposed Site of Community Importance (Habitats Directive)	Proposed Site of Community Importance (Habitats Directive)	Regional	Marine Natura 2000 proposed site	Site of conservation interest	Not reported	Not reported	{ESP}	{MWE}	9.23	8.65	9.23	9.22	100	94	Proposed	1997	Not reported	Dirección General de Sostenibilidad de la Costa y del Mar - Ministerio de Agricultura, Alimentación y Medio Ambiente	Not reported		Not listed	https://natura2000.eea.europa.eu/?query=Natura2000Sites_9883_0,SITECODE,ESZZ16006	European Environment Agency	2020-06-19	N2K_end2019_21-04-2020
1057		555593034	ESZZ16004		Espacio marino de Illes Columbretes	Espacio marino de Illes Columbretes	Proposed Site of Community Importance (Habitats Directive)	Proposed Site of Community Importance (Habitats Directive)	Regional	Marine Natura 2000 proposed site	Site of conservation interest	Not reported	Not reported	{ESP}	{MWE}	12.77	12.77	12.77	12.77	100	100	Proposed	2014	Not reported	Dirección General de Sostenibilidad de la Costa y del Mar - Ministerio de Agricultura, Alimentación y Medio Ambiente	Not reported		Not listed	https://natura2000.eea.europa.eu/?query=Natura2000Sites_9883_0,SITECODE,ESZZ16004	European Environment Agency	2020-06-19	N2K_end2019_21-04-2020
1061			ES0000447		Espacio marino de Orpesa y Benicàssim	Espacio marino de Orpesa y Benicàssim	SPA (Birds Directive) + pSCI (Habitats Directive)	SPA (Birds Directive) + pSCI (Habitats Directive)	Regional	Marine Natura 2000 site	Marine Protected Area	Not reported	Not reported	{ESP}	{MWE}	13.18	12.96	13.18	13.17	100	98	Designated	2009	Not reported	Not reported	Not reported		Not listed	https://natura2000.eea.europa.eu/?query=Natura2000Sites_9883_0,SITECODE,ES0000447	European Environment Agency	2020-06-19	N2K_end2019_21-04-2020
1062			ES0000214		Espacio marino de Tabarca	Espacio marino de Tabarca	SPA (Birds Directive) + pSCI (Habitats Directive)	SPA (Birds Directive) + pSCI (Habitats Directive)	Regional	Marine Natura 2000 site	Marine Protected Area	Not reported	Not reported	{ESP}	{MWE}	142.62	142.16	142.62	142.56	100	100	Designated	2009	Not reported	Not reported	Not reported		Not listed	https://natura2000.eea.europa.eu/?query=Natura2000Sites_9883_0,SITECODE,ES0000214	European Environment Agency	2020-06-19	N2K_end2019_21-04-2020
1063		555593058	ES0000508		Espacio marino de Tabarca-Cabo de Palos	Espacio marino de Tabarca-Cabo de Palos	Special Protection Area (Birds Directive)	Special Protection Area (Birds Directive)	Regional	Marine Natura 2000 site	Marine Protected Area	Not reported	Not reported	{ESP}	{MWE}	1260.68	1261.6	1260.68	1260.47	100	100	Designated	2014	Not reported	Dirección General de Sostenibilidad de la Costa y del Mar - Ministerio de Agricultura, Alimentación y Medio Ambiente	Not reported		Not listed	https://natura2000.eea.europa.eu/?query=Natura2000Sites_9883_0,SITECODE,ES0000508	European Environment Agency	2020-06-19	N2K_end2019_21-04-2020
1060	1060	555593062	ES0000514		Espacio marino de l'Empordà	Espacio marino de l'Empordà	Special Protection Area (Birds Directive)	Special Protection Area (Birds Directive)	Regional	Marine Natura 2000 site	Marine Protected Area	Main	Not reported	{ESP}	{MWE}	854.44	854.97	854.44	855.11	100	100	Designated	2014	Not reported	Dirección General de Sostenibilidad de la Costa y del Mar - Ministerio de Agricultura, Alimentación y Medio Ambiente	Not reported		Not listed	https://natura2000.eea.europa.eu/?query=Natura2000Sites_9883_0,SITECODE,ES0000514	European Environment Agency	2020-06-19	N2K_end2019_21-04-2020
1058	1102	555593055	ES0000505		Espacio marino de la Isla de Alborán	Espacio marino de la Isla de Alborán	Special Protection Area (Birds Directive)	Special Protection Area (Birds Directive)	Regional	Marine Natura 2000 site	Marine Protected Area	Secondary	Not reported	{ESP}	{MWE}	661.11	661.94	661.11	661.64	100	100	Designated	2014	Not reported	Dirección General de Sostenibilidad de la Costa y del Mar - Ministerio de Agricultura, Alimentación y Medio Ambiente	Not reported		Not listed	https://natura2000.eea.europa.eu/?query=Natura2000Sites_9883_0,SITECODE,ES0000505	European Environment Agency	2020-06-19	N2K_end2019_21-04-2020
1059			ESZZ16007		Espacio marino de la Marina Alta	Espacio marino de la Marina Alta	SPA (Birds Directive) + pSCI (Habitats Directive)	SPA (Birds Directive) + pSCI (Habitats Directive)	Regional	Marine Natura 2000 site	Marine Protected Area	Not reported	Not reported	{ESP}	{MWE}	23.18	22.35	23.18	23.17	100	96	Designated	2009	Not reported	Not reported	Not reported		Not listed	https://natura2000.eea.europa.eu/?query=Natura2000Sites_9883_0,SITECODE,ESZZ16007	European Environment Agency	2020-06-19	N2K_end2019_21-04-2020
1107		555593057	ES0000507		Espacio marino de los Islotes Litorales de Murcia y Almería	Espacio marino de los Islotes Litorales de Murcia y Almería	Special Protection Area (Birds Directive)	Special Protection Area (Birds Directive)	Regional	Marine Natura 2000 site	Marine Protected Area	Not reported	Not reported	{ESP}	{MWE}	123.35	122.58	123.35	123.39	100	99	Designated	2014	Not reported	Dirección General de Sostenibilidad de la Costa y del Mar - Ministerio de Agricultura, Alimentación y Medio Ambiente	Not reported		Not listed	https://natura2000.eea.europa.eu/?query=Natura2000Sites_9883_0,SITECODE,ES0000507	European Environment Agency	2020-06-19	N2K_end2019_21-04-2020
1064	1037	555593061	ES0000513		Espacio marino del Baix Llobregat-Garraf	Espacio marino del Baix Llobregat-Garraf	Special Protection Area (Birds Directive)	Special Protection Area (Birds Directive)	Regional	Marine Natura 2000 site	Marine Protected Area	Secondary	Not reported	{ESP}	{MWE}	386.61	386.9	386.61	386.85	100	100	Designated	2014	Not reported	Dirección General de Sostenibilidad de la Costa y del Mar - Ministerio de Agricultura, Alimentación y Medio Ambiente	Not reported		Not listed	https://natura2000.eea.europa.eu/?query=Natura2000Sites_9883_0,SITECODE,ES0000513	European Environment Agency	2020-06-19	N2K_end2019_21-04-2020
1065		555592920	ESZZ16008		Espacio marino del Cabo de les Hortes	Espacio marino del Cabo de les Hortes	Proposed Site of Community Importance (Habitats Directive)	Proposed Site of Community Importance (Habitats Directive)	Regional	Marine Natura 2000 proposed site	Site of conservation interest	Not reported	Not reported	{ESP}	{MWE}	42.53	42.04	42.53	42.51	100	99	Proposed	2001	Not reported	Dirección General de Sostenibilidad de la Costa y del Mar- Ministerio de Agricultura, Alimentación y Medio Ambiente	Not reported		Not listed	https://natura2000.eea.europa.eu/?query=Natura2000Sites_9883_0,SITECODE,ESZZ16008	European Environment Agency	2020-06-19	N2K_end2019_21-04-2020
1066	1066	555593060	ES0000512		Espacio marino del Delta de l'Ebre-Illes Columbretes	Espacio marino del Delta de l'Ebre-Illes Columbretes	Special Protection Area (Birds Directive)	Special Protection Area (Birds Directive)	Regional	Marine Natura 2000 site	Marine Protected Area	Main	Not reported	{ESP}	{MWE}	9017.09	9023.59	9017.09	9016.35	100	100	Designated	2014	Not reported	Dirección General de Sostenibilidad de la Costa y del Mar - Ministerio de Agricultura, Alimentación y Medio Ambiente	Not reported		Not listed	https://natura2000.eea.europa.eu/?query=Natura2000Sites_9883_0,SITECODE,ES0000512	European Environment Agency	2020-06-19	N2K_end2019_21-04-2020
1067	1091		ESZZ16010		Espacio marino del entorno de Illes Columbretes	Espacio marino del entorno de Illes Columbretes	SPA (Birds Directive) + pSCI (Habitats Directive)	SPA (Birds Directive) + pSCI (Habitats Directive)	Regional	Marine Natura 2000 site	Marine Protected Area	Secondary	Not reported	{ESP}	{MWE}	122.68	122.49	122.68	122.66	100	100	Designated	1990	Not reported	Not reported	Not reported		Not listed	https://natura2000.eea.europa.eu/?query=Natura2000Sites_9883_0,SITECODE,ESZZ16010	European Environment Agency	2020-06-19	N2K_end2019_21-04-2020
1068		555593065	ES0000517		Espacio marino del levante de Ibiza	Espacio marino del levante de Ibiza	Special Protection Area (Birds Directive)	Special Protection Area (Birds Directive)	Regional	Marine Natura 2000 site	Marine Protected Area	Not reported	Not reported	{ESP}	{MWE}	191.59	190.07	191.59	191.67	100	99	Designated	2014	Not reported	Dirección General de Sostenibilidad de la Costa y del Mar - Ministerio de Agricultura, Alimentación y Medio Ambiente	Not reported		Not listed	https://natura2000.eea.europa.eu/?query=Natura2000Sites_9883_0,SITECODE,ES0000517	European Environment Agency	2020-06-19	N2K_end2019_21-04-2020
1069		555593068	ES0000520		Espacio marino del norte de Mallorca	Espacio marino del norte de Mallorca	Special Protection Area (Birds Directive)	Special Protection Area (Birds Directive)	Regional	Marine Natura 2000 site	Marine Protected Area	Not reported	Not reported	{ESP}	{MWE}	983.75	977.5	983.75	984.52	100	99	Designated	2014	Not reported	Dirección General de Sostenibilidad de la Costa y del Mar - Ministerio de Agricultura, Alimentación y Medio Ambiente	Not reported		Not listed	https://natura2000.eea.europa.eu/?query=Natura2000Sites_9883_0,SITECODE,ES0000520	European Environment Agency	2020-06-19	N2K_end2019_21-04-2020
1070		555593069	ES0000521		Espacio marino del norte y oeste de Menorca	Espacio marino del norte y oeste de Menorca	Special Protection Area (Birds Directive)	Special Protection Area (Birds Directive)	Regional	Marine Natura 2000 site	Marine Protected Area	Not reported	Not reported	{ESP}	{MWE}	1613.41	1610.42	1613.41	1614.44	100	100	Designated	2014	Not reported	Dirección General de Sostenibilidad de la Costa y del Mar - Ministerio de Agricultura, Alimentación y Medio Ambiente	Not reported		Not listed	https://natura2000.eea.europa.eu/?query=Natura2000Sites_9883_0,SITECODE,ES0000521	European Environment Agency	2020-06-19	N2K_end2019_21-04-2020
1071		555593067	ES0000519		Espacio marino del poniente de Mallorca	Espacio marino del poniente de Mallorca	Special Protection Area (Birds Directive)	Special Protection Area (Birds Directive)	Regional	Marine Natura 2000 site	Marine Protected Area	Not reported	Not reported	{ESP}	{MWE}	469.29	467.62	469.29	469.62	100	100	Designated	2014	Not reported	Dirección General de Sostenibilidad de la Costa y del Mar - Ministerio de Agricultura, Alimentación y Medio Ambiente	Not reported		Not listed	https://natura2000.eea.europa.eu/?query=Natura2000Sites_9883_0,SITECODE,ES0000519	European Environment Agency	2020-06-19	N2K_end2019_21-04-2020
1072		555593064	ES0000516		Espacio marino del poniente y norte de Ibiza	Espacio marino del poniente y norte de Ibiza	Special Protection Area (Birds Directive)	Special Protection Area (Birds Directive)	Regional	Marine Natura 2000 site	Marine Protected Area	Not reported	Not reported	{ESP}	{MWE}	471.62	468.09	471.62	471.75	100	99	Designated	2014	Not reported	Dirección General de Sostenibilidad de la Costa y del Mar - Ministerio de Agricultura, Alimentación y Medio Ambiente	Not reported		Not listed	https://natura2000.eea.europa.eu/?query=Natura2000Sites_9883_0,SITECODE,ES0000516	European Environment Agency	2020-06-19	N2K_end2019_21-04-2020
1073		555593066	ES0000518		Espacio marino del sur de Mallorca y Cabrera	Espacio marino del sur de Mallorca y Cabrera	Special Protection Area (Birds Directive)	Special Protection Area (Birds Directive)	Regional	Marine Natura 2000 site	Marine Protected Area	Secondary	Not reported	{ESP}	{MWE}	399.87	400.04	399.87	400.18	100	100	Designated	2014	Not reported	Dirección General de Sostenibilidad de la Costa y del Mar - Ministerio de Agricultura, Alimentación y Medio Ambiente	Not reported		Not listed	https://natura2000.eea.europa.eu/?query=Natura2000Sites_9883_0,SITECODE,ES0000518	European Environment Agency	2020-06-19	N2K_end2019_21-04-2020
1074		555593070	ES0000522		Espacio marino del sureste de Menorca	Espacio marino del sureste de Menorca	Special Protection Area (Birds Directive)	Special Protection Area (Birds Directive)	Regional	Marine Natura 2000 site	Marine Protected Area	Not reported	Not reported	{ESP}	{MWE}	235.58	234.03	235.58	235.7	100	99	Designated	2014	Not reported	Dirección General de Sostenibilidad de la Costa y del Mar - Ministerio de Agricultura, Alimentación y Medio Ambiente	Not reported		Not listed	https://natura2000.eea.europa.eu/?query=Natura2000Sites_9883_0,SITECODE,ES0000522	European Environment Agency	2020-06-19	N2K_end2019_21-04-2020
1045	1045	348851			Estrecho	Estrecho	Natural Park (Spain)	Parque Natural	National	MPA with a national statute	Marine Protected Area	Main	V - Protected landscape/seascape	{ESP}	{MWE}	93.88	92.04	189.32	189.21	50	49	Designated	2003	Not reported	Region of Andalusia - Department of Environment and Spatial Planning	Not reported		Not listed	https://www.protectedplanet.net/348851	European Environment Agency	2020-06-16	CDDA_v18_29-05-2020
1075	1045		ES0000337		Estrecho	Estrecho	SPA (Birds Directive) + SAC (Habitats Directive)	SPA (Birds Directive) + SAC (Habitats Directive)	Regional	Marine Natura 2000 site	Marine Protected Area	Secondary	Not reported	{ESP}	{MWE}	95.89	92.04	191.77	191.66	50	48	Designated	2003	Not reported	Not reported	Not reported		Not listed	https://natura2000.eea.europa.eu/?query=Natura2000Sites_9883_0,SITECODE,ES0000337	European Environment Agency	2020-06-19	N2K_end2019_21-04-2020
1076		555523899	ES6120032		Estrecho Oriental	Estrecho Oriental	Special Area of Conservation (Habitats Directive)	Special Area of Conservation (Habitats Directive)	Regional	Marine Natura 2000 site	Marine Protected Area	Not reported	Not reported	{ESP}	{MWE}	236.42	235.96	236.42	236.36	100	100	Designated	2012	Not reported	Dirección General de Sostenibilidad de la Costa y del Mar - Ministerio de Agricultura, Alimentación y Medio Ambiente	Fully implemented	http://www.boe.es/boe/dias/2012/12/01/pdfs/BOE-A-2012-14698.pdf	Not listed	https://natura2000.eea.europa.eu/?query=Natura2000Sites_9883_0,SITECODE,ES6120032	European Environment Agency	2020-06-19	N2K_end2019_21-04-2020
1080		555523901	ES6120034		Fondos Marinos Estuario del Río Guadiaro	Fondos Marinos Estuario del Río Guadiaro	Special Area of Conservation (Habitats Directive)	Special Area of Conservation (Habitats Directive)	Regional	Marine Natura 2000 site	Marine Protected Area	Not reported	Not reported	{ESP}	{MWE}	1.04	1.07	1.07	1.07	97	100	Designated	2008	Not reported	DIRECCIÓN GENERAL DE GESTIÓN DEL MEDIO NATURAL Y ESPACIOS PROTEGIDOS. CONSEJERÍA DE MEDIO AMBIENTE Y ORDENACIÓN DEL TERRITORIO. JUNTA DE ANDALUCÍA.	Fully implemented	http://juntadeandalucia.es/eboja/2015/193/BOJA15-193-00002-16129-01_00077111.pdf	Not listed	https://natura2000.eea.europa.eu/?query=Natura2000Sites_9883_0,SITECODE,ES6120034	European Environment Agency	2020-06-19	N2K_end2019_21-04-2020
1081	1081	555523869	ES6110010		Fondos Marinos Levante Almeriense	Fondos Marinos Levante Almeriense	Special Area of Conservation (Habitats Directive)	Special Area of Conservation (Habitats Directive)	Regional	Marine Natura 2000 site	Marine Protected Area	Main	Not reported	{ESP}	{MWE}	106.92	106.2	106.92	106.97	100	99	Designated	2016	Not reported	Dirección General de Sostenibilidad de la Costa y del Mar - Ministerio de Agricultura, Alimentación y Medio Ambiente	Not reported		Not listed	https://natura2000.eea.europa.eu/?query=Natura2000Sites_9883_0,SITECODE,ES6110010	European Environment Agency	2020-06-19	N2K_end2019_21-04-2020
1082		555523900	ES6120033		Fondos Marinos Marismas del Río Palmones	Fondos Marinos Marismas del Río Palmones	Special Area of Conservation (Habitats Directive)	Special Area of Conservation (Habitats Directive)	Regional	Marine Natura 2000 site	Marine Protected Area	Not reported	Not reported	{ESP}	{MWE}	0.87	0.86	0.88	0.88	99	98	Designated	2008	Not reported	DIRECCIÓN GENERAL DE GESTIÓN DEL MEDIO NATURAL Y ESPACIOS PROTEGIDOS. CONSEJERÍA DE MEDIO AMBIENTE Y ORDENACIÓN DEL TERRITORIO. JUNTA DE ANDALUCÍA.	Fully implemented	http://juntadeandalucia.es/eboja/2015/193/BOJA15-193-00002-16129-01_00077111.pdf	Not listed	https://natura2000.eea.europa.eu/?query=Natura2000Sites_9883_0,SITECODE,ES6120033	European Environment Agency	2020-06-19	N2K_end2019_21-04-2020
1077		555523988	ES6170036		Fondos Marinos de La Bahía de Estepona	Fondos Marinos de La Bahía de Estepona	Special Area of Conservation (Habitats Directive)	Special Area of Conservation (Habitats Directive)	Regional	Marine Natura 2000 site	Marine Protected Area	Not reported	Not reported	{ESP}	{MWE}	5.75	5.75	5.75	5.75	100	100	Designated	2016	Not reported	Dirección General de Sostenibilidad de la Costa y del Mar - Ministerio de Agricultura, Alimentación y Medio Ambiente	Not reported		Not listed	https://natura2000.eea.europa.eu/?query=Natura2000Sites_9883_0,SITECODE,ES6170036	European Environment Agency	2020-06-19	N2K_end2019_21-04-2020
1078		555523868	ES6110009		Fondos Marinos de Punta Entinas-Sabinar	Fondos Marinos de Punta Entinas-Sabinar	Special Area of Conservation (Habitats Directive)	Special Area of Conservation (Habitats Directive)	Regional	Marine Natura 2000 site	Marine Protected Area	Not reported	Not reported	{ESP}	{MWE}	39.59	39.26	39.59	39.62	100	99	Designated	2016	Not reported	Dirección General de Sostenibilidad de la Costa y del Mar - Ministerio de Agricultura, Alimentación y Medio Ambiente	Not reported		Not listed	https://natura2000.eea.europa.eu/?query=Natura2000Sites_9883_0,SITECODE,ES6110009	European Environment Agency	2020-06-19	N2K_end2019_21-04-2020
1016	1016	348860			Fons Marins del Cap de Sant Antoni	Fons Marins del Cap de Sant Antoni	Nature Reserve (Spain)	Reserva Natural	National	MPA with a national statute	Marine Protected Area	Main	Not assigned	{ESP}	{MWE}	9.72	9.01	9.72	9.71	100	93	Designated	1993	Sub-national ministry or agency	General subdirectorate of Fisheries (Generalitat Valenciana)	Not reported		Not listed	https://www.protectedplanet.net/348860	European Environment Agency	2020-06-16	CDDA_v18_29-05-2020
1084		555524030	ES6200029		Franja Litoral Sumergida de la Región de Murcia	Franja Litoral Sumergida de la Región de Murcia	Special Area of Conservation (Habitats Directive)	Special Area of Conservation (Habitats Directive)	Regional	Marine Natura 2000 site	Marine Protected Area	Not reported	Not reported	{ESP}	{MWE}	136.83	133.49	136.83	136.81	100	98	Designated	2006	Not reported	Oficina de Impulso Socioeconómico del Medio Ambiente. Dirección General de Medio Natural. Consejería de Empleo, Universidades, Empresa y Medio Ambiente. Comunidad Autónoma de la Región de Murcia	Not reported		Not listed	https://natura2000.eea.europa.eu/?query=Natura2000Sites_9883_0,SITECODE,ES6200029	European Environment Agency	2020-06-19	N2K_end2019_21-04-2020
1085	1148				Freus d'Eivissa i Formentera	Freus d'Eivissa i Formentera	Marine Reserve (Spain, Balearic Islands)	Reserve Marine de les Illes Balears	National	MPA with a national statute	Marine Protected Area	Secondary	IV - Habitat/species management area	{ESP}	{MWE}	136.17	149.28	136.17	153.87	100	97	Designated	2001	Sub-national ministry or agency	Fisheries Directorate Balearic Government	Partially implemented		Not listed	http://www.caib.es/sites/reservesmarines/ca/descripcio-876/	Govern de les Illes Balears	2020-06-17	Spatial Data Infrastructure of the Balearic Islands
1087	1118	349123			Grapissar de Masia Blanca	Grapissar de Masia Blanca	Plan for Areas of Natural Interest (Spain, Catalonia)	Pla d'Espais d'Interès Natural	National	MPA with a national statute	Marine Protected Area	Secondary	V - Protected landscape/seascape	{ESP}	{MWE}	4.46	4.4	4.46	4.45	100	99	Designated	2014	Federal or national ministry or agency	Ministère de l'Agriculture, de l'Alimentation et de l'Environnement	Inexistent		Not listed	https://www.protectedplanet.net/349123	European Environment Agency	2020-06-16	CDDA_v18_29-05-2020
1086		555523681	ES5140020		Grapissar de la Masia Blanca	Grapissar de la Masia Blanca	Special Area of Conservation (Habitats Directive)	Special Area of Conservation (Habitats Directive)	Regional	Marine Natura 2000 site	Marine Protected Area	Not reported	Not reported	{ESP}	{MWE}	4.45	4.4	4.45	4.45	100	99	Designated	2008	Federal or national ministry or agency	Ministère de l'Agriculture, de l'Alimentation et de l'Environnement	Inexistent		Not listed	https://natura2000.eea.europa.eu/?query=Natura2000Sites_9883_0,SITECODE,ES5140020	European Environment Agency	2020-06-19	N2K_end2019_21-04-2020
1088	1148	198303			Ibiza, Biodiversity And Culture	Ibiza, Biodiversity And Culture	World Heritage Site	World Heritage Site	International	World heritage site	Site of conservation interest	Secondary	Not applicable	{ESP}	{MWE}	135.56	132.41	165.88	165.34	82	80	Inscribed	1999	Not reported	Not reported	Not reported		Not listed	http://whc.unesco.org/en/list/417	Not Reported	2015-01-09	GIS layer digitised by MedPAN on Google Earth in September 2015, based on the map provided in the Ibiza Biodiversity and Culture Conservation Report 1999 - 2014 (Volume 1).
1089	1089	555552484			Illa de Tabarca	Illa de Tabarca	Marine Reserve (Spain)	Reserva Marina	National	MPA with a national statute	Marine Protected Area	Main	VI - Protected area with sustainable use of natural resources	{ESP}	{MWE}	18.06	18.46	18.06	18.59	100	99	Designated	1986	Federal or national ministry or agency	Secretaría General de Pesca (MAPA) y Generalitat Valenciana	Fully implemented		Not listed	https://www.mapa.gob.es/es/pesca/temas/proteccion-recursos-pesqueros/reservas-marinas-de-espana/isla-de-tabarca/	Secretaría General de Pesca (MAPA)	2021-02-22	GIS layer from the Secretaría General de Pesca (MAPA)
1592	1089	348792			Illa de Tabarca	Illa de Tabarca	Nature Reserve (Spain)	Reserva Natural	National	MPA with a national statute	Marine Protected Area	Secondary	IV - Habitat/species management area	{ESP}	{MWE}	13.8	13.67	13.8	13.79	100	99	Designated	1994	Not reported	Ministerio de Agricultura y Pesca, Alimentación y Medio Ambiente	Not reported		Not listed	https://www.protectedplanet.net/348792	European Environment Agency	2020-06-16	CDDA_v18_29-05-2020
1591	1591				Illa de l’Aire	Illa de l’Aire	Marine Reserve (Spain, Balearic Islands)	Reserve Marine de les Illes Balears	National	MPA with a national statute	Marine Protected Area	Main	Not assigned	{ESP}	{MWE}		6.81		7.2		95	Designated	2019	Not reported	Not reported	Not reported		Not listed	http://www.caib.es/sites/reservesmarines/ca/descripcia_0_0/	Govern de les Illes Balears	2020-06-17	Spatial Data Infrastructure of the Balearic Islands
1090	1090				Illa del Toro	Illa del Toro	Marine Reserve (Spain, Balearic Islands)	Reserve Marine de les Illes Balears	National	MPA with a national statute	Marine Protected Area	Main	IV - Habitat/species management area	{ESP}	{MWE}	1.36	1.17	1.36	1.37	100	86	Designated	2004	Sub-national ministry or agency	Balearic Islands Government - Department of Environment, Agriculture and Fisheries	Inexistent		Not listed	http://www.caib.es/sites/reservesmarines/ca/descripcio-885/	Govern de les Illes Balears	2020-06-17	Spatial Data Infrastructure of the Balearic Islands
1091	1091	555552485			Illes Columbretes	Illes Columbretes	Marine Reserve (Spain)	Reserva Marina	National	MPA with a national statute	Marine Protected Area	Main	VI - Protected area with sustainable use of natural resources	{ESP}	{MWE}	54.99	54.73	54.99	54.9	100	100	Designated	1990	Federal or national ministry or agency	Secretaría General de Pesca (MAPA)	Fully implemented		Not listed	https://www.mapa.gob.es/es/pesca/temas/proteccion-recursos-pesqueros/reservas-marinas-de-espana/islas-columbretes/	European Environment Agency	2020-06-16	CDDA_v18_29-05-2020
1094	1094				Illes Malgrats	Illes Malgrats	Marine Reserve (Spain, Balearic Islands)	Reserve Marine de les Illes Balears	National	MPA with a national statute	Marine Protected Area	Main	IV - Habitat/species management area	{ESP}	{MWE}	0.89	0.76	0.89	0.91	100	84	Designated	2004	Sub-national ministry or agency	Balearic Islands Government - Department of Environment, Agriculture and Fisheries	Inexistent		Not listed	http://www.caib.es/sites/reservesmarines/ca/descripcio-879/	Govern de les Illes Balears	2020-06-17	Spatial Data Infrastructure of the Balearic Islands
1593	1047	389123			Illes Medes	Illes Medes	Plan for Areas of Natural Interest (Spain, Catalonia)	Pla d'Espais d'Interès Natural	National	MPA with a national statute	Marine Protected Area	Secondary	V - Protected landscape/seascape	{ESP}	{MWE}	20.56	20.4	82.47	82.0	25	25	Designated	1992	Not reported	Generalitat de Catalunya	Not reported		Not listed	https://www.protectedplanet.net/389123	European Environment Agency	2020-06-16	CDDA_v18_29-05-2020
1095	1144	555538264	ES0000121		Illots de Benidorm i Serra Gelada	Illots de Benidorm i Serra Gelada	Special Protection Area (Birds Directive)	Special Protection Area (Birds Directive)	Regional	Marine Natura 2000 site	Marine Protected Area	Secondary	Not reported	{ESP}	{MWE}	54.49	54.03	61.92	61.88	88	87	Designated	1991	Not reported	Conselleria d’Infraestructures,Territori i Medi Ambient. Generalitat Valenciana	Not reported		Not listed	https://natura2000.eea.europa.eu/?query=Natura2000Sites_9883_0,SITECODE,ES0000121	European Environment Agency	2020-06-19	N2K_end2019_21-04-2020
1594	1594	348799			Illots de Ponent	Illots de Ponent	Nature Reserve (Spain)	Reserva Natural	National	MPA with a national statute	Marine Protected Area	Main	IV - Habitat/species management area	{ESP}	{MWE}	0.0	2.95	1.54	5.25	0	56	Designated	2002	Not reported	Not reported	Not reported		Not listed	https://www.protectedplanet.net/348799	European Environment Agency	2020-06-16	CDDA_v18_29-05-2020; GIS layer modified by MedPAN (marine part added from the Spatial Data Infrastructure of the Balearic Islands)
1096			ES5310023		Illots de Ponent d'Eivissa	Illots de Ponent d'Eivissa	SPA (Birds Directive) + SCI (Habitats Directive)	SPA (Birds Directive) + SCI (Habitats Directive)	Regional	Marine Natura 2000 site	Marine Protected Area	Not reported	Not reported	{ESP}	{MWE}	23.85	23.05	25.37	25.37	94	91	Designated	2006	Not reported	Not reported	Not reported		Not listed	https://natura2000.eea.europa.eu/?query=Natura2000Sites_9883_0,SITECODE,ES5310023	European Environment Agency	2020-06-19	N2K_end2019_21-04-2020
1097			ES0000242		Illots de Santa Eulària, Rodona i es Canà	Illots de Santa Eulària, Rodona i es Canà	SPA (Birds Directive) + SCI (Habitats Directive)	SPA (Birds Directive) + SCI (Habitats Directive)	Regional	Marine Natura 2000 site	Marine Protected Area	Not reported	Not reported	{ESP}	{MWE}	0.63	0.59	0.7	0.7	90	84	Designated	2006	Not reported	Not reported	Not reported		Not listed	https://natura2000.eea.europa.eu/?query=Natura2000Sites_9883_0,SITECODE,ES0000242	European Environment Agency	2020-06-19	N2K_end2019_21-04-2020
1098	1098	348802			Irta	Irta	Nature Reserve (Spain)	Reserva Natural	National	MPA with a national statute	Marine Protected Area	Main	Not assigned	{ESP}	{MWE}	24.64	23.91	24.64	24.61	100	97	Designated	2002	Not reported	Generalitat Valenciana - Department of Agriculture, Environment, Climate Change and Rural Development	Not reported		Not listed	https://www.protectedplanet.net/348802	European Environment Agency	2020-06-16	CDDA_v18_29-05-2020
1099		555538405	ES0000270		Isla Cueva de Lobos	Isla Cueva de Lobos	Special Protection Area (Birds Directive)	Special Protection Area (Birds Directive)	Regional	Marine Natura 2000 site	Marine Protected Area	Not reported	Not reported	{ESP}	{MWE}	0.28	0.28	0.28	0.28	99	100	Designated	2001	Not reported	Oficina de Impulso Socioeconómico del Medio Ambiente. Dirección General de Medio Natural. Consejería de Empleo, Universidades, Empresa y Medio Ambiente. Comunidad Autónoma de la Región de Murcia	Not reported		Not listed	https://natura2000.eea.europa.eu/?query=Natura2000Sites_9883_0,SITECODE,ES0000270	European Environment Agency	2020-06-19	N2K_end2019_21-04-2020
1102	1102	555552483			Isla de Alborán	Isla de Alborán	Marine Reserve (Spain)	Reserva Marina	National	MPA with a national statute	Marine Protected Area	Main	VI - Protected area with sustainable use of natural resources	{ESP}	{MWE}	16.56	16.28	16.56	16.36	100	100	Designated	1997	Federal or national ministry or agency	Secretaría General de Pesca (MAPA)	Fully implemented		Not listed	https://www.mapa.gob.es/es/pesca/temas/proteccion-recursos-pesqueros/reservas-marinas-de-espana/isla-de-alboran/	Secretaría General de Pesca (MAPA)	2021-02-26	GIS layer from the Secretaría General de Pesca (MAPA)
1595	1595	348803			Isla de San Andrés	Isla de San Andrés	Natural Monument (Spain)	Monumento Natural	National	MPA with a national statute	Marine Protected Area	Main	III - Natural monument or feature	{ESP}	{MWE}	0.06	0.07	0.07	0.07	86	100	Designated	2003	Not reported	Not reported	Not reported		Not listed	https://www.protectedplanet.net/348803	Junta de Andalucía	2020-06-16	GIS layer created by MedPAN according to the information from the creation decree (Decreto 250/2003 de 9 de septiembre: BOJA número 188, de 30 de septiembre de 2003).
1103		555538406	ES0000271		Isla de las Palomas	Isla de las Palomas	Special Protection Area (Birds Directive)	Special Protection Area (Birds Directive)	Regional	Marine Natura 2000 site	Marine Protected Area	Not reported	Not reported	{ESP}	{MWE}	0.28	0.28	0.28	0.28	99	100	Designated	2001	Not reported	Oficina de Impulso Socioeconómico del Medio Ambiente. Dirección General de Medio Natural. Consejería de Empleo, Universidades, Empresa y Medio Ambiente. Comunidad Autónoma de la Región de Murcia	Not reported		Not listed	https://natura2000.eea.europa.eu/?query=Natura2000Sites_9883_0,SITECODE,ES0000271	European Environment Agency	2020-06-19	N2K_end2019_21-04-2020
1550			ES6300001		Islas Chafarinas	Islas Chafarinas	SPA (Birds Directive) + SAC (Habitats Directive)	SPA (Birds Directive) + SAC (Habitats Directive)	Regional	Marine Natura 2000 site	Marine Protected Area	Not reported	Not reported	{ESP}	{MWE}	4.56	4.47	5.07	5.07	90	88	Designated	1989	Federal or national ministry or agency	National Park Autonomous Body	Partially implemented		Not listed	https://natura2000.eea.europa.eu/?query=Natura2000Sites_9883_0,SITECODE,ES6300001	European Environment Agency	2020-06-19	N2K_end2019_21-04-2020
1105		555538391	ES0000256		Islas Hormigas	Islas Hormigas	Special Protection Area (Birds Directive)	Special Protection Area (Birds Directive)	Regional	Marine Natura 2000 site	Marine Protected Area	Not reported	Not reported	{ESP}	{MWE}	1.52	1.52	1.54	1.54	99	99	Designated	2000	Not reported	Oficina de Impulso Socioeconómico del Medio Ambiente. Dirección General de Medio Natural. Consejería de Empleo, Universidades, Empresa y Medio Ambiente. Comunidad Autónoma de la Región de Murcia	Not reported		Not listed	https://natura2000.eea.europa.eu/?query=Natura2000Sites_9883_0,SITECODE,ES0000256	European Environment Agency	2020-06-19	N2K_end2019_21-04-2020
978	1595	555588835	ES6110020		Islote de San Andrés	Islote de San Andrés	Special Area of Conservation (Habitats Directive)	Special Area of Conservation (Habitats Directive)	Regional	Marine Natura 2000 site	Marine Protected Area	Secondary	Not reported	{ESP}	{MWE}	0.41	0.42	0.42	0.42	97	100	Designated	2006	Not reported	Junta de Andalucía	Not reported		Not listed	https://natura2000.eea.europa.eu/?query=Natura2000Sites_9883_0,SITECODE,ES6110020	European Environment Agency	2020-06-19	N2K_end2019_21-04-2020
1110		555580778	ES0000023		L'Albufera	L'Albufera	Proposed Site of Community Importance (Habitats Directive)	Proposed Site of Community Importance (Habitats Directive)	Regional	Marine Natura 2000 proposed site	Site of conservation interest	Not reported	Not reported	{ESP}	{MWE}	66.09	67.62	275.38	275.24	24	25	Proposed	2001	Not reported	Conselleria d’Infraestructures,Territori i Medi Ambient. Generalitat Valenciana	Not reported		Not listed	https://natura2000.eea.europa.eu/?query=Natura2000Sites_9883_0,SITECODE,ES0000023	European Environment Agency	2020-06-19	N2K_end2019_21-04-2020
1112			ES5212005		L'Almadrava	L'Almadrava	SPA (Birds Directive) + pSCI (Habitats Directive)	SPA (Birds Directive) + pSCI (Habitats Directive)	Regional	Marine Natura 2000 site	Marine Protected Area	Not reported	Not reported	{ESP}	{MWE}	22.39	22.37	22.39	22.37	100	100	Designated	2009	Not reported	Not reported	Not reported		Not listed	https://natura2000.eea.europa.eu/?query=Natura2000Sites_9883_0,SITECODE,ES5212005	European Environment Agency	2020-06-19	N2K_end2019_21-04-2020
1108			ES5310024		La Mola	La Mola	SPA (Birds Directive) + SCI (Habitats Directive)	SPA (Birds Directive) + SCI (Habitats Directive)	Regional	Marine Natura 2000 site	Marine Protected Area	Not reported	Not reported	{ESP}	{MWE}	10.95	10.71	21.9	21.91	50	49	Designated	2006	Not reported	Not reported	Not reported		Not listed	https://natura2000.eea.europa.eu/?query=Natura2000Sites_9883_0,SITECODE,ES5310024	European Environment Agency	2020-06-19	N2K_end2019_21-04-2020
1113	1113		ES5120015		Litoral del Baix Empordà	Litoral del Baix Empordà	SPA (Birds Directive) + SAC (Habitats Directive)	SPA (Birds Directive) + SAC (Habitats Directive)	Regional	Marine Natura 2000 site	Marine Protected Area	Main	Not reported	{ESP}	{MWE}	18.31	17.43	33.9	33.94	54	51	Designated	2005	Sub-national ministry or agency	Generalitat de Catalunya - Department of Territory and Sustainability (2019)	Inexistent		Not listed	https://natura2000.eea.europa.eu/?query=Natura2000Sites_9883_0,SITECODE,ES5120015	European Environment Agency	2020-06-19	N2K_end2019_21-04-2020
1114	1114	555523677	ES5140001		Litoral meridional tarragoní	Litoral meridional tarragoní	Special Area of Conservation (Habitats Directive)	Special Area of Conservation (Habitats Directive)	Regional	Marine Natura 2000 site	Marine Protected Area	Main	Not reported	{ESP}	{MWE}	46.1	45.83	49.04	49.07	94	93	Designated	2008	Not reported	Generalitat de Catalunya - Department of Agriculture, Livestock, Fisheries and Food	Fully implemented	http://www.gencat.cat/mediamb/xn2000/Acuerdo_150_2014_Anejo6_Instrumento_Gestion.pdf	Not listed	https://natura2000.eea.europa.eu/?query=Natura2000Sites_9883_0,SITECODE,ES5140001	European Environment Agency	2020-06-19	N2K_end2019_21-04-2020
1115	1115	555552488			Llevant De Mallorca - Cala Ratjada	Llevant De Mallorca - Cala Ratjada	Marine Reserve (Spain)	Reserva Marina	National	MPA with a national statute	Marine Protected Area	Main	VI - Protected area with sustainable use of natural resources	{ESP}	{MWE}	113.84	112.17	113.84	113.1	100	99	Designated	2007	Not reported	Secretaría General de Pesca (MAPA) y Consellería d’Agricultura, Pesca i Alimentació del Govern de les Illes Balears	Fully implemented		Not listed	https://www.mapa.gob.es/es/pesca/temas/proteccion-recursos-pesqueros/reservas-marinas-de-espana/levante-de-mallorca-cala-rajada/	European Environment Agency	2020-06-16	CDDA_v18_29-05-2020
1116		555538395	ES0000260		Mar Menor	Mar Menor	Special Protection Area (Birds Directive)	Special Protection Area (Birds Directive)	Regional	Marine Natura 2000 site	Marine Protected Area	Not reported	Not reported	{ESP}	{MWE}	133.86	133.11	145.5	145.48	92	91	Designated	2001	Not reported	Oficina de Impulso Socioeconómico del Medio Ambiente. Dirección General de Medio Natural. Consejería de Empleo, Universidades, Empresa y Medio Ambiente. Comunidad Autónoma de la Región de Murcia	Not reported		Not listed	https://natura2000.eea.europa.eu/?query=Natura2000Sites_9883_0,SITECODE,ES0000260	European Environment Agency	2020-06-19	N2K_end2019_21-04-2020
1281		102876		706	Mar Menor	Mar Menor	Ramsar site	Ramsar site	International	Ramsar site	Site of conservation interest	Not reported	Not reported	{ESP}	{MWE}	0.0	138.02	149.33	150.5	0	92	Designated	1994	Not reported	Region de Murcia	Not reported		Not listed	https://rsis.ramsar.org/ris/706	Secretaría General de Pesca (MAPA)	2015-01-09	Data downloaded from the MAGRAMA website (http://www.magrama.gob.es/es/biodiversidad/servicios/banco-datos-naturaleza/informacion-disponible/ramsar.aspx).
1596		555524031	ES6200030		Mar Menor	Mar Menor	Special Area of Conservation (Habitats Directive)	Special Area of Conservation (Habitats Directive)	Regional	Marine Natura 2000 site	Marine Protected Area	Not reported	Not reported	{ESP}	{MWE}	134.47	132.89	135.83	135.81	99	98	Designated	2006	Not reported	Oficina de Impulso Socioeconómico del Medio Ambiente. Dirección General de Medio Natural. Consejería de Empleo, Universidades, Empresa y Medio Ambiente. Comunidad Autónoma de la Región de Murcia	Not reported		Not listed	https://natura2000.eea.europa.eu/?query=Natura2000Sites_9883_0,SITECODE,ES6200030	European Environment Agency	2020-06-19	N2K_end2019_21-04-2020
1117	1117	365014			Mar Menor and Oriental Mediterranean zone of the Region of Murcia coast	Mar Menor and Oriental Mediterranean zone of the Region of Murcia coast	SPAMI	Specially Protected Area of Mediterranean Importance	Regional	SPAMI	Marine Protected Area	Main	Not assigned	{ESP}	{MWE}	257.28	257.82	275.03	274.97	94	94	Adopted	2007	Not reported	Region de Murcia	Not reported		Not listed	http://www.rac-spa.org/sites/default/files/doc_spamis/spamis/19_mar_menor.pdf	Secretaría General de Pesca (MAPA)		GIS layer overlapping with 5 sites with a national statute (WDPA IDs: 15509, 71229, 348881, 555552487 and 555691751) and 12 Natura 2000 sites (ES0000175, ES0000200, ES0000256, ES0000260, ES0000508, ES6200001, ES6200006, ES6200007, ES6200029, ES6200030, ES6200048 and ESZZ16009).
1597	1047	555546014			Marina de Les Medes	Marina de Les Medes	Parcial Nature Reserve (Spain, Catalonia)	Reserve Natural Parcial	National	MPA with a national statute	Marine Protected Area	Zone	IV - Habitat/species management area	{ESP}	{MWE}	1.01	0.88	1.24	1.01	81	87	Designated	2010	Not reported	Ministerio de Agricultura y Pesca, Alimentación y Medio Ambiente	Not reported		Not listed	https://www.protectedplanet.net/555546014	European Environment Agency	2020-06-16	CDDA_v18_29-05-2020; GIS layer modified by MedPAN (removal of overlay areas with the Integral Nature Reserve).
980	979	365022			Maro-Cerro Gordo Cliffs	Maro-Cerro Gordo Cliffs	SPAMI	Specially Protected Area of Mediterranean Importance	Regional	SPAMI	Marine Protected Area	Secondary	Not assigned	{ESP}	{MWE}	14.2	15.09	18.16	19.14	78	79	Adopted	2003	Not reported	Comunidad Autonoma de Andalucia	Not reported		Not listed	http://www.rac-spa.org/sites/default/files/doc_spamis/spamis/20_cerro_gordo.pdf	European Environment Agency	2020-06-16	GIS layer identical to that of the Nature Place (WDPA ID: 349187)
1120	1119	389127			Massis de les Cadiretes	Massis de les Cadiretes	Plan for Areas of Natural Interest (Spain, Catalonia)	Pla d'Espais d'Interès Natural	National	MPA with a national statute	Marine Protected Area	Secondary	V - Protected landscape/seascape	{ESP}	{MWE}	14.73	13.83	92.52	92.05	16	15	Designated	1992	Sub-national ministry or agency	Generalitat de Catalunya - Department of Agriculture, Livestock, Fisheries and Food	Inexistent		Not listed	https://www.protectedplanet.net/389127	European Environment Agency	2020-06-16	CDDA_v18_29-05-2020
1119	1119		ES5120013		Massís de les Cadiretes	Massís de les Cadiretes	SPA (Birds Directive) + SAC (Habitats Directive)	SPA (Birds Directive) + SAC (Habitats Directive)	Regional	Marine Natura 2000 site	Marine Protected Area	Main	Not reported	{ESP}	{MWE}	14.72	13.82	91.97	92.04	16	15	Designated	2006	Sub-national ministry or agency	Generalitat de Catalunya - Department of Territory and Sustainability (2019)	Inexistent		Not listed	https://natura2000.eea.europa.eu/?query=Natura2000Sites_9883_0,SITECODE,ES5120013	European Environment Agency	2020-06-19	N2K_end2019_21-04-2020
1118	1118	555552489			Masía Blanca	Masía Blanca	Marine Reserve (Spain)	Reserva Marina	National	MPA with a national statute	Marine Protected Area	Main	II - National park	{ESP}	{MWE}	4.47	4.41	4.47	4.46	100	99	Designated	1999	Federal or national ministry or agency	Secretaría General de Pesca (MAPA)	Fully implemented		Not listed	https://www.mapa.gob.es/es/pesca/temas/proteccion-recursos-pesqueros/reservas-marinas-de-espana/masia-blanca/	European Environment Agency	2020-06-16	CDDA_v18_29-05-2020
1106	1047	365010			Medes Islands	Medes Islands	SPAMI	Specially Protected Area of Mediterranean Importance	Regional	SPAMI	Marine Protected Area	Secondary	Not assigned	{ESP}	{MWE}	5.78	4.14	6.03	4.19	96	99	Adopted	2007	Not reported	Comunidad Autonoma de Cataluña	Not reported		Not listed	http://www.rac-spa.org/sites/default/files/doc_spamis/spamis/21_medes_island.pdf	European Environment Agency	2020-06-24	GIS layer identical to that of the Peripheral Area of the Parcial Nature Reserve (WDPA ID: 555546014), included in the Nature Park (WDPA ID: 555546001)
1598	1598	61525			Menorca	Menorca	Biosphere Reserve	Biosphere Reserve	International	Biosphere reserve	Site of conservation interest	Main	Not applicable	{ESP}	{MWE}	4450.05	4444.57	5144.85	5147.57	86	86	Designated	1993	Not reported	Not reported	Not reported		Not listed	https://en.unesco.org/biosphere/eu-na/menorca	Consell Insular de Menorca	2020-06-22	GIS layer retrieved from the Island Council of Menorca
1121	1121				Migjorn De Mallorca	Migjorn De Mallorca	Marine Reserve (Spain, Balearic Islands)	Reserve Marine de les Illes Balears	National	MPA with a national statute	Marine Protected Area	Main	Not assigned	{ESP}	{MWE}	223.32	220.9	223.32	223.41	100	99	Designated	2002	Sub-national ministry or agency	Balearic Islands Government - Department of Environment, Agriculture and Fisheries	Inexistent		Not listed	http://www.caib.es/sites/reservesmarines/ca/descripcio-858/	Govern de les Illes Balears	2020-06-17	Spatial Data Infrastructure of the Balearic Islands
1122		555523683	ES5211007		Montgó	Montgó	Proposed Site of Community Importance (Habitats Directive)	Proposed Site of Community Importance (Habitats Directive)	Regional	Marine Natura 2000 proposed site	Site of conservation interest	Not reported	Not reported	{ESP}	{MWE}	8.43	7.77	30.09	30.06	28	26	Proposed	1997	Not reported	Conselleria d’Infraestructures,Territori i Medi Ambient. Generalitat Valenciana	Not reported		Not listed	https://natura2000.eea.europa.eu/?query=Natura2000Sites_9883_0,SITECODE,ES5211007	European Environment Agency	2020-06-19	N2K_end2019_21-04-2020
1123	1016	555538578	ES0000454		Montgó-Cap de Sant Antoni	Montgó-Cap de Sant Antoni	Special Protection Area (Birds Directive)	Special Protection Area (Birds Directive)	Regional	Marine Natura 2000 site	Marine Protected Area	Secondary	Not reported	{ESP}	{MWE}	8.43	7.77	30.1	30.06	28	26	Designated	2009	Not reported	Conselleria d’Infraestructures,Territori i Medi Ambient. Generalitat Valenciana	Not reported		Not listed	https://natura2000.eea.europa.eu/?query=Natura2000Sites_9883_0,SITECODE,ES0000454	European Environment Agency	2020-06-19	N2K_end2019_21-04-2020
1126	1113	389140			Muntanyes De Begur	Muntanyes De Begur	Plan for Areas of Natural Interest (Spain, Catalonia)	Pla d'Espais d'Interès Natural	National	MPA with a national statute	Marine Protected Area	Secondary	V - Protected landscape/seascape	{ESP}	{MWE}	10.5	9.84	21.85	21.73	48	45	Designated	1992	Not reported	Direcció General de Pesca i Afers Marítims (pour la réservé de pêche) / Direcció General del Medi Natural (Generalitat de Catalunya)	Inexistent		Not listed	https://www.protectedplanet.net/389140	European Environment Agency	2020-06-16	CDDA_v18_29-05-2020
1125			ES0000227		Muntanyes d'Artà	Muntanyes d'Artà	SPA (Birds Directive) + SCI (Habitats Directive)	SPA (Birds Directive) + SCI (Habitats Directive)	Regional	Marine Natura 2000 site	Marine Protected Area	Not reported	Not reported	{ESP}	{MWE}	55.88	55.71	147.05	147.17	38	38	Designated	2006	Not reported	Not reported	Not reported		Not listed	https://natura2000.eea.europa.eu/?query=Natura2000Sites_9883_0,SITECODE,ES0000227	European Environment Agency	2020-06-19	N2K_end2019_21-04-2020
1128	1128				Nord de Menorca	Nord de Menorca	Marine Reserve (Spain, Balearic Islands)	Reserve Marine de les Illes Balears	National	MPA with a national statute	Marine Protected Area	Main	IV - Habitat/species management area	{ESP}	{MWE}	51.19	49.24	51.19	50.89	100	97	Designated	1999	Sub-national ministry or agency	Balearic Islands Government - Department of Environment, Agriculture and Fisheries	Inexistent		Not listed	http://www.caib.es/sites/reservesmarines/ca/descripcio-867/	Govern de les Illes Balears	2020-06-17	Spatial Data Infrastructure of the Balearic Islands
1127		555523850	ES5310112		Nord de Sant Joan	Nord de Sant Joan	Site of Community Importance (Habitats Directive)	Site of Community Importance (Habitats Directive)	Regional	Marine Natura 2000 site	Marine Protected Area	Not reported	Not reported	{ESP}	{MWE}	4.82	4.53	19.28	19.29	25	23	Designated	2006	Not reported	Dirección General de Medio Natural, Educación Ambiental Y Cambio Climático. Gobierno de las Islas Baleares	Not reported		Not listed	https://natura2000.eea.europa.eu/?query=Natura2000Sites_9883_0,SITECODE,ES5310112	European Environment Agency	2020-06-19	N2K_end2019_21-04-2020
1599	1599	20955			Peñones de San Cristóbal	Peñones de San Cristóbal	Natural Monument (Spain)	Monumento Natural	National	MPA with a national statute	Marine Protected Area	Main	III - Natural monument or feature	{ESP}	{MWE}	0.01	0.02	0.02	0.02	42	100	Designated	2001	Not reported	Ministerio de Agricultura y Pesca, Alimentación y Medio Ambiente	Not reported		Not listed	https://www.protectedplanet.net/20955	European Environment Agency	2020-06-16	CDDA_v18_29-05-2020
1129	1129	389150			Pinya De Rosa	Pinya De Rosa	Plan for Areas of Natural Interest (Spain, Catalonia)	Pla d'Espais d'Interès Natural	National	MPA with a national statute	Marine Protected Area	Main	V - Protected landscape/seascape	{ESP}	{MWE}	0.14	0.08	0.86	0.85	16	9	Designated	2006	Sub-national ministry or agency	Territorial Services in Girona. Department of Territory and Sustainability. Generalitat of Catalunya	Inexistent		Not listed	https://www.protectedplanet.net/389150	European Environment Agency	2020-06-16	CDDA_v18_29-05-2020
1130		555593059	ES0000510		Plataforma-talud marinos del Cabo de la Nao	Plataforma-talud marinos del Cabo de la Nao	Special Protection Area (Birds Directive)	Special Protection Area (Birds Directive)	Regional	Marine Natura 2000 site	Marine Protected Area	Not reported	Not reported	{ESP}	{MWE}	2681.1	2678.56	2681.1	2679.54	100	100	Designated	2014	Not reported	Dirección General de Sostenibilidad de la Costa y del Mar - Ministerio de Agricultura, Alimentación y Medio Ambiente	Not reported		Not listed	https://natura2000.eea.europa.eu/?query=Natura2000Sites_9883_0,SITECODE,ES0000510	European Environment Agency	2020-06-19	N2K_end2019_21-04-2020
1131		555523819	ES5310081		Port des Canonge	Port des Canonge	Special Area of Conservation (Habitats Directive)	Special Area of Conservation (Habitats Directive)	Regional	Marine Natura 2000 site	Marine Protected Area	Not reported	Not reported	{ESP}	{MWE}	1.66	1.62	6.15	6.16	27	26	Designated	2006	Not reported	Dirección General de Medio Natural, Educación Ambiental Y Cambio Climático. Gobierno de las Islas Baleares	Fully implemented	http://www.caib.es/eboibfront/es/2015/10315/565417/decreto-49-2015-de-22-de-mayo-por-el-que-se-aprueb?&idEnviament=565417&mode=view&numero=10315	Not listed	https://natura2000.eea.europa.eu/?query=Natura2000Sites_9883_0,SITECODE,ES5310081	European Environment Agency	2020-06-19	N2K_end2019_21-04-2020
1132		555523837	ES5310099		Portocolom	Portocolom	Site of Community Importance (Habitats Directive)	Site of Community Importance (Habitats Directive)	Regional	Marine Natura 2000 site	Marine Protected Area	Not reported	Not reported	{ESP}	{MWE}	0.76	0.59	0.76	0.76	100	78	Designated	2006	Not reported	Dirección General de Medio Natural, Educación Ambiental Y Cambio Climático. Gobierno de las Islas Baleares	Not reported		Not listed	https://natura2000.eea.europa.eu/?query=Natura2000Sites_9883_0,SITECODE,ES5310099	European Environment Agency	2020-06-19	N2K_end2019_21-04-2020
1134		555548913	ES0000060		Prat de Cabanes i Torreblanca	Prat de Cabanes i Torreblanca	Proposed Site of Community Importance (Habitats Directive)	Proposed Site of Community Importance (Habitats Directive)	Regional	Marine Natura 2000 proposed site	Site of conservation interest	Not reported	Not reported	{ESP}	{MWE}	10.86	10.54	19.4	19.38	56	54	Proposed	1997	Not reported	Conselleria d’Infraestructures,Territori i Medi Ambient. Generalitat Valenciana	Not reported		Not listed	https://natura2000.eea.europa.eu/?query=Natura2000Sites_9883_0,SITECODE,ES0000060	European Environment Agency	2020-06-19	N2K_end2019_21-04-2020
1133		555538591	ES0000467		Prat de Cabanes i Torreblanca (ZEPA)	Prat de Cabanes i Torreblanca (ZEPA)	Special Protection Area (Birds Directive)	Special Protection Area (Birds Directive)	Regional	Marine Natura 2000 site	Marine Protected Area	Not reported	Not reported	{ESP}	{MWE}	10.88	10.54	19.43	19.41	56	54	Designated	1990	Not reported	Conselleria d’Infraestructures,Territori i Medi Ambient. Generalitat Valenciana	Not reported		Not listed	https://natura2000.eea.europa.eu/?query=Natura2000Sites_9883_0,SITECODE,ES0000467	European Environment Agency	2020-06-19	N2K_end2019_21-04-2020
1136		555523808	ES5310070		Punta Redona - Arenal d'en Castell	Punta Redona - Arenal d'en Castell	Site of Community Importance (Habitats Directive)	Site of Community Importance (Habitats Directive)	Regional	Marine Natura 2000 site	Marine Protected Area	Not reported	Not reported	{ESP}	{MWE}	9.74	9.04	10.04	10.05	97	90	Designated	2006	Not reported	Dirección General de Medio Natural, Educación Ambiental Y Cambio Climático. Gobierno de las Islas Baleares	Not reported		Not listed	https://natura2000.eea.europa.eu/?query=Natura2000Sites_9883_0,SITECODE,ES5310070	European Environment Agency	2020-06-19	N2K_end2019_21-04-2020
1600	1044	15452			Punta de la Banya	Punta de la Banya	Parcial Nature Reserve (Spain, Catalonia)	Reserve Natural Parcial	National	MPA with a national statute	Marine Protected Area	Zone	IV - Habitat/species management area	{ESP}	{MWE}	0.0	8.12	24.73	24.69	0	33	Designated	1986	Not reported	Ministerio de Agricultura y Pesca, Alimentación y Medio Ambiente	Not reported		Not listed	https://www.protectedplanet.net/15452	European Environment Agency	2020-06-16	CDDA_v18_29-05-2020
1135		555523834	ES5310096		Punta de n'Amer	Punta de n'Amer	Site of Community Importance (Habitats Directive)	Site of Community Importance (Habitats Directive)	Regional	Marine Natura 2000 site	Marine Protected Area	Not reported	Not reported	{ESP}	{MWE}	3.27	3.1	5.27	5.27	62	59	Designated	2006	Not reported	Dirección General de Medio Natural, Educación Ambiental Y Cambio Climático. Gobierno de las Islas Baleares	Not reported		Not listed	https://natura2000.eea.europa.eu/?query=Natura2000Sites_9883_0,SITECODE,ES5310096	European Environment Agency	2020-06-19	N2K_end2019_21-04-2020
1601	1601				Punta de sa Creu	Punta de sa Creu	Marine Reserve (Spain, Balearic Islands)	Reserve Marine de les Illes Balears	National	MPA with a national statute	Marine Protected Area	Main	Not assigned	{ESP}	{MWE}		9.56		9.86		97	Designated	2018	Not reported	Not reported	Not reported		Not listed	http://www.caib.es/sites/reservesmarines/ca/descripcio/	Govern de les Illes Balears	2020-06-17	Spatial Data Infrastructure of the Balearic Islands
1602	1044	151292			Punta del Fangar	Punta del Fangar	Nature Reserve of Wildlife (Spain, Catalonia)	Reserve Natural de Fauna Salvatge	National	MPA with a national statute	Marine Protected Area	Zone	IV - Habitat/species management area	{ESP}	{MWE}	1.88	1.33	7.39	7.38	25	18	Designated	1992	Not reported	Ministerio de Agricultura y Pesca, Alimentación y Medio Ambiente	Not reported		Not listed	https://www.protectedplanet.net/151292	European Environment Agency	2020-06-16	CDDA_v18_29-05-2020
1138	1139		ES0000234		S'Albufera des Grau	S'Albufera des Grau	SPA (Birds Directive) + SCI (Habitats Directive)	SPA (Birds Directive) + SCI (Habitats Directive)	Regional	Marine Natura 2000 site	Marine Protected Area	Secondary	Not reported	{ESP}	{MWE}	6.6	6.33	25.38	25.39	26	25	Designated	2006	Not reported	Balearic Islands Government - Department of Environment, Agriculture and Fisheries	Not reported		Not listed	https://natura2000.eea.europa.eu/?query=Natura2000Sites_9883_0,SITECODE,ES0000234	European Environment Agency	2020-06-19	N2K_end2019_21-04-2020
1139	1139	196293			S'Albufera des Grau	S'Albufera des Grau	Natural Park (Spain)	Parque Natural	National	MPA with a national statute	Marine Protected Area	Main	IV - Habitat/species management area	{ESP}	{MWE}	17.32	16.09	51.14	50.7	34	32	Designated	1995	Not reported	Ministerio de Agricultura y Pesca, Alimentación y Medio Ambiente	Not reported		Not listed	https://www.protectedplanet.net/196293	European Environment Agency	2020-06-16	CDDA_v18_29-05-2020
1603	1139	555546020			S'Albufera des Grau	S'Albufera des Grau	Nature Reserve (Spain)	Reserva Natural	National	MPA with a national statute	Marine Protected Area	Zone	Not assigned	{ESP}	{MWE}	0.11	0.1	1.18	1.17	9	9	Designated	2003	Not reported	Ministerio de Agricultura y Pesca, Alimentación y Medio Ambiente	Not reported		Not listed	https://www.protectedplanet.net/555546020	European Environment Agency	2020-06-16	CDDA_v18_29-05-2020
1149		555523820	ES5310082		S'Estaca - Punta de Deià	S'Estaca - Punta de Deià	Special Area of Conservation (Habitats Directive)	Special Area of Conservation (Habitats Directive)	Regional	Marine Natura 2000 site	Marine Protected Area	Not reported	Not reported	{ESP}	{MWE}	7.82	7.61	10.03	10.04	78	76	Designated	2006	Not reported	Dirección General de Medio Natural, Educación Ambiental Y Cambio Climático. Gobierno de las Islas Baleares	Fully implemented	http://www.caib.es/eboibfront/es/2015/10315/565417/decreto-49-2015-de-22-de-mayo-por-el-que-se-aprueb?&idEnviament=565417&mode=view&numero=10315	Not listed	https://natura2000.eea.europa.eu/?query=Natura2000Sites_9883_0,SITECODE,ES5310082	European Environment Agency	2020-06-19	N2K_end2019_21-04-2020
1137	1515		ES0000221		Sa Dragonera	Sa Dragonera	SPA (Birds Directive) + SCI (Habitats Directive)	SPA (Birds Directive) + SCI (Habitats Directive)	Regional	Marine Natura 2000 site	Marine Protected Area	Secondary	Not reported	{ESP}	{MWE}	9.92	9.58	12.72	12.73	78	75	Designated	2006	Not reported	Not reported	Not reported		Not listed	https://natura2000.eea.europa.eu/?query=Natura2000Sites_9883_0,SITECODE,ES0000221	European Environment Agency	2020-06-19	N2K_end2019_21-04-2020
1515	1515				Sa Dragonera	Sa Dragonera	Marine Reserve (Spain)	Reserva Marina	National	MPA with a national statute	Marine Protected Area	Main	VI - Protected area with sustainable use of natural resources	{ESP}	{MWE}	13.48	13.08	13.48	13.69	100	96	Designated	2016	Sub-national ministry or agency	Secretaría General de Pesca (MAPA) y Consellería d’Agricultura, Pesca i Alimentació del Govern de les Illes Balears	Fully implemented		Not listed	http://www.caib.es/sites/reservesmarines/ca/descripcia/	Secretaría General de Pesca (MAPA)	2021-02-22	GIS layer from the Secretaría General de Pesca (MAPA)
1140			ES0000175		Salinas y Arenales de San Pedro del Pinatar	Salinas y Arenales de San Pedro del Pinatar	SPA (Birds Directive) + SAC (Habitats Directive)	SPA (Birds Directive) + SAC (Habitats Directive)	Regional	Marine Natura 2000 site	Marine Protected Area	Not reported	Not reported	{ESP}	{MWE}	1.16	5.15	8.29	8.29	14	62	Designated	1999	Not reported	Not reported	Not reported		Not listed	https://natura2000.eea.europa.eu/?query=Natura2000Sites_9883_0,SITECODE,ES0000175	European Environment Agency	2020-06-19	N2K_end2019_21-04-2020
1604	1604	15509			Salinas y Arenales de San Pedro del Pinatar	Salinas y Arenales de San Pedro del Pinatar	Regional Park (Spain)	Parque Regional	National	MPA with a national statute	Marine Protected Area	Main	II - National park	{ESP}	{MWE}	1.2	5.24	8.65	8.65	14	61	Designated	1992	Not reported	Ministerio de Agricultura y Pesca, Alimentación y Medio Ambiente	Not reported		Not listed	https://www.protectedplanet.net/15509	European Environment Agency	2020-06-16	CDDA_v18_29-05-2020
1079	1081	365013			Sea Bottom of the Levante of Almeria	Sea Bottom of the Levante of Almeria	SPAMI	Specially Protected Area of Mediterranean Importance	Regional	SPAMI	Marine Protected Area	Secondary	Not assigned	{ESP}	{MWE}	63.11	63.06	63.13	63.16	100	100	Adopted	2007	Not reported	Comunidad Autonoma de Andalucia	Not reported		Not listed	http://www.rac-spa.org/sites/default/files/doc_spamis/spamis/18_levante_almeria.pdf	Secretaría General de Pesca (MAPA)		Not Reported
1141	1141	389035			Serra De Tramuntana	Serra De Tramuntana	Nature Place (Spain)	Paraje Natural	National	MPA with a national statute	Marine Protected Area	Main	Not assigned	{ESP}	{MWE}	0.0	12.45	634.02	630.73	0	2	Designated	2007	Sub-national ministry or agency	Government of the Balearic Islands (Govern de les Illes Balears)	Partially implemented		Not listed	https://www.protectedplanet.net/389035	European Environment Agency	2020-06-16	CDDA_v18_29-05-2020
1144	1144	349430			Serra Gelada	Serra Gelada	Natural Park (Spain)	Parque Natural	National	MPA with a national statute	Marine Protected Area	Main	II - National park	{ESP}	{MWE}	49.58	49.25	57.1	57.05	87	86	Designated	2005	Sub-national ministry or agency	Dirección General de Medio Natural e Impacto Ambiental - Conselleria de Desarrollo Rural, Emergencia Climática y Transición Ecológica	Partially implemented		Not listed	https://www.protectedplanet.net/349430	European Environment Agency	2020-06-16	CDDA_v18_29-05-2020
1145		555523697	ES5213021		Serra Gelada i Litoral de la Marina Baixa	Serra Gelada i Litoral de la Marina Baixa	Proposed Site of Community Importance (Habitats Directive)	Proposed Site of Community Importance (Habitats Directive)	Regional	Marine Natura 2000 proposed site	Site of conservation interest	Not reported	Not reported	{ESP}	{MWE}	51.09	50.59	55.53	55.48	92	91	Proposed	1997	Not reported	Conselleria d’Infraestructures,Territori i Medi Ambient. Generalitat Valenciana	Not reported		Not listed	https://natura2000.eea.europa.eu/?query=Natura2000Sites_9883_0,SITECODE,ES5213021	European Environment Agency	2020-06-19	N2K_end2019_21-04-2020
1142		555523722	ES5223036		Serra d'Irta	Serra d'Irta	Proposed Site of Community Importance (Habitats Directive)	Proposed Site of Community Importance (Habitats Directive)	Regional	Marine Natura 2000 proposed site	Site of conservation interest	Not reported	Not reported	{ESP}	{MWE}	20.58	19.99	97.98	97.86	21	20	Proposed	2001	Not reported	Conselleria d’Infraestructures,Territori i Medi Ambient. Generalitat Valenciana	Not reported		Not listed	https://natura2000.eea.europa.eu/?query=Natura2000Sites_9883_0,SITECODE,ES5223036	European Environment Agency	2020-06-19	N2K_end2019_21-04-2020
1605	1098				Serra d'Irta	Serra d'Irta	Marine Reserve (Spain, Valencia)	Reserve Marine de la Comunitat Valenciana	National	MPA with a national statute	Marine Protected Area	Secondary	Not assigned	{ESP}	{MWE}		8.9		9.59		93	Designated	2006	Not reported	Not reported	Not reported		Not listed	http://www.agroambient.gva.es/va/web/pesca/reservas-marinas	Generalitat Valenciana	2020-06-17	GIS layer created by MedPAN according to the information from the creation decree
1143	1098	555538568	ES0000444		Serra d'Irta (ZEPA)	Serra d'Irta (ZEPA)	Special Protection Area (Birds Directive)	Special Protection Area (Birds Directive)	Regional	Marine Natura 2000 site	Marine Protected Area	Secondary	Not reported	{ESP}	{MWE}	20.58	19.99	97.98	97.86	21	20	Designated	2009	Not reported	Conselleria d’Infraestructures,Territori i Medi Ambient. Generalitat Valenciana	Not reported		Not listed	https://natura2000.eea.europa.eu/?query=Natura2000Sites_9883_0,SITECODE,ES0000444	European Environment Agency	2020-06-19	N2K_end2019_21-04-2020
1146	1113				Ses Negres	Ses Negres	Closed Zone (Spain, Catalonia)	Zona Vedada	National	MPA with a national statute	Marine Protected Area	Zone	V - Protected landscape/seascape	{ESP}	{MWE}	0.0	0.24	0.8	0.24	0	100	Designated	1993	Sub-national ministry or agency	Generalitat de Catalunya - Department of Agriculture, Livestock, Fisheries and Food	Inexistent		Not listed	http://agricultura.gencat.cat/ca/ambits/pesca/proteccio-recursos-litoral/arees-marines-protegides/zona-vedada-cap-negre/	Generalitat de Catalunya	2016-05-31	GIS layer created by MedPAN according to the information from the creation decree (Orden de 3 de marzo de 1993 - DOGC núm. 1725, de 24 de marzo de 1993).
1148	1148	196166			Ses Salines d'Eivissa I Formentera	Ses Salines d'Eivissa I Formentera	Natural Park (Spain)	Parque Natural	National	MPA with a national statute	Marine Protected Area	Main	Not assigned	{ESP}	{MWE}	140.8	136.46	168.33	167.85	84	81	Designated	2001	Not reported	Balearic Islands Government - Department of Environment, Agriculture and Fisheries	Not reported		Not listed	https://www.protectedplanet.net/196166	European Environment Agency	2020-06-16	CDDA_v18_29-05-2020
1147			ES0000084		Ses Salines d'Eivissa i Formentera	Ses Salines d'Eivissa i Formentera	SPA (Birds Directive) + SAC (Habitats Directive)	SPA (Birds Directive) + SAC (Habitats Directive)	Regional	Marine Natura 2000 site	Marine Protected Area	Not reported	Not reported	{ESP}	{MWE}	136.41	132.34	164.35	164.41	83	80	Designated	2006	Not reported	Not reported	Not reported		Not listed	https://natura2000.eea.europa.eu/?query=Natura2000Sites_9883_0,SITECODE,ES0000084	European Environment Agency	2020-06-19	N2K_end2019_21-04-2020
1606	1148	555546019			Ses Salines d'Eivissa i Formentera	Ses Salines d'Eivissa i Formentera	Nature Reserve (Spain)	Reserva Natural	National	MPA with a national statute	Marine Protected Area	Secondary	Not assigned	{ESP}	{MWE}	4.35	4.13	13.87	13.83	31	30	Designated	2001	Not reported	Ministerio de Agricultura y Pesca, Alimentación y Medio Ambiente	Not reported		Not listed	https://www.protectedplanet.net/555546019	European Environment Agency	2020-06-16	CDDA_v18_29-05-2020
1150	1150	555593031	ESZZ16001		Sistema de cañones submarinos occidentales del Golfo de León	Sistema de cañones submarinos occidentales del Golfo de León	Proposed Site of Community Importance (Habitats Directive)	Proposed Site of Community Importance (Habitats Directive)	Regional	Marine Natura 2000 proposed site	Site of conservation interest	Main	Not reported	{ESP}	{MWE}	937.66	938.41	937.66	938.39	100	100	Proposed	2014	Not reported	Dirección General de Sostenibilidad de la Costa y del Mar- Ministerio de Agricultura, Alimentación y Medio Ambiente	Not reported		Not listed	https://natura2000.eea.europa.eu/?query=Natura2000Sites_9883_0,SITECODE,ESZZ16001	European Environment Agency	2020-06-19	N2K_end2019_21-04-2020
1151		555593033	ESZZ16003		Sur de Almería - Seco de los Olivos	Sur de Almería - Seco de los Olivos	Proposed Site of Community Importance (Habitats Directive)	Proposed Site of Community Importance (Habitats Directive)	Regional	Marine Natura 2000 proposed site	Site of conservation interest	Not reported	Not reported	{ESP}	{MWE}	2829.25	2832.1	2829.25	2831.35	100	100	Proposed	2014	Not reported	Dirección General de Sostenibilidad de la Costa y del Mar - Ministerio de Agricultura, Alimentación y Medio Ambiente	Not reported		Not listed	https://natura2000.eea.europa.eu/?query=Natura2000Sites_9883_0,SITECODE,ESZZ16003	European Environment Agency	2020-06-19	N2K_end2019_21-04-2020
1152			ES0000082		Tagomago	Tagomago	SPA (Birds Directive) + SCI (Habitats Directive)	SPA (Birds Directive) + SCI (Habitats Directive)	Regional	Marine Natura 2000 site	Marine Protected Area	Not reported	Not reported	{ESP}	{MWE}	4.93	4.81	5.54	5.54	89	87	Designated	2006	Not reported	Not reported	Not reported		Not listed	https://natura2000.eea.europa.eu/?query=Natura2000Sites_9883_0,SITECODE,ES0000082	European Environment Agency	2020-06-19	N2K_end2019_21-04-2020
1153	1040	555562410			Tamarit-Punta de la Móra-Costes del Tarragones	Tamarit-Punta de la Móra-Costes del Tarragones	Plan for Areas of Natural Interest (Spain, Catalonia)	Pla d'Espais d'Interès Natural	National	MPA with a national statute	Marine Protected Area	Secondary	V - Protected landscape/seascape	{ESP}	{MWE}	9.57	9.38	10.77	10.74	89	87	Designated	1992	Sub-national ministry or agency	Généralité de Catalogne - Département de territoire et développement durable	Inexistent		Not listed	https://www.protectedplanet.net/555562410	European Environment Agency	2020-06-16	CDDA_v18_29-05-2020
1607	1044				Terres de l'Ebre	Terres de l'Ebre	Biosphere Reserve	Biosphere Reserve	International	Biosphere reserve	Site of conservation interest	Secondary	Not applicable	{ESP}	{MWE}	801.65	817.1	3677.29	3676.44	22	22	Designated	2013	Not reported	Not reported	Not reported		Not listed	https://en.unesco.org/biosphere/eu-na/terres-de-l-ebre	Consorci de Polítiques Ambientals de les Terres de l'Ebre	2020-06-26	GIS layer retrieved from the Environmental Policy Consortium of Terres de l'Ebre
1154		555524049	ES6200048		Valles submarinos del Escarpe de Mazarrón	Valles submarinos del Escarpe de Mazarrón	Special Area of Conservation (Habitats Directive)	Special Area of Conservation (Habitats Directive)	Regional	Marine Natura 2000 site	Marine Protected Area	Not reported	Not reported	{ESP}	{MWE}	1540.82	1547.63	1540.82	1540.8	100	100	Designated	2006	Not reported	Dirección General de Sostenibilidad de la Costa y del Mar - Ministerio de Agricultura, Alimentación y Medio Ambiente	Fully implemented	https://www.boe.es/diario_boe/txt.php?id=BOE-A-2016-7738	Not listed	https://natura2000.eea.europa.eu/?query=Natura2000Sites_9883_0,SITECODE,ES6200048	European Environment Agency	2020-06-19	N2K_end2019_21-04-2020
1155		555593084	ES0000538		ZEPA Espacio marino de Ifac	ZEPA Espacio marino de Ifac	Special Protection Area (Birds Directive)	Special Protection Area (Birds Directive)	Regional	Marine Natura 2000 site	Marine Protected Area	Not reported	Not reported	{ESP}	{MWE}	9.33	8.67	9.33	9.32	100	93	Designated	2009	Not reported	Dirección General de Sostenibilidad de la Costa y del Mar - Ministerio de Agricultura, Alimentación y Medio Ambiente	Not reported		Not listed	https://natura2000.eea.europa.eu/?query=Natura2000Sites_9883_0,SITECODE,ES0000538	European Environment Agency	2020-06-19	N2K_end2019_21-04-2020
1156		555524052	ES6320001		Zona marítimo terrestre de los acantilados de Aguadú	Zona marítimo terrestre de los acantilados de Aguadú	Special Area of Conservation (Habitats Directive)	Special Area of Conservation (Habitats Directive)	Regional	Marine Natura 2000 site	Marine Protected Area	Not reported	Not reported	{ESP}	{MWE}	0.41	0.44	0.55	0.56	75	79	Designated	2013	Not reported	Consejeria Medio Ambiente	Fully implemented	http://www.melilla.es/melillaPortal/Bomeboletin.jsp?dboid=173006	Not listed	https://natura2000.eea.europa.eu/?query=Natura2000Sites_9883_0,SITECODE,ES6320001	European Environment Agency	2020-06-19	N2K_end2019_21-04-2020
1157		555524051	ES6310002		Zona marítimo-terrestre del Monte Hacho	Zona marítimo-terrestre del Monte Hacho	Proposed Site of Community Importance (Habitats Directive)	Proposed Site of Community Importance (Habitats Directive)	Regional	Marine Natura 2000 proposed site	Site of conservation interest	Not reported	Not reported	{ESP}	{MWE}	8.37	8.12	8.72	8.64	96	94	Proposed	1999	Not reported	Consejería de Medio Ambiente, Servicios Comunitarios y Barriadas; Ciudad de Ceuta.	Not reported		Not listed	https://natura2000.eea.europa.eu/?query=Natura2000Sites_9883_0,SITECODE,ES6310002	European Environment Agency	2020-06-19	N2K_end2019_21-04-2020
1111		555538595	ES0000471		l'Albufera (ZEPA)	l'Albufera (ZEPA)	Special Protection Area (Birds Directive)	Special Protection Area (Birds Directive)	Regional	Marine Natura 2000 site	Marine Protected Area	Not reported	Not reported	{ESP}	{MWE}	84.93	85.08	292.86	292.7	29	29	Designated	1988	Not reported	Conselleria d’Infraestructures,Territori i Medi Ambient. Generalitat Valenciana	Not reported		Not listed	https://natura2000.eea.europa.eu/?query=Natura2000Sites_9883_0,SITECODE,ES0000471	European Environment Agency	2020-06-19	N2K_end2019_21-04-2020
991		555523841	ES5310103		Àrea marina Cap de cala Figuera	Àrea marina Cap de cala Figuera	Site of Community Importance (Habitats Directive)	Site of Community Importance (Habitats Directive)	Regional	Marine Natura 2000 site	Marine Protected Area	Not reported	Not reported	{ESP}	{MWE}	1.29	1.22	1.29	1.29	100	95	Designated	2006	Not reported	Dirección General de Medio Natural, Educación Ambiental Y Cambio Climático. Gobierno de las Islas Baleares	Not reported		Not listed	https://natura2000.eea.europa.eu/?query=Natura2000Sites_9883_0,SITECODE,ES5310103	European Environment Agency	2020-06-19	N2K_end2019_21-04-2020
992		555523835	ES5310097		Àrea marina Costa de Llevant	Àrea marina Costa de Llevant	Site of Community Importance (Habitats Directive)	Site of Community Importance (Habitats Directive)	Regional	Marine Natura 2000 site	Marine Protected Area	Not reported	Not reported	{ESP}	{MWE}	19.99	20.01	19.99	20.0	100	100	Designated	2006	Not reported	Dirección General de Medio Natural, Educación Ambiental Y Cambio Climático. Gobierno de las Islas Baleares	Not reported		Not listed	https://natura2000.eea.europa.eu/?query=Natura2000Sites_9883_0,SITECODE,ES5310097	European Environment Agency	2020-06-19	N2K_end2019_21-04-2020
999		555523849	ES5310111		Àrea marina Platja de Migjorn	Àrea marina Platja de Migjorn	Site of Community Importance (Habitats Directive)	Site of Community Importance (Habitats Directive)	Regional	Marine Natura 2000 site	Marine Protected Area	Not reported	Not reported	{ESP}	{MWE}	20.46	19.34	20.46	20.47	100	94	Designated	2006	Not reported	Dirección General de Medio Natural, Educación Ambiental Y Cambio Climático. Gobierno de las Islas Baleares	Not reported		Not listed	https://natura2000.eea.europa.eu/?query=Natura2000Sites_9883_0,SITECODE,ES5310111	European Environment Agency	2020-06-19	N2K_end2019_21-04-2020
1000		555523848	ES5310110		Àrea marina Platja de Tramuntana	Àrea marina Platja de Tramuntana	Site of Community Importance (Habitats Directive)	Site of Community Importance (Habitats Directive)	Regional	Marine Natura 2000 site	Marine Protected Area	Not reported	Not reported	{ESP}	{MWE}	14.22	13.7	14.22	14.22	100	96	Designated	2006	Not reported	Dirección General de Medio Natural, Educación Ambiental Y Cambio Climático. Gobierno de las Islas Baleares	Not reported		Not listed	https://natura2000.eea.europa.eu/?query=Natura2000Sites_9883_0,SITECODE,ES5310110	European Environment Agency	2020-06-19	N2K_end2019_21-04-2020
1001	1591	555523811	ES5310073		Àrea marina Punta Prima - Illa de l'Aire	Àrea marina Punta Prima - Illa de l'Aire	Site of Community Importance (Habitats Directive)	Site of Community Importance (Habitats Directive)	Regional	Marine Natura 2000 site	Marine Protected Area	Secondary	Not reported	{ESP}	{MWE}	13.21	12.89	13.21	13.22	100	98	Designated	2006	Not reported	Dirección General de Medio Natural, Educación Ambiental Y Cambio Climático. Gobierno de las Islas Baleares	Not reported		Not listed	https://natura2000.eea.europa.eu/?query=Natura2000Sites_9883_0,SITECODE,ES5310073	European Environment Agency	2020-06-19	N2K_end2019_21-04-2020
995		555523845	ES5310107		Àrea marina de Tagomago	Àrea marina de Tagomago	Site of Community Importance (Habitats Directive)	Site of Community Importance (Habitats Directive)	Regional	Marine Natura 2000 site	Marine Protected Area	Not reported	Not reported	{ESP}	{MWE}	7.44	7.13	7.44	7.44	100	96	Designated	2006	Not reported	Dirección General de Medio Natural, Educación Ambiental Y Cambio Climático. Gobierno de las Islas Baleares	Not reported		Not listed	https://natura2000.eea.europa.eu/?query=Natura2000Sites_9883_0,SITECODE,ES5310107	European Environment Agency	2020-06-19	N2K_end2019_21-04-2020
993		555523847	ES5310109		Àrea marina de cala Saona	Àrea marina de cala Saona	Site of Community Importance (Habitats Directive)	Site of Community Importance (Habitats Directive)	Regional	Marine Natura 2000 site	Marine Protected Area	Not reported	Not reported	{ESP}	{MWE}	4.51	4.3	4.51	4.51	100	95	Designated	2006	Not reported	Dirección General de Medio Natural, Educación Ambiental Y Cambio Climático. Gobierno de las Islas Baleares	Not reported		Not listed	https://natura2000.eea.europa.eu/?query=Natura2000Sites_9883_0,SITECODE,ES5310109	European Environment Agency	2020-06-19	N2K_end2019_21-04-2020
994		555523844	ES5310106		Àrea marina de ses Margalides	Àrea marina de ses Margalides	Site of Community Importance (Habitats Directive)	Site of Community Importance (Habitats Directive)	Regional	Marine Natura 2000 site	Marine Protected Area	Not reported	Not reported	{ESP}	{MWE}	1.0	0.86	1.0	0.99	100	87	Designated	2006	Not reported	Dirección General de Medio Natural, Educación Ambiental Y Cambio Climático. Gobierno de las Islas Baleares	Not reported		Not listed	https://natura2000.eea.europa.eu/?query=Natura2000Sites_9883_0,SITECODE,ES5310106	European Environment Agency	2020-06-19	N2K_end2019_21-04-2020
997		555523773	ES5310035		Àrea marina del Nord de Menorca	Àrea marina del Nord de Menorca	Site of Community Importance (Habitats Directive)	Site of Community Importance (Habitats Directive)	Regional	Marine Natura 2000 site	Marine Protected Area	Not reported	Not reported	{ESP}	{MWE}	50.96	49.26	50.96	50.99	100	97	Designated	2006	Not reported	Dirección General de Medio Natural, Educación Ambiental Y Cambio Climático. Gobierno de las Islas Baleares	Not reported		Not listed	https://natura2000.eea.europa.eu/?query=Natura2000Sites_9883_0,SITECODE,ES5310035	European Environment Agency	2020-06-19	N2K_end2019_21-04-2020
998		555523774	ES5310036		Àrea marina del Sud de Ciutadella	Àrea marina del Sud de Ciutadella	Site of Community Importance (Habitats Directive)	Site of Community Importance (Habitats Directive)	Regional	Marine Natura 2000 site	Marine Protected Area	Not reported	Not reported	{ESP}	{MWE}	22.39	21.49	22.39	22.41	100	96	Designated	2006	Not reported	Dirección General de Medio Natural, Educación Ambiental Y Cambio Climático. Gobierno de las Islas Baleares	Not reported		Not listed	https://natura2000.eea.europa.eu/?query=Natura2000Sites_9883_0,SITECODE,ES5310036	European Environment Agency	2020-06-19	N2K_end2019_21-04-2020
996		555523846	ES5310108		Área marina del cap Martinet	Área marina del cap Martinet	Special Area of Conservation (Habitats Directive)	Special Area of Conservation (Habitats Directive)	Regional	Marine Natura 2000 site	Marine Protected Area	Not reported	Not reported	{ESP}	{MWE}	5.53	5.09	5.53	5.53	100	92	Designated	2006	Not reported	Dirección General de Sostenibilidad de la Costa y del Mar - Ministerio de Agricultura, Alimentación y Medio Ambiente	Fully implemented	https://www.boe.es/diario_boe/txt.php?id=BOE-A-2016-7738	Not listed	https://natura2000.eea.europa.eu/?query=Natura2000Sites_9883_0,SITECODE,ES5310108	European Environment Agency	2020-06-19	N2K_end2019_21-04-2020
1505	1505				Pelagos Sanctuary for Marine Mammals	Pelagos Sanctuary for Marine Mammals	International Agreement	International Agreement	International	Pelagos Sanctuary	Marine Protected Area	Main	Not applicable	{FRA,ITA,MCO}	{MWE}	87500.0	87658.83	87500.0	87829.89	100	100	Designated	1999	Transboundary governance	Gouvernement Princier (MCO) / Ministère de la Transition écologique et solidaire (FRA) / Ministero dell'Ambiente e della Tutela del Territorio e del Mare (ITA)	Partially implemented		Not listed	https://www.sanctuaire-pelagos.org/en/	Office français de la biodiversité	2020-06-30	Portail AMP France
441	1505	365015			Pelagos Sanctuary for the Conservation of Marine Mammals	Pelagos Sanctuary for the Conservation of Marine Mammals	SPAMI	Specially Protected Area of Mediterranean Importance	Regional	SPAMI	Marine Protected Area	Secondary	Not assigned	{FRA,ITA,MCO}	{MWE}	87589.0	87658.83	87589.0	87829.89	100	100	Adopted	2001	Not reported	Permanent Secretariat of the Pelagos Sanctuary	Not reported		Not listed	http://www.rac-spa.org/sites/default/files/doc_spamis/spamis/25_pelagos.pdf	Office français de la biodiversité	2020-06-30	GIS layer identical to that of the Pelagos Sanctuary (WDPA ID not assigned).
1351	1351				Strait of Bonifacio	Strait of Bonifacio	Particularly Sensitive Sea Area	Particularly Sensitive Sea Area	International	Particularly Sensitive Sea Area	OECM (potential)	Main	Not applicable	{FRA,ITA}	{MWE}		10909.12		10955.73		100	Designated	2011	Not reported	Not reported	Not reported		Not listed	http://www.imo.org/en/ourwork/environment/pssas/pages/default.aspx	International Maritime Organization	2015-12-22	GIS layer digitised by MedPAN on Qgis 2.10 using the coordinates and the map provided in the Resolution MEPC.204(62) about the designation of the Strait of Bonifacio as a Particularly Sensitive Sea Area. Latitude of point E as provided in the text being wrong, it has been corrected according to the map.
1608	1608				Agriate	Agriate	Maritime public domain (Conservatoire du littoral, France)	Domaine public maritime (Conservatoire du littoral)	National	MPA with a national statute	Marine Protected Area	Main	Not assigned	{FRA}	{MWE}	6.68	0.4	11.06	0.45	60	89	Designated	2006	Not reported	Not reported	Not reported		Not listed	http://www.amp.afbiodiversite.fr/accueil_fr/rechercher/fiche_didentite_dune_amp?wdpaid=106767&gid=3804	Office français de la biodiversité	2020-06-17	Portail AMP France
357	1514	555526886	FR9400570		Agriates	Agriates	Special Area of Conservation (Habitats Directive)	Special Area of Conservation (Habitats Directive)	Regional	Marine Natura 2000 site	Marine Protected Area	Secondary	Not reported	{FRA}	{MWE}	231.43	228.97	296.7	296.66	78	77	Designated	2006	Government-delegated management	Parc naturel marin du Cap Corse et de l'Agriate/Parcu naturale marinu di u capicorsu è di l'Agriate	Partially implemented		Not listed	https://natura2000.eea.europa.eu/?query=Natura2000Sites_9883_0,SITECODE,FR9400570	European Environment Agency	2020-06-19	N2K_end2019_21-04-2020
361		555526942	FR9402010		Baie de Stagnolu, golfu di Sognu, Golfe de Porto-Vecchio	Baie de Stagnolu, golfu di Sognu, Golfe de Porto-Vecchio	Special Area of Conservation (Habitats Directive)	Special Area of Conservation (Habitats Directive)	Regional	Marine Natura 2000 site	Marine Protected Area	Not reported	Not reported	{FRA}	{MWE}	20.53	19.52	20.74	20.58	99	95	Designated	2009	Not reported	Etat sous l'autorité du préfet de département de Corse du Sud et du préfet maritime de Méditerranée	Not reported		Not listed	https://natura2000.eea.europa.eu/?query=Natura2000Sites_9883_0,SITECODE,FR9402010	European Environment Agency	2020-06-19	N2K_end2019_21-04-2020
360		555526876	FR9301998		Baie de la Ciotat	Baie de la Ciotat	Special Area of Conservation (Habitats Directive)	Special Area of Conservation (Habitats Directive)	Regional	Marine Natura 2000 site	Marine Protected Area	Not reported	Not reported	{FRA}	{MWE}	17.55	16.96	17.55	17.53	100	97	Designated	2009	Local communities	Mairie de la ciotat	Inexistent		Not listed	https://natura2000.eea.europa.eu/?query=Natura2000Sites_9883_0,SITECODE,FR9301998	European Environment Agency	2020-06-19	N2K_end2019_21-04-2020
362		555526835	FR9301573		Baie et cap d'Antibes - îles de Lerins	Baie et cap d'Antibes - îles de Lerins	Special Area of Conservation (Habitats Directive)	Special Area of Conservation (Habitats Directive)	Regional	Marine Natura 2000 site	Marine Protected Area	Not reported	Not reported	{FRA}	{MWE}	133.26	132.87	135.98	135.87	98	98	Designated	2009	Not reported	Not reported	Fully implemented	http://natura2000.mnhn.fr/uploads/doc/PRODBIOTOP/958_DOCOB_lien_internet_SIDE.txt	Not listed	https://natura2000.eea.europa.eu/?query=Natura2000Sites_9883_0,SITECODE,FR9301573	European Environment Agency	2020-06-19	N2K_end2019_21-04-2020
363	371	555526789	FR9102014		Bancs sableux de l'Espiguette	Bancs sableux de l'Espiguette	Special Area of Conservation (Habitats Directive)	Special Area of Conservation (Habitats Directive)	Regional	Marine Natura 2000 site	Marine Protected Area	Secondary	Not reported	{FRA}	{MWE}	88.96	87.05	88.96	87.72	100	99	Designated	2009	Joint governance	"Syndicat mixte ""Parc Naturel Régional de Camargue"""	Inexistent		Not listed	https://natura2000.eea.europa.eu/?query=Natura2000Sites_9883_0,SITECODE,FR9102014	European Environment Agency	2020-06-19	N2K_end2019_21-04-2020
438	438	178271			Bouches De Bonifacio	Bouches De Bonifacio	Corsican Nature Reserve (France)	Réserve Naturelle Corse	National	MPA with a national statute	Marine Protected Area	Main	IV - Habitat/species management area	{FRA}	{MWE}	786.65	790.75	794.6	797.67	99	99	Designated	1999	Local communities	La Réserve Naturelle des Bouches de Bonifacio (RNBB) est gérée par lOffice de lEnvironnement de la Corse (OEC), établissement public industriel et commercial chargé dimpulser et de coordonner la politique régionale environnementale.Elle a intégré une dimension transfrontalière en devenant officiellement la partie française du Parc Marin International des Bouches de Bonifacio. En effet, après plus de 15 ans de coopération, la France et l’Italie ont officialisé le 7 décembre 2012 à Bonifacio la création du Groupement Européen de Coopération Territoriale - Parc Marin International des Bouches de Bonifacio (GECT-PMIBB), liant l’OEC en sa qualité de gestionnaire de la RNBB (79 640 ha), de la Réserve Naturelle des Tre Padule de Suartone (217 ha) et des terrains du Conservatoire du Littoral situés sur cinq communes (4 000 ha), et le Parc National de l’Archipel de La Maddalena (20 150 ha), dans un espace unique de coopération et de gouvernance afin de répondre aux enjeux environnementaux du détroit international de Bonifacio.Ce GECT a pour objectif d’assurer un programme d’actions coordonnées entre les deux zones protégées afin d’apporter des réponses concrètes aux problématiques environnementales à l’échelle des Bouches de Bonifacio. Cette structure, dotée d’une personnalité juridique, a vocation à représenter les préoccupations territoriales au niveau international, comme par exemple le renforcement de la sécurité maritime.Le renforcement de la coopération transfrontalière, guidée par un plan daction, permettra la mise en place d’outils réellement dimensionnés à cette zone sensible, guidés par des objectifs communs tels que la conservation de la biodiversité, en protégeant des habitats uniques tels que les herbiers de posidonie et les biocénoses profondes, ainsi que la préservation d’une ressource halieutique en harmonie avec l’activité de pêche, notamment artisanale.Des projets novateurs favoriseront l’émergence de solutions concertées aux problématiques de gestion communes de part et d’autre du détroit (fréquentation touristique, impact de l’ancrage, etc.).La gouvernance du GECT-PMIBB est assurée par des organes de gestion transfrontaliers : lAssemblée des Membres (équivalent dun Conseil dAdministration), le Comité des représentants des territoires (équivalent dun Comité Consultatif) et le Comité Scientifique.	Partially implemented		Not listed	http://www.reserves-naturelles.org/bouches-de-bonifacio	European Environment Agency	2020-06-17	CDDA_v18_29-05-2020
365		555526947	FR9402015		Bouches de Bonifacio, Iles des Moines	Bouches de Bonifacio, Iles des Moines	Special Area of Conservation (Habitats Directive)	Special Area of Conservation (Habitats Directive)	Regional	Marine Natura 2000 site	Marine Protected Area	Not reported	Not reported	{FRA}	{MWE}	946.12	934.09	946.12	938.25	100	100	Designated	2009	Not reported	Environmental Office of Corsica	Not reported		Not listed	https://natura2000.eea.europa.eu/?query=Natura2000Sites_9883_0,SITECODE,FR9402015	European Environment Agency	2020-06-19	N2K_end2019_21-04-2020
1571	1571				Calanques	Calanques	National Park (France)	Parc National	National	MPA with a national statute	Marine Protected Area	Main	Not reported	{FRA}	{MWE}		1404.56		1521.07		92	Designated	2012	Government-delegated management	Parc National des Calanques	Partially implemented		Not listed	http://www.calanques-parcnational.fr/fr	Office français de la biodiversité	2020-06-17	Portail AMP France
1609	1571				Calanques National Park	Calanques National Park	SPAMI	Specially Protected Area of Mediterranean Importance	Regional	SPAMI	Marine Protected Area	Secondary	Not assigned	{FRA}	{MWE}		1404.56		1521.01		92	Adopted	2019	Not reported	Not reported	Not reported		Not listed	http://rac-spa.org/spami	Office français de la biodiversité	2020-06-30	GIS layer identical to that of the National Park (WDPA ID not assigned)
367		555526853	FR9301602		Calanques et îles marseillaises - Cap Canaille et massif du Grand Caunet	Calanques et îles marseillaises - Cap Canaille et massif du Grand Caunet	Special Area of Conservation (Habitats Directive)	Special Area of Conservation (Habitats Directive)	Regional	Marine Natura 2000 site	Marine Protected Area	Not reported	Not reported	{FRA}	{MWE}	395.12	390.46	500.15	499.45	79	78	Designated	2009	Not reported	Parc National des Calanques	Fully implemented	http://natura2000.mnhn.fr/uploads/doc/PRODBIOTOP/1011_DOCOB_lien_internet_SIDE.txt	Not listed	https://natura2000.eea.europa.eu/?query=Natura2000Sites_9883_0,SITECODE,FR9301602	European Environment Agency	2020-06-19	N2K_end2019_21-04-2020
368	371	7165			Camargue	Camargue	Biosphere Reserve	Biosphere Reserve	International	Biosphere reserve	Site of conservation interest	Secondary	Not applicable	{FRA}	{MWE}	380.0	360.06	1930.0	1922.32	20	19	Designated	2006	Not reported	"""Camargue Regional Nature Park"" Joint Association"	Not reported		Not listed	https://en.unesco.org/biosphere/eu-na/camargue	Office français de la biodiversité		Not Reported
369	371	555526847	FR9301592		Camargue	Camargue	Special Area of Conservation (Habitats Directive)	Special Area of Conservation (Habitats Directive)	Regional	Marine Natura 2000 site	Marine Protected Area	Secondary	Not reported	{FRA}	{MWE}	363.09	360.11	1134.66	1133.47	32	32	Designated	2009	Not reported	"Syndicat mixte ""Parc Naturel Régional de Camargue"": organisme public. Lorganie délibérant comprend 3 communes (Saintes-Maries, Arles et Port-Saint-Louis), les chambres dagriculture et la CCI, le SAN Ouest provence et le CG13 et la région PACA."	Fully implemented	http://natura2000.mnhn.fr/uploads/doc/PRODBIOTOP/987_DOCOB_lien_internet_SIDE.txt	Not listed	https://natura2000.eea.europa.eu/?query=Natura2000Sites_9883_0,SITECODE,FR9301592	European Environment Agency	2020-06-19	N2K_end2019_21-04-2020
370	371	555539548	FR9310019		Camargue	Camargue	Special Protection Area (Birds Directive)	Special Protection Area (Birds Directive)	Regional	Marine Natura 2000 site	Marine Protected Area	Secondary	Not reported	{FRA}	{MWE}	1411.67	1413.85	2205.74	2203.39	64	64	Designated	2018	Joint governance	Parc naturel régional de Camargue	Inexistent		Not listed	https://natura2000.eea.europa.eu/?query=Natura2000Sites_9883_0,SITECODE,FR9310019	European Environment Agency	2020-06-19	N2K_end2019_21-04-2020
371	371	6325			Camargue	Camargue	Regional Nature Park (France)	Parc Naturel Régional	National	MPA with a national statute	Marine Protected Area	Main	V - Protected landscape/seascape	{FRA}	{MWE}	0.0	21.72	999.31	998.5	0	2	Designated	1970	Government-delegated management	Syndicat mixte de gestion du Parc naturel régional de Camargue	Inexistent		Not listed	https://www.protectedplanet.net/6325	European Environment Agency	2020-06-17	CDDA_v18_29-05-2020
1266		67923		346	Camargue	Camargue	Ramsar site	Ramsar site	International	Ramsar site	Site of conservation interest	Not reported	Not reported	{FRA}	{MWE}	0.0	13.16	850.0	845.52	0	2	Designated	1986	Not reported	Not reported	Not reported		Not listed	https://rsis.ramsar.org/ris/346	Museum National d'Histoire Naturelle - Inventaire National du Patrimoine Naturel (France)	2015-01-07	Data downloaded from the INPN website (http://inpn.mnhn.fr/telechargement/cartes-et-information-geographique).
372		555539546	FR9112034		Cap Bear- cap Cerbère	Cap Bear- cap Cerbère	Special Protection Area (Birds Directive)	Special Protection Area (Birds Directive)	Regional	Marine Natura 2000 site	Marine Protected Area	Not reported	Not reported	{FRA}	{MWE}	384.5	381.6	384.5	382.5	100	100	Designated	2008	Federal or national ministry or agency	Office français de la biodiversité - en tant qu'établissement public dédié ; Conseil de gestion du Parc naturel marin - en tant qu'organe de gouvernance dédié basé sur un principe général de subsidiarité et reconnu comme outil de décision par le code de l'environnement et de facto dans le décret de création du PNMoyens humains et financiers et des PNMAAMP fonctionne également avec un Conseil dadministration qui regarde la trajectoire des PNM, dans leurs résultats, valide les plans de gestion, valide les rapports dactivité, etc...	Partially implemented		Not listed	https://natura2000.eea.europa.eu/?query=Natura2000Sites_9883_0,SITECODE,FR9112034	European Environment Agency	2020-06-19	N2K_end2019_21-04-2020
1514	1514	555561929			Cap Corse et Agriate	Cap Corse et Agriate	Marine Nature Park (France)	Parc Naturel Marin	National	MPA with a national statute	Marine Protected Area	Main	V - Protected landscape/seascape	{FRA}	{MWE}	6840.0	6827.59	6840.0	6829.62	100	100	Designated	2016	Government-delegated management	Parc naturel marin du Cap Corse et de l'Agriate/Parcu naturale marinu di u capicorsu è di l'Agriate	Partially implemented		Not listed	https://www.protectedplanet.net/555561929	European Environment Agency	2020-06-17	CDDA_v18_29-05-2020
373		555526874	FR9301996		Cap Ferrat	Cap Ferrat	Special Area of Conservation (Habitats Directive)	Special Area of Conservation (Habitats Directive)	Regional	Marine Natura 2000 site	Marine Protected Area	Not reported	Not reported	{FRA}	{MWE}	89.59	88.67	89.59	89.54	100	99	Designated	2009	Local communities	Métropole Nice Côte d'Azur	Partially implemented		Not listed	https://natura2000.eea.europa.eu/?query=Natura2000Sites_9883_0,SITECODE,FR9301996	European Environment Agency	2020-06-19	N2K_end2019_21-04-2020
374		555526873	FR9301995		Cap Martin	Cap Martin	Special Area of Conservation (Habitats Directive)	Special Area of Conservation (Habitats Directive)	Regional	Marine Natura 2000 site	Marine Protected Area	Not reported	Not reported	{FRA}	{MWE}	19.24	18.51	19.24	19.24	100	96	Designated	2011	Local communities	Communauté d'Agglomération de la Riviera Francaise	Fully implemented	http://natura2000.mnhn.fr/uploads/doc/PRODBIOTOP/889_DOCOB_lien_internet_SIDE.txt	Not listed	https://natura2000.eea.europa.eu/?query=Natura2000Sites_9883_0,SITECODE,FR9301995	European Environment Agency	2020-06-19	N2K_end2019_21-04-2020
376		555526859	FR9301610		Cap Sicie - Six Fours	Cap Sicie - Six Fours	Special Area of Conservation (Habitats Directive)	Special Area of Conservation (Habitats Directive)	Regional	Marine Natura 2000 site	Marine Protected Area	Not reported	Not reported	{FRA}	{MWE}	4.28	3.8	13.37	13.34	32	28	Designated	2006	Local communities	Métropole Toulon Provence Méditerranée	Fully implemented	http://natura2000.mnhn.fr/uploads/doc/PRODBIOTOP/1016_DOCOB_lien_internet_SIDE.txt	Not listed	https://natura2000.eea.europa.eu/?query=Natura2000Sites_9883_0,SITECODE,FR9301610	European Environment Agency	2020-06-19	N2K_end2019_21-04-2020
1572	1572				Cap Taillat	Cap Taillat	Maritime public domain (Conservatoire du littoral, France)	Domaine public maritime (Conservatoire du littoral)	National	MPA with a national statute	Marine Protected Area	Main	Not assigned	{FRA}	{MWE}	0.48	0.54	0.79	0.64	61	84	Designated	2010	Non-profit organisations	CEN-PACA, Conservatoire Espaces Naturels Provence Alpes Côte dAzur	Inexistent		Not listed	http://www.amp.afbiodiversite.fr/accueil_fr/rechercher/fiche_didentite_dune_amp?wdpaid=345972&gid=3888	Office français de la biodiversité	2020-06-17	Portail AMP France
1508	1508				Cap d'Antibes	Cap d'Antibes	Maritime public domain (Conservatoire du littoral, France)	Domaine public maritime (Conservatoire du littoral)	National	MPA with a national statute	Marine Protected Area	Main	Not assigned	{FRA}	{MWE}		1.37		1.64		84	Designated	2015	Local communities	VILLE ANTIBES	Partially implemented		Not listed	http://www.amp.afbiodiversite.fr/accueil_fr/rechercher/fiche_didentite_dune_amp?wdpaid=999999538&gid=4179	Office français de la biodiversité	2020-06-17	Portail AMP France
375		555526950	FR9402018		Cap rossu, Scandola, Pointe de la Reveletta, Canyon de Calvi	Cap rossu, Scandola, Pointe de la Reveletta, Canyon de Calvi	Special Area of Conservation (Habitats Directive)	Special Area of Conservation (Habitats Directive)	Regional	Marine Natura 2000 site	Marine Protected Area	Not reported	Not reported	{FRA}	{MWE}	741.39	736.18	741.39	737.54	100	100	Designated	2009	Not reported	Etat sous l'autorité du Préfet Maritime de Méditerranée	Not reported		Not listed	https://natura2000.eea.europa.eu/?query=Natura2000Sites_9883_0,SITECODE,FR9402018	European Environment Agency	2020-06-19	N2K_end2019_21-04-2020
379		555539599	FR9412010		Capu Rossu , Scandola, revellata, Calvi	Capu Rossu , Scandola, revellata, Calvi	Special Protection Area (Birds Directive)	Special Protection Area (Birds Directive)	Regional	Marine Natura 2000 site	Marine Protected Area	Not reported	Not reported	{FRA}	{MWE}	995.61	988.46	995.61	990.13	100	100	Designated	2008	Not reported	Etat sous l'autorité du Préfet Maritime de la Méditerranée	Not reported		Not listed	https://natura2000.eea.europa.eu/?query=Natura2000Sites_9883_0,SITECODE,FR9412010	European Environment Agency	2020-06-19	N2K_end2019_21-04-2020
1610		555526926	FR9400613		Cavités à chauves-souris de Castifao, muraccIole, Olmeta di Tuda et Coggia-Temuli	Cavités à chauves-souris de Castifao, muraccIole, Olmeta di Tuda et Coggia-Temuli	Special Area of Conservation (Habitats Directive)	Special Area of Conservation (Habitats Directive)	Regional	Marine Natura 2000 site	Marine Protected Area	Not reported	Not reported	{FRA}	{MWE}		0.0	0.21	0.21	0	0	Designated	2006	Not reported	Not reported	Not reported		Not listed	https://natura2000.eea.europa.eu/?query=Natura2000Sites_9883_0,SITECODE,FR9400613	European Environment Agency	2020-06-19	N2K_end2019_21-04-2020
380	380	4044			Cerbère-Banyuls	Cerbère-Banyuls	Nature Reserve (France)	Réserve Naturelle	National	MPA with a national statute	Marine Protected Area	Main	IV - Habitat/species management area	{FRA}	{MWE}	6.5	5.76	6.5	6.02	100	96	Designated	1974	Local communities	Le département des Pyrénées Orientales	Partially implemented		Listed	http://www.ledepartement66.fr/62-la-reserve-marine-de-cerbere-banyuls.htm	European Environment Agency	2020-06-17	CDDA_v18_29-05-2020
1611	380				Cerbère-Banyuls	Cerbère-Banyuls	SPAMI	Specially Protected Area of Mediterranean Importance	Regional	SPAMI	Marine Protected Area	Secondary	Not assigned	{FRA}	{MWE}	6.5	5.76	6.5	6.01	100	96	Adopted	2019	Not reported	Not reported	Not reported		Not listed	http://rac-spa.org/spami	European Environment Agency	2020-06-30	GIS layer identical to that of the Nature Reserve (WDPA ID: 4044)
381		555539590	FR9412001		Colonie de Goélands d'Audouin d'Aspretto/Ajaccio	Colonie de Goélands d'Audouin d'Aspretto/Ajaccio	Special Protection Area (Birds Directive)	Special Protection Area (Birds Directive)	Regional	Marine Natura 2000 site	Marine Protected Area	Not reported	Not reported	{FRA}	{MWE}	0.01	0.02	0.02	0.02	30	100	Designated	2003	Not reported	Ministère de la Défense Nationale (Marine Nationale)	Not reported		Not listed	https://natura2000.eea.europa.eu/?query=Natura2000Sites_9883_0,SITECODE,FR9412001	European Environment Agency	2020-06-19	N2K_end2019_21-04-2020
385		555526868	FR9301624		Corniche Varoise	Corniche Varoise	Special Area of Conservation (Habitats Directive)	Special Area of Conservation (Habitats Directive)	Regional	Marine Natura 2000 site	Marine Protected Area	Not reported	Not reported	{FRA}	{MWE}	284.15	284.06	289.95	289.55	98	98	Designated	2009	Not reported	Communauté de communes du Golfe de Saint-Tropez	Fully implemented	http://natura2000.mnhn.fr/uploads/doc/PRODBIOTOP/1022_DOCOB_lien_internet_SIDE.txt	Not listed	https://natura2000.eea.europa.eu/?query=Natura2000Sites_9883_0,SITECODE,FR9301624	European Environment Agency	2020-06-19	N2K_end2019_21-04-2020
392		555526747	FR9101436		Cours inférieur de l'Aude	Cours inférieur de l'Aude	Special Area of Conservation (Habitats Directive)	Special Area of Conservation (Habitats Directive)	Regional	Marine Natura 2000 site	Marine Protected Area	Not reported	Not reported	{FRA}	{MWE}	46.61	46.78	53.58	53.51	87	87	Designated	2006	Not reported	Syndicat Mixte du Delta de l'Aude	Fully implemented	http://www.occitanie.developpement-durable.gouv.fr/cours-inferieur-de-l-aude-a5613.html	Not listed	https://natura2000.eea.europa.eu/?query=Natura2000Sites_9883_0,SITECODE,FR9101436	European Environment Agency	2020-06-19	N2K_end2019_21-04-2020
386	386				Côte Bleue	Côte Bleue	Marine Park (France)	Parc Marin	National	MPA with a national statute	Marine Protected Area	Main	IV - Habitat/species management area	{FRA}	{MWE}	98.73	89.32	98.73	90.67	100	98	Designated	1983	Joint governance	"""Parc Marin de la Côte Bleue"" Syndicat mixte ouvert, avec comme membres associés les pêcheurs professionnels. Initiative des collectivités locales dès 1983"	Fully implemented	https://parcmarincotebleue.fr/le-parc/#objectifs_	Listed	https://www.parcmarincotebleue.fr	Office français de la biodiversité	2016-01-06	GIS layer from the French MPA Agency (Feb 2012, slightly modified to fit the OpenStreetMap coastline)
389		555526877	FR9301999		Côte Bleue Marine	Côte Bleue Marine	Special Area of Conservation (Habitats Directive)	Special Area of Conservation (Habitats Directive)	Regional	Marine Natura 2000 site	Marine Protected Area	Not reported	Not reported	{FRA}	{MWE}	188.87	187.23	188.87	188.64	100	99	Designated	2009	Joint governance	"""Parc Marin de la Côte Bleue"" Syndicat mixte ouvert, avec comme membres associés les pêcheurs professionnels. Initiative des collectivités locales dès 1983"	Fully implemented	http://natura2000.mnhn.fr/uploads/doc/PRODBIOTOP/893_DOCOB_lien_internet_SIDE.txt	Not listed	https://natura2000.eea.europa.eu/?query=Natura2000Sites_9883_0,SITECODE,FR9301999	European Environment Agency	2020-06-19	N2K_end2019_21-04-2020
390		555539547	FR9112035		Côte languedocienne	Côte languedocienne	Special Protection Area (Birds Directive)	Special Protection Area (Birds Directive)	Regional	Marine Natura 2000 site	Marine Protected Area	Not reported	Not reported	{FRA}	{MWE}	718.74	713.28	718.74	716.25	100	100	Designated	2008	Not reported	Not reported	Not reported		Not listed	https://natura2000.eea.europa.eu/?query=Natura2000Sites_9883_0,SITECODE,FR9112035	European Environment Agency	2020-06-19	N2K_end2019_21-04-2020
391		555526788	FR9102013		Côtes sableuses de l'infralittoral Languedocien	Côtes sableuses de l'infralittoral Languedocien	Special Area of Conservation (Habitats Directive)	Special Area of Conservation (Habitats Directive)	Regional	Marine Natura 2000 site	Marine Protected Area	Not reported	Not reported	{FRA}	{MWE}	86.78	85.47	86.78	85.91	100	99	Designated	2009	Not reported	Agence Française pour la Biodiversité	Fully implemented	http://reseau-languedocmer.n2000.fr/les-sites-du-languedoc-roussillon/cotes-sableuses-de-l-infra-littoral-languedocien-sic/son-docob	Not listed	https://natura2000.eea.europa.eu/?query=Natura2000Sites_9883_0,SITECODE,FR9102013	European Environment Agency	2020-06-19	N2K_end2019_21-04-2020
1573	1573				Domaine du Rayol	Domaine du Rayol	Maritime public domain (Conservatoire du littoral, France)	Domaine public maritime (Conservatoire du littoral)	National	MPA with a national statute	Marine Protected Area	Main	Not assigned	{FRA}	{MWE}	0.02	0.1	0.19	0.14	11	71	Designated	2010	Not reported	Association du Domaine du Rayol	Inexistent		Not listed	http://www.amp.afbiodiversite.fr/accueil_fr/rechercher/fiche_didentite_dune_amp?wdpaid=147435&gid=3834	Office français de la biodiversité	2020-06-17	Portail AMP France
394		555526875	FR9301997		Embiez - cap Sicie	Embiez - cap Sicie	Special Area of Conservation (Habitats Directive)	Special Area of Conservation (Habitats Directive)	Regional	Marine Natura 2000 site	Marine Protected Area	Not reported	Not reported	{FRA}	{MWE}	123.79	123.54	123.79	123.58	100	100	Designated	2009	Not reported	Métropole TOULON PROVENCE MEDITERRANEE	Partially implemented		Not listed	https://natura2000.eea.europa.eu/?query=Natura2000Sites_9883_0,SITECODE,FR9301997	European Environment Agency	2020-06-19	N2K_end2019_21-04-2020
395		555526871	FR9301627		Embouchure de l'Argens	Embouchure de l'Argens	Special Area of Conservation (Habitats Directive)	Special Area of Conservation (Habitats Directive)	Regional	Marine Natura 2000 site	Marine Protected Area	Not reported	Not reported	{FRA}	{MWE}	1.79	2.37	13.8	13.79	13	17	Designated	2006	Local communities	Communauté d'Agglomération Var Estérel Méditerranée	Fully implemented	http://natura2000.mnhn.fr/uploads/doc/PRODBIOTOP/994_DOCOB_lien_internet_SIDE.txt	Not listed	https://natura2000.eea.europa.eu/?query=Natura2000Sites_9883_0,SITECODE,FR9301627	European Environment Agency	2020-06-19	N2K_end2019_21-04-2020
396		555526902	FR9400586		Embouchure du Stabiaccu, Domaine Public Maritime et îlot Ziglione	Embouchure du Stabiaccu, Domaine Public Maritime et îlot Ziglione	Special Area of Conservation (Habitats Directive)	Special Area of Conservation (Habitats Directive)	Regional	Marine Natura 2000 site	Marine Protected Area	Not reported	Not reported	{FRA}	{MWE}	0.78	0.57	1.96	1.96	40	29	Designated	2006	Not reported	Etat pour le Domaine Public Maritime 	Not reported		Not listed	https://natura2000.eea.europa.eu/?query=Natura2000Sites_9883_0,SITECODE,FR9400586	European Environment Agency	2020-06-19	N2K_end2019_21-04-2020
397		555526777	FR9101493		Embouchure du Tech et Grau de la Massane	Embouchure du Tech et Grau de la Massane	Special Area of Conservation (Habitats Directive)	Special Area of Conservation (Habitats Directive)	Regional	Marine Natura 2000 site	Marine Protected Area	Not reported	Not reported	{FRA}	{MWE}	6.49	7.1	9.54	9.51	68	75	Designated	2006	Not reported	Partie Terrestre : DDTM 66 	Not reported		Not listed	https://natura2000.eea.europa.eu/?query=Natura2000Sites_9883_0,SITECODE,FR9101493	European Environment Agency	2020-06-19	N2K_end2019_21-04-2020
1614	1614				Embouchure du fleuve Var	Embouchure du fleuve Var	Biotope Protection Order (France)	Arrêté de Protection de Biotope	National	MPA with a national statute	Marine Protected Area	Main	Not assigned	{FRA}	{MWE}		0.09		0.33		27	Designated	2019	Not reported	Not reported	Not reported		Not listed	http://www.amp.afbiodiversite.fr/accueil_fr/rechercher/fiche_didentite_dune_amp?wdpaid=999999671&gid=7087	Office français de la biodiversité	2020-06-17	Portail AMP France
398		555526872	FR9301628		Esterel	Esterel	Special Area of Conservation (Habitats Directive)	Special Area of Conservation (Habitats Directive)	Regional	Marine Natura 2000 site	Marine Protected Area	Not reported	Not reported	{FRA}	{MWE}	73.93	71.72	150.88	150.74	49	48	Designated	2009	Local communities	CAVEM par le biais d'un Copil	Fully implemented	http://natura2000.mnhn.fr/uploads/doc/PRODBIOTOP/1015_DOCOB_lien_internet_SIDE.txt	Not listed	https://natura2000.eea.europa.eu/?query=Natura2000Sites_9883_0,SITECODE,FR9301628	European Environment Agency	2020-06-19	N2K_end2019_21-04-2020
1265		67930		520	Etang de Biguglia	Etang de Biguglia	Ramsar site	Ramsar site	International	Ramsar site	Site of conservation interest	Not reported	Not reported	{FRA}	{MWE}	0.0	0.05	17.9	17.86	0	0	Designated	1991	Not reported	Not reported	Not reported		Not listed	https://rsis.ramsar.org/ris/520	Museum National d'Histoire Naturelle - Inventaire National du Patrimoine Naturel (France)	2015-01-07	Data downloaded from the INPN website (http://inpn.mnhn.fr/telechargement/cartes-et-information-geographique).
1269		109024		1829	Etang de Palo	Etang de Palo	Ramsar site	Ramsar site	International	Ramsar site	Site of conservation interest	Not reported	Not reported	{FRA}	{MWE}	0.0	0.89	2.12	2.18	0	41	Designated	2008	Government-delegated management	Conservatoire du littoral en collaboration avec la Collectivité de Corse	Partially implemented		Not listed	https://rsis.ramsar.org/ris/1829	Museum National d'Histoire Naturelle - Inventaire National du Patrimoine Naturel (France)	2015-01-07	Data downloaded from the INPN website (http://inpn.mnhn.fr/telechargement/cartes-et-information-geographique).
1617		555624850		2307	Etang de Salses-Leucate	Etang de Salses-Leucate	Ramsar site	Ramsar site	International	Ramsar site	Site of conservation interest	Not reported	Not reported	{FRA}	{MWE}		49.24	76.37	75.96	0	65	Designated	2017	Not reported	Le Syndicat Mixte RIVAGE Salses-Leucat	Fully implemented	https://rsis.ramsar.org/RISapp/files/RISrep/FR2307RIS_1707_fr.pdf	Not listed	https://rsis.ramsar.org/ris/2307	Ramsar Sites Information Service	2020-06-22	Ramsar_21-04-2020
405		555526949	FR9402017		Golfe d'Ajaccio	Golfe d'Ajaccio	Special Area of Conservation (Habitats Directive)	Special Area of Conservation (Habitats Directive)	Regional	Marine Natura 2000 site	Marine Protected Area	Not reported	Not reported	{FRA}	{MWE}	473.74	467.69	473.74	470.45	100	99	Designated	2009	Not reported	Communauté d'Agglomération du Pays Ajaccien	Partially implemented		Not listed	https://natura2000.eea.europa.eu/?query=Natura2000Sites_9883_0,SITECODE,FR9402017	European Environment Agency	2020-06-19	N2K_end2019_21-04-2020
406		555539581	FR9410023		Golfe de Porto et presqu'île de Scandola	Golfe de Porto et presqu'île de Scandola	Special Protection Area (Birds Directive)	Special Protection Area (Birds Directive)	Regional	Marine Natura 2000 site	Marine Protected Area	Not reported	Not reported	{FRA}	{MWE}	171.36	168.45	255.76	255.51	67	66	Designated	2018	Not reported	Parc Naturel Régional de Corse = Réserve naturelle	Inexistent		Not listed	https://natura2000.eea.europa.eu/?query=Natura2000Sites_9883_0,SITECODE,FR9410023	European Environment Agency	2020-06-19	N2K_end2019_21-04-2020
409	409	555547183			Golfe du Lion	Golfe du Lion	Marine Nature Park (France)	Parc Naturel Marin	National	MPA with a national statute	Marine Protected Area	Main	V - Protected landscape/seascape	{FRA}	{MWE}	4019.0	4006.18	4019.0	4009.19	100	100	Designated	2011	Federal or national ministry or agency	Office français de la biodiversité - en tant qu'établissement public dédié ; Conseil de gestion du Parc naturel marin - en tant qu'organe de gouvernance dédié basé sur un principe général de subsidiarité et reconnu comme outil de décision par le code de l'environnement et de facto dans le décret de création du PNMoyens humains et financiers et des PNMAAMP fonctionne également avec un Conseil dadministration qui regarde la trajectoire des PNM, dans leurs résultats, valide les plans de gestion, valide les rapports dactivité, etc...	Partially implemented		Not listed	http://www.parc-marin-golfe-lion.fr	European Environment Agency	2020-06-17	CDDA_v18_29-05-2020
407		555526946	FR9402014		Grand herbier de la côte orientale	Grand herbier de la côte orientale	Special Area of Conservation (Habitats Directive)	Special Area of Conservation (Habitats Directive)	Regional	Marine Natura 2000 site	Marine Protected Area	Not reported	Not reported	{FRA}	{MWE}	430.79	426.74	430.79	428.26	100	100	Designated	2009	Not reported	Etat sous l'autorité du préfet maritime de Méditerranée	Not reported		Not listed	https://natura2000.eea.europa.eu/?query=Natura2000Sites_9883_0,SITECODE,FR9402014	European Environment Agency	2020-06-19	N2K_end2019_21-04-2020
1563		555635565	FR9402019		Grands dauphins de l'Agriate	Grands dauphins de l'Agriate	Proposed Site of Community Importance (Habitats Directive)	Proposed Site of Community Importance (Habitats Directive)	Regional	Marine Natura 2000 proposed site	Site of conservation interest	Not reported	Not reported	{FRA}	{MWE}	5943.14	5931.28	5943.14	5931.94	100	100	Proposed	2017	Government-delegated management	Parc naturel marin du Cap Corse et de l'Agriate/Parcu naturale marinu di u capicorsu è di l'Agriate	Partially implemented		Not listed	https://natura2000.eea.europa.eu/?query=Natura2000Sites_9883_0,SITECODE,FR9402019	European Environment Agency	2020-06-19	N2K_end2019_21-04-2020
1620		555643632	FR9102018		Grands dauphins du golfe du Lion	Grands dauphins du golfe du Lion	Proposed Site of Community Importance (Habitats Directive)	Proposed Site of Community Importance (Habitats Directive)	Regional	Marine Natura 2000 proposed site	Site of conservation interest	Not reported	Not reported	{FRA}	{MWE}	4917.51	4913.17	4917.51	4908.73	100	100	Proposed	2018	Not reported	Préfecture Maritime de Méditerranée	Not reported		Not listed	https://natura2000.eea.europa.eu/?query=Natura2000Sites_9883_0,SITECODE,FR9102018	European Environment Agency	2020-06-19	N2K_end2019_21-04-2020
408	408	181593			Grotte marine de Témuli Sagone	Grotte marine de Témuli Sagone	Biotope Protection Order (France)	Arrêté de Protection de Biotope	National	MPA with a national statute	Marine Protected Area	Main	IV - Habitat/species management area	{FRA}	{MWE}	0.01	0.0	0.01	0.01	100	0	Designated	2000	Not reported	City of Coggia	Not reported		Not listed	https://www.protectedplanet.net/181593	Office français de la biodiversité	2020-06-17	Portail AMP France
410	437	9617			Gulf Of Porto: Calanche Of Piana, Gulf Of Girolata, Scandola Reserve	Gulf Of Porto: Calanche Of Piana, Gulf Of Girolata, Scandola Reserve	World Heritage Site	World Heritage Site	International	World heritage site	Site of conservation interest	Secondary	Not applicable	{FRA}	{MWE}	28.57	32.71	117.83	117.99	24	28	Inscribed	2006	Not reported	Not reported	Not reported		Not listed	http://whc.unesco.org/en/list/258	Not Reported		Agence des Aires Marines Protégées
1355	1355				Gulf of Lion	Gulf of Lion	Protection of Essential Fish Habitats (EFH)	Protection of Essential Fish Habitats (EFH)	Regional	Fisheries Restricted Area (EFH)	OECM (potential)	Main	Not applicable	{FRA}	{MWE}	2018.0	2017.38	2018.0	2017.37	100	100	Designated	2009	Not reported	Not reported	Not reported		Not listed	http://www.fao.org/gfcm/data/maps/fras	General Fisheries Commission for the Mediterranean (GFCM)	2020-02-07	Data downloaded from the GFCM website in July 2020 (http://www.fao.org/gfcm/data/map-fisheries-restricted-areas/en).
413		555539580	FR9410022		Iles Cerbicale	Iles Cerbicale	Special Protection Area (Birds Directive)	Special Protection Area (Birds Directive)	Regional	Marine Natura 2000 site	Marine Protected Area	Not reported	Not reported	{FRA}	{MWE}	49.46	49.12	49.96	49.96	99	98	Designated	2018	Not reported	Environmental Office of Corsica	Not reported		Not listed	https://natura2000.eea.europa.eu/?query=Natura2000Sites_9883_0,SITECODE,FR9410022	European Environment Agency	2020-06-19	N2K_end2019_21-04-2020
414		555526903	FR9400587		Iles Cerbicale et frange littoral	Iles Cerbicale et frange littoral	Special Area of Conservation (Habitats Directive)	Special Area of Conservation (Habitats Directive)	Regional	Marine Natura 2000 site	Marine Protected Area	Not reported	Not reported	{FRA}	{MWE}	33.28	32.51	36.98	36.96	90	88	Designated	2006	Not reported	Environmental Office of Corsica	Not reported		Not listed	https://natura2000.eea.europa.eu/?query=Natura2000Sites_9883_0,SITECODE,FR9400587	European Environment Agency	2020-06-19	N2K_end2019_21-04-2020
1565		555539584	FR9410097		Iles Finocchiarola et Côte Nord	Iles Finocchiarola et Côte Nord	Special Protection Area (Birds Directive)	Special Protection Area (Birds Directive)	Regional	Marine Natura 2000 site	Marine Protected Area	Not reported	Not reported	{FRA}	{MWE}	0.19	0.3	9.33	9.3	2	3	Designated	2018	Not reported	Not reported	Not reported		Not listed	https://natura2000.eea.europa.eu/?query=Natura2000Sites_9883_0,SITECODE,FR9410097	European Environment Agency	2020-06-19	N2K_end2019_21-04-2020
417		555539579	FR9410021		Iles Lavezzi, Bouches de Bonifacio	Iles Lavezzi, Bouches de Bonifacio	Special Protection Area (Birds Directive)	Special Protection Area (Birds Directive)	Regional	Marine Natura 2000 site	Marine Protected Area	Not reported	Not reported	{FRA}	{MWE}	979.52	973.86	989.41	981.06	99	99	Designated	2018	Not reported	Environmental Office of Corsica	Not reported		Not listed	https://natura2000.eea.europa.eu/?query=Natura2000Sites_9883_0,SITECODE,FR9410021	European Environment Agency	2020-06-19	N2K_end2019_21-04-2020
418		555539563	FR9312007		Iles Marseillaises - Cassidaigne	Iles Marseillaises - Cassidaigne	Special Protection Area (Birds Directive)	Special Protection Area (Birds Directive)	Regional	Marine Natura 2000 site	Marine Protected Area	Not reported	Not reported	{FRA}	{MWE}	387.66	385.54	391.58	391.03	99	99	Designated	2018	Not reported	* Archipel de Riou : Conservatoire Etudes des Ecosystemes de Provence (CEEP) — * Iles de Pomègues et de Ratonneau : Ville de Marseille — * Tiboulen de Ratonneau : Ministère de l'Equipement	Not reported		Not listed	https://natura2000.eea.europa.eu/?query=Natura2000Sites_9883_0,SITECODE,FR9312007	European Environment Agency	2020-06-19	N2K_end2019_21-04-2020
419		555539583	FR9410096		Iles Sanguinaires, golfe d'Ajaccio	Iles Sanguinaires, golfe d'Ajaccio	Special Protection Area (Birds Directive)	Special Protection Area (Birds Directive)	Regional	Marine Natura 2000 site	Marine Protected Area	Not reported	Not reported	{FRA}	{MWE}	464.64	467.7	474.12	470.82	98	99	Designated	2018	Not reported	Communauté d'Agglomération du Pays Ajaccien	Partially implemented		Not listed	https://natura2000.eea.europa.eu/?query=Natura2000Sites_9883_0,SITECODE,FR9410096	European Environment Agency	2020-06-19	N2K_end2019_21-04-2020
415		555539549	FR9310020		Iles d'Hyères	Iles d'Hyères	Special Protection Area (Birds Directive)	Special Protection Area (Birds Directive)	Regional	Marine Natura 2000 site	Marine Protected Area	Not reported	Not reported	{FRA}	{MWE}	450.31	443.49	479.05	478.24	94	93	Designated	2018	Not reported	Port-Cros : Parc National de Port-Cros / Commune de Hyères — Porquerolles : Parc National de Port-Cros / Commune de Hyères —  Levant : Ministère de la Défense - Marine Nationale / Commune de Hyères	Not reported		Not listed	https://natura2000.eea.europa.eu/?query=Natura2000Sites_9883_0,SITECODE,FR9310020	European Environment Agency	2020-06-19	N2K_end2019_21-04-2020
416		555526922	FR9400609		Iles et pointe Bruzzi, étangs de Chevanu et d'Arbitru	Iles et pointe Bruzzi, étangs de Chevanu et d'Arbitru	Special Area of Conservation (Habitats Directive)	Special Area of Conservation (Habitats Directive)	Regional	Marine Natura 2000 site	Marine Protected Area	Not reported	Not reported	{FRA}	{MWE}	0.61	0.58	3.58	3.56	17	16	Designated	2006	Not reported	Office de l'environnement de la Corse	Not reported		Not listed	https://natura2000.eea.europa.eu/?query=Natura2000Sites_9883_0,SITECODE,FR9400609	European Environment Agency	2020-06-19	N2K_end2019_21-04-2020
420		555526858	FR9301609		La Pointe Fauconnière	La Pointe Fauconnière	Special Area of Conservation (Habitats Directive)	Special Area of Conservation (Habitats Directive)	Regional	Marine Natura 2000 site	Marine Protected Area	Not reported	Not reported	{FRA}	{MWE}	2.3	2.11	7.66	7.65	30	28	Designated	2006	Not reported	Animateur N2000 : commune de St-Cyr	Fully implemented	http://natura2000.mnhn.fr/uploads/doc/PRODBIOTOP/1004_DOCOB_lien_internet_SIDE.txt	Not listed	https://natura2000.eea.europa.eu/?query=Natura2000Sites_9883_0,SITECODE,FR9301609	European Environment Agency	2020-06-19	N2K_end2019_21-04-2020
421		555526878	FR9302001		Lagune du Brusc	Lagune du Brusc	Special Area of Conservation (Habitats Directive)	Special Area of Conservation (Habitats Directive)	Regional	Marine Natura 2000 site	Marine Protected Area	Not reported	Not reported	{FRA}	{MWE}	5.01	4.84	5.06	5.05	99	96	Designated	2006	Government-delegated management	Agence française pour la Biodiversité	Fully implemented	http://natura2000.mnhn.fr/uploads/doc/PRODBIOTOP/959_DOCOB_lien_internet_SIDE.txt	Not listed	https://natura2000.eea.europa.eu/?query=Natura2000Sites_9883_0,SITECODE,FR9302001	European Environment Agency	2020-06-19	N2K_end2019_21-04-2020
1268		902857		1593	Les Etangs littoraux de la Narbonnaise	Les Etangs littoraux de la Narbonnaise	Ramsar site	Ramsar site	International	Ramsar site	Site of conservation interest	Not reported	Not reported	{FRA}	{MWE}	0.0	20.03	123.34	123.56	0	16	Designated	2006	Not reported	Not reported	Partially implemented		Not listed	https://rsis.ramsar.org/ris/1593	Museum National d'Histoire Naturelle - Inventaire National du Patrimoine Naturel (France)	2015-01-07	Data downloaded from the INPN website (http://inpn.mnhn.fr/telechargement/cartes-et-information-geographique).
1272		109031		1836	Les étangs de Villepey	Les étangs de Villepey	Ramsar site	Ramsar site	International	Ramsar site	Site of conservation interest	Not reported	Not reported	{FRA}	{MWE}	0.0	0.36	2.55	2.43	0	15	Designated	2008	Not reported	Not reported	Not reported		Not listed	https://rsis.ramsar.org/ris/1836	Museum National d'Histoire Naturelle - Inventaire National du Patrimoine Naturel (France)	2015-01-07	Data downloaded from the INPN website (http://inpn.mnhn.fr/telechargement/cartes-et-information-geographique).
439	438	555547508			Natural Reserve of Bouches de Bonifacio	Natural Reserve of Bouches de Bonifacio	SPAMI	Specially Protected Area of Mediterranean Importance	Regional	SPAMI	Marine Protected Area	Secondary	Not assigned	{FRA}	{MWE}	782.94	790.75	794.6	797.67	99	99	Adopted	2009	Not reported	Environmental Office of Corsica	Not reported		Not listed	http://www.rac-spa.org/sites/default/files/doc_spamis/spamis/04_bouches_bonifacio.pdf	European Environment Agency	2020-06-30	GIS layer identical to that of the Nature Reserve (WDPA ID: 178271)
1566	1514	555643664	FR9412011		Oiseaux marins de l’Agriate	Oiseaux marins de l’Agriate	Special Protection Area (Birds Directive)	Special Protection Area (Birds Directive)	Regional	Marine Natura 2000 site	Marine Protected Area	Secondary	Not reported	{FRA}	{MWE}	6240.75	6228.43	6240.75	6229.02	100	100	Designated	2018	Government-delegated management	Parc naturel marin du Cap Corse et de l'Agriate/Parcu naturale marinu di u capicorsu è di l'Agriate	Partially implemented		Not listed	https://natura2000.eea.europa.eu/?query=Natura2000Sites_9883_0,SITECODE,FR9412011	European Environment Agency	2020-06-19	N2K_end2019_21-04-2020
1621		555703285	FR9112038		Oiseaux marins sud golfe du Lion	Oiseaux marins sud golfe du Lion	Special Protection Area (Birds Directive)	Special Protection Area (Birds Directive)	Regional	Marine Natura 2000 site	Marine Protected Area	Not reported	Not reported	{FRA}	{MWE}	3085.59	3078.95	3085.59	3072.99	100	100	Designated	2019	Not reported	Not reported	Not reported		Not listed	https://natura2000.eea.europa.eu/?query=Natura2000Sites_9883_0,SITECODE,FR9112038	European Environment Agency	2020-06-19	N2K_end2019_21-04-2020
1538	1538				Parc Maritime Départemental Esterel-Théoule	Parc Maritime Départemental Esterel-Théoule	Maritime public domain (Conservatoire du littoral, France)	Domaine public maritime (Conservatoire du littoral)	National	MPA with a national statute	Marine Protected Area	Main	Not assigned	{FRA}	{MWE}		3.25		3.53		92	Designated	2017	Joint governance	gestion conjointe Département des Alpes-Maritimes - Commune de Théoule-sur-Mer - Communauté d'agglomération Pays de Lérins	Inexistent		Not listed	http://www.amp.afbiodiversite.fr/accueil_fr/rechercher/fiche_didentite_dune_amp?wdpaid=999999553&gid=4190	Office français de la biodiversité	2020-06-17	Portail AMP France
424		555526906	FR9400591		Plateau de Pertusato/ Bonifacio et îles Lavezzi	Plateau de Pertusato/ Bonifacio et îles Lavezzi	Special Area of Conservation (Habitats Directive)	Special Area of Conservation (Habitats Directive)	Regional	Marine Natura 2000 site	Marine Protected Area	Not reported	Not reported	{FRA}	{MWE}	57.07	56.38	60.71	60.66	94	93	Designated	2006	Not reported	Environmental Office of Corsica	Not reported		Not listed	https://natura2000.eea.europa.eu/?query=Natura2000Sites_9883_0,SITECODE,FR9400591	European Environment Agency	2020-06-19	N2K_end2019_21-04-2020
425	1514	555526945	FR9402013		Plateau du Cap Corse	Plateau du Cap Corse	Special Area of Conservation (Habitats Directive)	Special Area of Conservation (Habitats Directive)	Regional	Marine Natura 2000 site	Marine Protected Area	Secondary	Not reported	{FRA}	{MWE}	1782.65	1773.58	1782.65	1775.25	100	100	Designated	2009	Government-delegated management	Parc naturel marin du Cap Corse et de l'Agriate/Parcu naturale marinu di u capicorsu è di l'Agriate	Partially implemented		Not listed	https://natura2000.eea.europa.eu/?query=Natura2000Sites_9883_0,SITECODE,FR9402013	European Environment Agency	2020-06-19	N2K_end2019_21-04-2020
426	1514	555539598	FR9412009		Plateau du Cap Corse	Plateau du Cap Corse	Special Protection Area (Birds Directive)	Special Protection Area (Birds Directive)	Regional	Marine Natura 2000 site	Marine Protected Area	Secondary	Not reported	{FRA}	{MWE}	854.06	849.34	854.06	850.67	100	100	Designated	2008	Government-delegated management	Parc naturel marin du Cap Corse et de l'Agriate/Parcu naturale marinu di u capicorsu è di l'Agriate	Partially implemented		Not listed	https://natura2000.eea.europa.eu/?query=Natura2000Sites_9883_0,SITECODE,FR9412009	European Environment Agency	2020-06-19	N2K_end2019_21-04-2020
1509	1509	555561883			Pointe de Beauduc	Pointe de Beauduc	Biotope Protection Order (France)	Arrêté de Protection de Biotope	National	MPA with a national statute	Marine Protected Area	Main	IV - Habitat/species management area	{FRA}	{MWE}	2.57	1.37	4.44	4.42	58	31	Designated	2013	Not reported	Préfets de département (local State ; will not be listed here as there are 100 of them). Also French Ministry in charge of the environment. In march 2012, name, acronym and address as follows : Ministère de l'Écologie, du Développement durable, des Tran*	Not reported		Not listed	https://www.protectedplanet.net/555561883	European Environment Agency	2020-06-17	CDDA_v18_29-05-2020
427		555526948	FR9402016		Pointe de Senetosa et prolongements	Pointe de Senetosa et prolongements	Special Area of Conservation (Habitats Directive)	Special Area of Conservation (Habitats Directive)	Regional	Marine Natura 2000 site	Marine Protected Area	Not reported	Not reported	{FRA}	{MWE}	35.35	33.56	35.35	35.07	100	96	Designated	2009	Not reported	Environmental Office of Corsica	Not reported		Not listed	https://natura2000.eea.europa.eu/?query=Natura2000Sites_9883_0,SITECODE,FR9402016	European Environment Agency	2020-06-19	N2K_end2019_21-04-2020
1574	1574				Port d'Alon - Nartette	Port d'Alon - Nartette	Maritime public domain (Conservatoire du littoral, France)	Domaine public maritime (Conservatoire du littoral)	National	MPA with a national statute	Marine Protected Area	Main	Not assigned	{FRA}	{MWE}	1.0	0.8	1.0	1.0	100	80	Designated	2009	Local communities	Ville de Saint Cyr sur Mer	Inexistent		Not listed	http://www.amp.afbiodiversite.fr/accueil_fr/rechercher/fiche_didentite_dune_amp?wdpaid=193389&gid=3846	Office français de la biodiversité	2020-06-17	Portail AMP France
1575	1575				Port-Cros	Port-Cros	National Park (France)	Parc National	National	MPA with a national statute	Marine Protected Area	Main	Not reported	{FRA}	{MWE}		1208.65		1472.81		82	Designated	1963	Government-delegated management	Parc national de Port-Cros	Partially implemented		Candidate	http://www.portcros-parcnational.fr/fr	Office français de la biodiversité	2020-06-17	Portail AMP France
430	1575	365016			Port-Cros National Park	Port-Cros National Park	SPAMI	Specially Protected Area of Mediterranean Importance	Regional	SPAMI	Marine Protected Area	Secondary	Not assigned	{FRA}	{MWE}	12.88	12.39	19.88	19.83	65	62	Adopted	2001	Not reported	Port-Cros National Park. Public Institution with a Scientific Consultative Committee.	Not reported		Not listed	http://www.rac-spa.org/sites/default/files/doc_spamis/spamis/03_port_cros.pdf	European Environment Agency	2020-06-30	GIS layer identical to that of the National Park core zone part that is around the Port-Cros island (WDPA ID: 663)
431		555526890	FR9400574		Porto/Scandola/Revellata/Calvi/Calanches de Piana (zone terrestre et marine)	Porto/Scandola/Revellata/Calvi/Calanches de Piana (zone terrestre et marine)	Special Area of Conservation (Habitats Directive)	Special Area of Conservation (Habitats Directive)	Regional	Marine Natura 2000 site	Marine Protected Area	Not reported	Not reported	{FRA}	{MWE}	416.88	420.09	502.27	501.95	83	84	Designated	2006	Not reported	Syndicat mixte du parc naturel régional de Corse (partie réserve naturelle)	Not reported		Not listed	https://natura2000.eea.europa.eu/?query=Natura2000Sites_9883_0,SITECODE,FR9400574	European Environment Agency	2020-06-19	N2K_end2019_21-04-2020
432		555526771	FR9101482		Posidonies de la côte des Albères	Posidonies de la côte des Albères	Special Area of Conservation (Habitats Directive)	Special Area of Conservation (Habitats Directive)	Regional	Marine Natura 2000 site	Marine Protected Area	Not reported	Not reported	{FRA}	{MWE}	44.15	43.05	44.15	44.03	100	98	Designated	2006	Federal or national ministry or agency	Office français de la biodiversité - en tant qu'établissement public dédié ; Conseil de gestion du Parc naturel marin - en tant qu'organe de gouvernance dédié basé sur un principe général de subsidiarité et reconnu comme outil de décision par le code de l'environnement et de facto dans le décret de création du PNMoyens humains et financiers et des PNMAAMP fonctionne également avec un Conseil dadministration qui regarde la trajectoire des PNM, dans leurs résultats, valide les plans de gestion, valide les rapports dactivité, etc...	Fully implemented	http://www.languedoc-roussillon.developpement-durable.gouv.fr/docob-des-posidonies-de-la-cote-des-alberes-a1571.html	Not listed	https://natura2000.eea.europa.eu/?query=Natura2000Sites_9883_0,SITECODE,FR9101482	European Environment Agency	2020-06-19	N2K_end2019_21-04-2020
433		555526734	FR9101413		Posidonies de la côte palavasienne	Posidonies de la côte palavasienne	Special Area of Conservation (Habitats Directive)	Special Area of Conservation (Habitats Directive)	Regional	Marine Natura 2000 site	Marine Protected Area	Not reported	Not reported	{FRA}	{MWE}	111.19	107.79	111.19	107.98	100	100	Designated	2006	Not reported	Agence française pour la biodiversité	Fully implemented	http://www.occitanie.developpement-durable.gouv.fr/posidonies-de-la-cote-palavasienne-a4622.html	Not listed	https://natura2000.eea.europa.eu/?query=Natura2000Sites_9883_0,SITECODE,FR9101413	European Environment Agency	2020-06-19	N2K_end2019_21-04-2020
434	434	555526735	FR9101414		Posidonies du cap d'Agde	Posidonies du cap d'Agde	Special Area of Conservation (Habitats Directive)	Special Area of Conservation (Habitats Directive)	Regional	Marine Natura 2000 site	Marine Protected Area	Not reported	Not reported	{FRA}	{MWE}	61.72	61.39	61.72	61.64	100	100	Designated	2016	Local communities	Ville d'Agde	Partially implemented		Not listed	https://natura2000.eea.europa.eu/?query=Natura2000Sites_9883_0,SITECODE,FR9101414	European Environment Agency	2020-06-19	N2K_end2019_21-04-2020
435		555526787	FR9102012		Prolongement en mer des Cap et étang de Leucate	Prolongement en mer des Cap et étang de Leucate	Special Area of Conservation (Habitats Directive)	Special Area of Conservation (Habitats Directive)	Regional	Marine Natura 2000 site	Marine Protected Area	Not reported	Not reported	{FRA}	{MWE}	137.31	136.48	137.31	136.71	100	100	Designated	2009	Federal or national ministry or agency	Office français de la biodiversité - en tant qu'établissement public dédié ; Conseil de gestion du Parc naturel marin - en tant qu'organe de gouvernance dédié basé sur un principe général de subsidiarité et reconnu comme outil de décision par le code de l'environnement et de facto dans le décret de création du PNMoyens humains et financiers et des PNMAAMP fonctionne également avec un Conseil dadministration qui regarde la trajectoire des PNM, dans leurs résultats, valide les plans de gestion, valide les rapports dactivité, etc...	Fully implemented	http://www.aires-marines.fr/L-Agence/Organisation/Parcs-naturels-marins/Parc-naturel-marin-du-golfe-du-Lion/Documentation-du-Parc/Plan-de-gestion-du-Parc-naturel-marin-du-golfe-du-Lion	Not listed	https://natura2000.eea.europa.eu/?query=Natura2000Sites_9883_0,SITECODE,FR9102012	European Environment Agency	2020-06-19	N2K_end2019_21-04-2020
436		555526860	FR9301613		Rade d'Hyères	Rade d'Hyères	Special Area of Conservation (Habitats Directive)	Special Area of Conservation (Habitats Directive)	Regional	Marine Natura 2000 site	Marine Protected Area	Not reported	Not reported	{FRA}	{MWE}	449.58	443.51	488.67	487.84	92	91	Designated	2011	Not reported	Parc National de Port Cros	Fully implemented	http://natura2000.mnhn.fr/uploads/doc/PRODBIOTOP/995_DOCOB_lien_internet_SIDE.txt	Not listed	https://natura2000.eea.europa.eu/?query=Natura2000Sites_9883_0,SITECODE,FR9301613	European Environment Agency	2020-06-19	N2K_end2019_21-04-2020
1623		555643635	FR9102016		Récifs des canyons Lacaze-Duthiers, Pruvot et Bourcart	Récifs des canyons Lacaze-Duthiers, Pruvot et Bourcart	Proposed Site of Community Importance (Habitats Directive)	Proposed Site of Community Importance (Habitats Directive)	Regional	Marine Natura 2000 proposed site	Site of conservation interest	Not reported	Not reported	{FRA}	{MWE}	832.69	830.58	832.69	830.48	100	100	Proposed	2018	Not reported	Préfecture Maritime de Méditerranée	Not reported		Not listed	https://natura2000.eea.europa.eu/?query=Natura2000Sites_9883_0,SITECODE,FR9102016	European Environment Agency	2020-06-19	N2K_end2019_21-04-2020
1624		555643631	FR9102017		Récifs du banc de l’Ichtys et du canyon de Sète	Récifs du banc de l’Ichtys et du canyon de Sète	Proposed Site of Community Importance (Habitats Directive)	Proposed Site of Community Importance (Habitats Directive)	Regional	Marine Natura 2000 proposed site	Site of conservation interest	Not reported	Not reported	{FRA}	{MWE}	245.98	245.47	245.98	245.44	100	100	Proposed	2018	Not reported	Préfecture Maritime de Méditerranée	Not reported		Not listed	https://natura2000.eea.europa.eu/?query=Natura2000Sites_9883_0,SITECODE,FR9102017	European Environment Agency	2020-06-19	N2K_end2019_21-04-2020
1564		555635567	FR9402021		Récifs du mont sous-marin de l’Agriate 	Récifs du mont sous-marin de l’Agriate 	Proposed Site of Community Importance (Habitats Directive)	Proposed Site of Community Importance (Habitats Directive)	Regional	Marine Natura 2000 proposed site	Site of conservation interest	Not reported	Not reported	{FRA}	{MWE}	289.23	288.73	289.23	288.66	100	100	Proposed	2017	Government-delegated management	Parc naturel marin du Cap Corse et de l'Agriate/Parcu naturale marinu di u capicorsu è di l'Agriate	Partially implemented		Not listed	https://natura2000.eea.europa.eu/?query=Natura2000Sites_9883_0,SITECODE,FR9402021	European Environment Agency	2020-06-19	N2K_end2019_21-04-2020
1625		555635566	FR9402020		Récifs du mont sous-marin d’Ajaccio et des affleurements rocheux de Valinco 	Récifs du mont sous-marin d’Ajaccio et des affleurements rocheux de Valinco 	Proposed Site of Community Importance (Habitats Directive)	Proposed Site of Community Importance (Habitats Directive)	Regional	Marine Natura 2000 proposed site	Site of conservation interest	Not reported	Not reported	{FRA}	{MWE}	928.21	924.16	928.21	923.9	100	100	Proposed	2017	Not reported	Préfecture maritime de Méditerranée	Not reported		Not listed	https://natura2000.eea.europa.eu/?query=Natura2000Sites_9883_0,SITECODE,FR9402020	European Environment Agency	2020-06-19	N2K_end2019_21-04-2020
404	1514	178244			Saint-Florent (Formation Récifale)	Saint-Florent (Formation Récifale)	Biotope Protection Order (France)	Arrêté de Protection de Biotope	National	MPA with a national statute	Marine Protected Area	Secondary	IV - Habitat/species management area	{FRA}	{MWE}	0.08	0.08	0.08	0.08	100	100	Designated	1998	Not reported	City of Saint-Florent	Not reported		Not listed	https://www.protectedplanet.net/178244	European Environment Agency	2020-06-17	CDDA_v18_29-05-2020
437	437	7168			Scandola	Scandola	Corsican Nature Reserve (France)	Réserve Naturelle Corse	National	MPA with a national statute	Marine Protected Area	Main	IV - Habitat/species management area	{FRA}	{MWE}	7.18	5.74	16.69	15.15	43	38	Designated	1975	Sub-national ministry or agency	Syndicat Mixte Parc Naturel Régional de Corse	Partially implemented		Not listed	http://www.reserves-naturelles.org/scandola	European Environment Agency	2020-06-17	CDDA_v18_29-05-2020
387	386	555547502			The Blue Coast Marine Park	The Blue Coast Marine Park	SPAMI	Specially Protected Area of Mediterranean Importance	Regional	SPAMI	Marine Protected Area	Secondary	Not assigned	{FRA}	{MWE}	188.64	187.23	188.64	188.64	100	99	Adopted	2012	Not reported	Not reported	Not reported		Not listed	http://rac-spa.org/spami	European Environment Agency	2020-06-30	GIS layer identical to that of the Natura 2000 site (FR9301999)
359	1570	555547501			The Embiez Archipelago - Six Fours	The Embiez Archipelago - Six Fours	SPAMI	Specially Protected Area of Mediterranean Importance	Regional	SPAMI	Marine Protected Area	Secondary	Not assigned	{FRA}	{MWE}	2.72	2.53	2.72	2.77	100	91	Adopted	2012	Not reported	Not reported	Not reported		Not listed	http://rac-spa.org/spami	Office français de la biodiversité	2020-06-30	GIS layer identical to that of the Maritime Public Domain site (WDPA ID not assigned).
440	440	2067			Vallée Du Fango	Vallée Du Fango	Biosphere Reserve	Biosphere Reserve	International	Biosphere reserve	Site of conservation interest	Main	Not applicable	{FRA}	{MWE}	9.96	9.04	268.27	268.27	4	3	Designated	1977	Joint governance	Syndicat mixte du Parc naturel régional de Corse	Not reported		Not listed	https://en.unesco.org/biosphere/eu-na/fango	Office français de la biodiversité		Not Reported
1570	1570				Île du Grand Rouveau - les Embiez	Île du Grand Rouveau - les Embiez	Maritime public domain (Conservatoire du littoral, France)	Domaine public maritime (Conservatoire du littoral)	National	MPA with a national statute	Marine Protected Area	Main	Not assigned	{FRA}	{MWE}		2.53		2.77		91	Designated	2011	Local communities	Commune de Six-Fours-les-plages	Partially implemented		Not listed	http://www.amp.afbiodiversite.fr/accueil_fr/rechercher/fiche_didentite_dune_amp?wdpaid=193354&gid=3845	Office français de la biodiversité	2020-06-17	Portail AMP France
412	438	106741			Îles Bruzzi et Ilot aux Moines	Îles Bruzzi et Ilot aux Moines	Biotope Protection Order (France)	Arrêté de Protection de Biotope	National	MPA with a national statute	Marine Protected Area	Secondary	IV - Habitat/species management area	{FRA}	{MWE}	0.06	11.62	11.07	11.77	1	99	Designated	1992	Local communities	La Réserve Naturelle des Bouches de Bonifacio a été créé le 23 septembre 1999. Elle couvre 79 640 hectares répartis sur cinq communes: Bonifacio, Figari, Monaccia dAullène, Pianottoli-Caldarello et Porto-Vecchio.Essentiellement marine, la Réserve Naturelle des Bouches de Bonifacio assure néanmoins la gestion de plus de 180 hectares terrestres, composés essentiellement dîlots marins à forte valeur patrimoniale.Trois niveaux de protection sont définis par le décret de création de la réserve naturelle. Dans le périmètre général, 12 300  hectares sont classés en Zone de Protection Renforcée et 1130 hectares le sont en Zone de Non Prélèvement.La Réserve Naturelle des îles Cerbicale complète ce territoire par la protection depuis 1981 de la partie terrestre des îles de larchipel des Cerbicale. Géré par loffice de lenvironnement  établissement public sous la tutelle de la collectivité territoriale de Corse	Inexistent		Not listed	https://www.protectedplanet.net/106741	European Environment Agency	2022-02-21	CDDA_v18_29-05-2020
1567	1514	555597292			Îles du Cap Corse	Îles du Cap Corse	Corsican Nature Reserve (France)	Réserve Naturelle Corse	National	MPA with a national statute	Marine Protected Area	Secondary	IV - Habitat/species management area	{FRA}	{MWE}	0.47	0.41	0.66	0.66	71	62	Designated	2017	Not reported	French Ministry in charge of the environment. In march 2012, name, acronym and address as follows : Ministère de l'Écologie, du Développement durable, des Transports et du Logement (MEDDTL) 92055 La Défense Cedex France. Also Collectivité territoriale d*	Not reported		Not listed	https://www.protectedplanet.net/555597292	European Environment Agency	2020-06-17	CDDA_v18_29-05-2020
444		555527103	GR4110002		AGIOS EFSTRATIOS KAI PARAKTIA THALASSIA ZONI	AGIOS EFSTRATIOS KAI PARAKTIA THALASSIA ZONI	Special Area of Conservation (Habitats Directive)	Special Area of Conservation (Habitats Directive)	Regional	Marine Natura 2000 site	Marine Protected Area	Not reported	Not reported	{GRC}	{MAL}	21.37	19.54	62.84	62.87	34	31	Designated	2006	Not reported	Not reported	Not reported		Not listed	https://natura2000.eea.europa.eu/?query=Natura2000Sites_9883_0,SITECODE,GR4110002	European Environment Agency	2020-06-19	N2K_end2019_21-04-2020
445		555526994	GR1270007		AKROTIRIO ELIA - AKROTIRIO KASTRO - EKVOLI RAGOULA	AKROTIRIO ELIA - AKROTIRIO KASTRO - EKVOLI RAGOULA	Special Area of Conservation (Habitats Directive)	Special Area of Conservation (Habitats Directive)	Regional	Marine Natura 2000 site	Marine Protected Area	Not reported	Not reported	{GRC}	{MAL}	5.26	4.88	5.26	5.26	100	93	Designated	2006	Not reported	Not reported	Not reported		Not listed	https://natura2000.eea.europa.eu/?query=Natura2000Sites_9883_0,SITECODE,GR1270007	European Environment Agency	2020-06-19	N2K_end2019_21-04-2020
446		555526997	GR1270010		AKROTIRIO PYRGOS - ORMOS KYPSAS - MALAMO	AKROTIRIO PYRGOS - ORMOS KYPSAS - MALAMO	Special Area of Conservation (Habitats Directive)	Special Area of Conservation (Habitats Directive)	Regional	Marine Natura 2000 site	Marine Protected Area	Not reported	Not reported	{GRC}	{MAL}	11.79	11.56	11.79	11.8	100	98	Designated	2006	Not reported	Not reported	Not reported		Not listed	https://natura2000.eea.europa.eu/?query=Natura2000Sites_9883_0,SITECODE,GR1270010	European Environment Agency	2020-06-19	N2K_end2019_21-04-2020
448		555526984	GR1250004		ALYKI KITROUS - EVRYTERI PERIOCHI	ALYKI KITROUS - EVRYTERI PERIOCHI	Special Area of Conservation (Habitats Directive)	Special Area of Conservation (Habitats Directive)	Regional	Marine Natura 2000 site	Marine Protected Area	Not reported	Not reported	{GRC}	{MAL}	2.91	3.62	14.57	14.58	20	25	Designated	2006	Not reported	MANAGEMENT BODY OF  DELTA AXIOU-LOUDIA-ALIAKMONA	Not reported		Not listed	https://natura2000.eea.europa.eu/?query=Natura2000Sites_9883_0,SITECODE,GR1250004	European Environment Agency	2020-06-19	N2K_end2019_21-04-2020
449			GR2230003		ALYKI LEFKIMΜIS (KERKYRA)	ALYKI LEFKIMΜIS (KERKYRA)	SPA (Birds Directive) + SAC (Habitats Directive)	SPA (Birds Directive) + SAC (Habitats Directive)	Regional	Marine Natura 2000 site	Marine Protected Area	Not reported	Not reported	{GRC}	{MIC}	0.83	0.81	2.13	2.12	39	38	Designated	2001	Not reported	Not reported	Not reported		Not listed	https://natura2000.eea.europa.eu/?query=Natura2000Sites_9883_0,SITECODE,GR2230003	European Environment Agency	2020-06-19	N2K_end2019_21-04-2020
450		555527018	GR2110001		AMVRAKIKOS KOLPOS, DELTA LOUROU KAI ARACHTHOU (PETRA, MYTIKAS, EVRYTERI PERIOCHI, KATO POUS ARACHTHOU, KAMPI FILIPPIADAS)	AMVRAKIKOS KOLPOS, DELTA LOUROU KAI ARACHTHOU (PETRA, MYTIKAS, EVRYTERI PERIOCHI, KATO POUS ARACHTHOU, KAMPI FILIPPIADAS)	Special Area of Conservation (Habitats Directive)	Special Area of Conservation (Habitats Directive)	Regional	Marine Natura 2000 site	Marine Protected Area	Not reported	Not reported	{GRC}	{MIC}	409.06	413.39	601.56	600.99	68	69	Designated	2006	Not reported	Not reported	Not reported		Not listed	https://natura2000.eea.europa.eu/?query=Natura2000Sites_9883_0,SITECODE,GR2110001	European Environment Agency	2020-06-19	N2K_end2019_21-04-2020
451		555539662	GR2110004		AMVRAKIKOS KOLPOS, LIMNOTHALASSA KATAFOURKO KAI KORAKONISIA	AMVRAKIKOS KOLPOS, LIMNOTHALASSA KATAFOURKO KAI KORAKONISIA	Special Protection Area (Birds Directive)	Special Protection Area (Birds Directive)	Regional	Marine Natura 2000 site	Marine Protected Area	Not reported	Not reported	{GRC}	{MIC}	44.05	56.88	231.86	231.63	19	25	Designated	1988	Not reported	"1. REGIONAL UNION's DIRECTORATES OF FISHERIES, 2. MANAGEMENT BODY OF YGROTOPOI AMVRAKIKOU"	Not reported		Not listed	https://natura2000.eea.europa.eu/?query=Natura2000Sites_9883_0,SITECODE,GR2110004	European Environment Agency	2020-06-19	N2K_end2019_21-04-2020
453		555539765	GR4220023		ANAFI, ANATOLIKO KAI VOREIO TMIMA KAI GYRO NISIDES KAI THALASSIA PERIOCHI	ANAFI, ANATOLIKO KAI VOREIO TMIMA KAI GYRO NISIDES KAI THALASSIA PERIOCHI	Special Protection Area (Birds Directive)	Special Protection Area (Birds Directive)	Regional	Marine Natura 2000 site	Marine Protected Area	Not reported	Not reported	{GRC}	{MAL}	93.94	93.72	99.94	99.95	94	94	Designated	2001	Not reported	Not reported	Not reported		Not listed	https://natura2000.eea.europa.eu/?query=Natura2000Sites_9883_0,SITECODE,GR4220023	European Environment Agency	2020-06-19	N2K_end2019_21-04-2020
454		555527124	GR4220002		ANAFI: CHERSONISOS KALAMOS - ROUKOUNAS	ANAFI: CHERSONISOS KALAMOS - ROUKOUNAS	Special Area of Conservation (Habitats Directive)	Special Area of Conservation (Habitats Directive)	Regional	Marine Natura 2000 site	Marine Protected Area	Not reported	Not reported	{GRC}	{MAL}	4.04	3.88	11.22	11.22	36	35	Designated	2006	Not reported	FOREST DIRECTORATE OF KYKLADES	Not reported		Not listed	https://natura2000.eea.europa.eu/?query=Natura2000Sites_9883_0,SITECODE,GR4220002	European Environment Agency	2020-06-19	N2K_end2019_21-04-2020
455		555527132	GR4220011		ANATOLIKI KEA	ANATOLIKI KEA	Special Area of Conservation (Habitats Directive)	Special Area of Conservation (Habitats Directive)	Regional	Marine Natura 2000 site	Marine Protected Area	Not reported	Not reported	{GRC}	{MAL}	5.01	3.5	71.52	71.57	7	5	Designated	2006	Not reported	Not reported	Not reported		Not listed	https://natura2000.eea.europa.eu/?query=Natura2000Sites_9883_0,SITECODE,GR4220011	European Environment Agency	2020-06-19	N2K_end2019_21-04-2020
1545		555539750	GR4210021		ANATOLIKO TMIMA ASTYPALEAS KAI NISIDES KOUNOUPI, FTENO, CHONDROPOULO, KOYTSOMYTIS, MONI, AGIA KYRIAKI, TIGANI, CHONDRI, LIGNO, FOKIONISIA, KATSAGRELI, PONTIKOYSSA, FIDOYSSA, KTENIA KAI THALASSIA PERIOCHI	ANATOLIKO TMIMA ASTYPALEAS KAI NISIDES KOUNOUPI, FTENO, CHONDROPOULO, KOYTSOMYTIS, MONI, AGIA KYRIAKI, TIGANI, CHONDRI, LIGNO, FOKIONISIA, KATSAGRELI, PONTIKOYSSA, FIDOYSSA, KTENIA KAI THALASSIA PERIOCHI	Special Protection Area (Birds Directive)	Special Protection Area (Birds Directive)	Regional	Marine Natura 2000 site	Marine Protected Area	Not reported	Not reported	{GRC}	{MAL}	269.0	262.21	283.16	283.08	95	93	Designated	2001	Federal or national ministry or agency	Management Agency of Dodecanese Protected Areas	Partially implemented		Not listed	https://natura2000.eea.europa.eu/?query=Natura2000Sites_9883_0,SITECODE,GR4210021	European Environment Agency	2020-06-19	N2K_end2019_21-04-2020
1547		555539754	GR4210025		ANATOLIKO TMIMA NISOU SYMIS KAI NISIDES KOULOUNDROS SESKLI, TROUMPETO, MARMARAS, KARAVALONISI, MEGALONISI, GIALESINO, OXEIA, CHONDROS, PLATY, NIMOS  KAI THALASSIA PERIOCHI NISOU SYMIS 	ANATOLIKO TMIMA NISOU SYMIS KAI NISIDES KOULOUNDROS SESKLI, TROUMPETO, MARMARAS, KARAVALONISI, MEGALONISI, GIALESINO, OXEIA, CHONDROS, PLATY, NIMOS  KAI THALASSIA PERIOCHI NISOU SYMIS 	Special Protection Area (Birds Directive)	Special Protection Area (Birds Directive)	Regional	Marine Natura 2000 site	Marine Protected Area	Not reported	Not reported	{GRC}	{MAL}	76.04	74.43	98.75	98.54	77	76	Designated	2001	Federal or national ministry or agency	Management Agency of Dodecanese Protected Areas	Partially implemented		Not listed	https://natura2000.eea.europa.eu/?query=Natura2000Sites_9883_0,SITECODE,GR4210025	European Environment Agency	2020-06-19	N2K_end2019_21-04-2020
457		555539770	GR4220028		ANDROS: KENTRIKO KAI NOTIO TMIMA, GYRO NISIDES KAI PARAKTIA THALASSIA ZONI	ANDROS: KENTRIKO KAI NOTIO TMIMA, GYRO NISIDES KAI PARAKTIA THALASSIA ZONI	Special Protection Area (Birds Directive)	Special Protection Area (Birds Directive)	Regional	Marine Natura 2000 site	Marine Protected Area	Not reported	Not reported	{GRC}	{MAL}	219.24	66.01	219.24	219.38	100	30	Designated	2010	Not reported	Not reported	Not reported		Not listed	https://natura2000.eea.europa.eu/?query=Natura2000Sites_9883_0,SITECODE,GR4220028	European Environment Agency	2020-06-19	N2K_end2019_21-04-2020
458		555527100	GR3000008		ANTIKYTHIRA - PRASONISI KAI LAGOUVARDOS	ANTIKYTHIRA - PRASONISI KAI LAGOUVARDOS	Special Area of Conservation (Habitats Directive)	Special Area of Conservation (Habitats Directive)	Regional	Marine Natura 2000 site	Marine Protected Area	Not reported	Not reported	{GRC}	{MAL,MIC}	50.92	49.54	71.72	71.77	71	69	Designated	2006	Not reported	FOREST SERVICE OF PEIRAIAS	Not reported		Not listed	https://natura2000.eea.europa.eu/?query=Natura2000Sites_9883_0,SITECODE,GR3000008	European Environment Agency	2020-06-19	N2K_end2019_21-04-2020
459		555527121	GR4210010		ARKOI, LEIPSOI, AGATHONISI KAI VRACHONISIDES	ARKOI, LEIPSOI, AGATHONISI KAI VRACHONISIDES	Special Area of Conservation (Habitats Directive)	Special Area of Conservation (Habitats Directive)	Regional	Marine Natura 2000 site	Marine Protected Area	Not reported	Not reported	{GRC}	{MAL}	78.5	73.04	124.61	124.51	63	59	Designated	2006	Federal or national ministry or agency	Management Agency of Dodecanese Protected Areas	Partially implemented		Not listed	https://natura2000.eea.europa.eu/?query=Natura2000Sites_9883_0,SITECODE,GR4210010	European Environment Agency	2020-06-19	N2K_end2019_21-04-2020
460		555527165	GR4340012		ASFENDOU - KALLIKRATIS KAI PARAKTIA ZONI	ASFENDOU - KALLIKRATIS KAI PARAKTIA ZONI	Special Area of Conservation (Habitats Directive)	Special Area of Conservation (Habitats Directive)	Regional	Marine Natura 2000 site	Marine Protected Area	Not reported	Not reported	{GRC}	{MAL}	16.79	16.69	139.94	140.05	12	12	Designated	2006	Not reported	"1. FOREST DIRECTORATE OF CHANIA, 2. FOREST DIRECTORATE OF RETHYMNO"	Not reported		Not listed	https://natura2000.eea.europa.eu/?query=Natura2000Sites_9883_0,SITECODE,GR4340012	European Environment Agency	2020-06-19	N2K_end2019_21-04-2020
461		555527143	GR4310005		ASTEROUSIA (KOFINAS)	ASTEROUSIA (KOFINAS)	Special Area of Conservation (Habitats Directive)	Special Area of Conservation (Habitats Directive)	Regional	Marine Natura 2000 site	Marine Protected Area	Not reported	Not reported	{GRC}	{MAL}	4.82	3.06	160.5	160.59	3	2	Designated	2006	Not reported	Not reported	Not reported		Not listed	https://natura2000.eea.europa.eu/?query=Natura2000Sites_9883_0,SITECODE,GR4310005	European Environment Agency	2020-06-19	N2K_end2019_21-04-2020
463		555527120	GR4210009		ASTYPALAIA: ANATOLIKO TMIMA, GYRO NISIDES KAI OFIDOUSSA KAI THALASSIA ZONI (AKR. LANTRA - AKR. VRYSI)	ASTYPALAIA: ANATOLIKO TMIMA, GYRO NISIDES KAI OFIDOUSSA KAI THALASSIA ZONI (AKR. LANTRA - AKR. VRYSI)	Special Area of Conservation (Habitats Directive)	Special Area of Conservation (Habitats Directive)	Regional	Marine Natura 2000 site	Marine Protected Area	Not reported	Not reported	{GRC}	{MAL}	34.46	31.38	70.32	70.3	49	45	Designated	2006	Federal or national ministry or agency	Management Agency of Dodecanese Protected Areas	Partially implemented		Not listed	https://natura2000.eea.europa.eu/?query=Natura2000Sites_9883_0,SITECODE,GR4210009	European Environment Agency	2020-06-19	N2K_end2019_21-04-2020
443	443	392914			Achéron and Kalamá and Elos Kalodikíou	Αχέρων ανδ Καλαμά ανδ Ελοσ Καλοδικίου	Nature Reserve (Greece)	Φυσικό απόθεμα	National	MPA with a national statute	Marine Protected Area	Main	VI - Protected area with sustainable use of natural resources	{GRC}	{MIC}	26.48	23.9	193.31	192.99	14	12	Designated	2009	Government-delegated management	Management Body of Kalamas - Acherontas - Kerkyra	Inexistent		Not listed	http://www.kalamas-acherontas.gr	European Environment Agency	2020-06-17	CDDA_v18_29-05-2020
1626	1626	341447			Alykí tou Dímou Náxou	Αλυκή του Δήμου Νάξου	Wildlife Refuge (Greece)	Καταφύγιο άγριας ζωής	National	MPA with a national statute	Marine Protected Area	Main	IV - Habitat/species management area	{GRC}	{MAL}		0.06	1.74	1.74	0	3	Designated	2004	Not reported	Ministry of Environment, Energy and Climate Change - Special Secretariat for Forests	Not reported		Not listed	https://www.protectedplanet.net/341447	European Environment Agency	2020-06-17	CDDA_v18_29-05-2020
447	447	13385			Alónnisos, Vóreies Sporádes	Αλόννησος, Βόρειες Σποράδες	National Marine Park (Greece)	Εθνικό Θαλάσσιο Πάρκο	National	MPA with a national statute	Marine Protected Area	Main	VI - Protected area with sustainable use of natural resources	{GRC}	{MAL}	2172.52	2158.73	2301.4	2303.21	94	94	Designated	1992	Government-delegated management	Management Body of National Marine Park of Alonnisos Northern Sporades	Inexistent		Not listed	http://www.alonissos-park.gr	European Environment Agency	2020-06-17	CDDA_v18_29-05-2020
1258		67979		61	Amvrakikos gulf	Amvrakikos gulf	Ramsar site	Ramsar site	International	Ramsar site	Site of conservation interest	Not reported	Not reported	{GRC}	{MIC}	0.0	61.65	236.49	287.4	0	21	Designated	1975	Government-delegated management	Amvrakikos Gulf-Lefkadas Management Agency	Inexistent		Not listed	https://rsis.ramsar.org/ris/61	European Environment Agency	2015-01-07	Polygon extracted from the Common Database on Nationally Designated Areas (CDDA, version 12). Based on the map provided in the document presenting Amvrakikos National Park (http://www.amvrakikos.eu/english/foreas.pdf).
456	456	349973			Anatolikí Makedonía kai Thráki	Ανατολική Μακεδονία και Θράκη	National Park (Greece)	Εθνικό Πάρκο	National	MPA with a national statute	Marine Protected Area	Main	V - Protected landscape/seascape	{GRC}	{MAL}	49.26	96.92	929.47	930.04	5	10	Designated	2008	Local communities	Management Agency of Delta Nestou, Vistonidas, Ismaridas	Partially implemented		Not listed	https://www.protectedplanet.net/349973	European Environment Agency	2020-06-17	CDDA_v18_29-05-2020
1259		67977		59	Axios, Loudias, Aliakmon Delta	Axios, Loudias, Aliakmon Delta	Ramsar site	Ramsar site	International	Ramsar site	Site of conservation interest	Not reported	Not reported	{GRC}	{MAL}	0.0	83.5	118.08	149.65	0	56	Designated	1975	Not reported	Management Authority of Axios, Loudias, Aliakmonas Estuaries National Park	Not reported		Not listed	https://rsis.ramsar.org/ris/59	European Environment Agency	2015-01-07	Polygon extracted from the Common Database on Nationally Designated Areas (CDDA, version 12). Uncertain boundaries.
1628		555539795	GR4340017		CHERSONISOS GRAMVOUSAS KAI NISIDES IMERI KAI AGRIA GRAMVOUSA, PONTIKONISI KAI THALASSIA  ZONI	CHERSONISOS GRAMVOUSAS KAI NISIDES IMERI KAI AGRIA GRAMVOUSA, PONTIKONISI KAI THALASSIA  ZONI	Special Protection Area (Birds Directive)	Special Protection Area (Birds Directive)	Regional	Marine Natura 2000 site	Marine Protected Area	Not reported	Not reported	{GRC}	{MAL,MIC}	98.83	97.62	126.71	126.81	78	77	Designated	2001	Not reported	Not reported	Not reported		Not listed	https://natura2000.eea.europa.eu/?query=Natura2000Sites_9883_0,SITECODE,GR4340017	European Environment Agency	2020-06-19	N2K_end2019_21-04-2020
464			GR4340003		CHERSONISOS RODOPOU – PARALIA MALEME -KOLPOS CHANION	CHERSONISOS RODOPOU – PARALIA MALEME -KOLPOS CHANION	Special Area of Conservation (Habitats Directive)	Special Area of Conservation (Habitats Directive)	Regional	Marine Natura 2000 site	Marine Protected Area	Not reported	Not reported	{GRC}	{MAL}	78.63	75.5	160.47	160.6	49	47	Designated	2006	Not reported	Not reported	Not reported		Not listed	https://natura2000.eea.europa.eu/?query=Natura2000Sites_9883_0,SITECODE,GR4340003	European Environment Agency	2020-06-19	N2K_end2019_21-04-2020
466		555539688	GR2310015		DELTA ACHELOOU, LIMNOTHALASSA MESOLONGIOU - AITOLIKOU KAI EKVOLES EVINOU, NISOI ECHINADES, NISOS PETALAS, DYTIKOS ARAKYNTHOS KAI STENA KLEISOURAS	DELTA ACHELOOU, LIMNOTHALASSA MESOLONGIOU - AITOLIKOU KAI EKVOLES EVINOU, NISOI ECHINADES, NISOS PETALAS, DYTIKOS ARAKYNTHOS KAI STENA KLEISOURAS	Special Protection Area (Birds Directive)	Special Protection Area (Birds Directive)	Regional	Marine Natura 2000 site	Marine Protected Area	Not reported	Not reported	{GRC}	{MIC}	44.36	208.34	443.64	443.39	10	47	Designated	1988	Not reported	MANAGEMENT BODY OF LIMNOTHALASSA MESOLOGGIOU	Not reported		Not listed	https://natura2000.eea.europa.eu/?query=Natura2000Sites_9883_0,SITECODE,GR2310015	European Environment Agency	2020-06-19	N2K_end2019_21-04-2020
467		555527041	GR2310001		DELTA ACHELOOU, LIMNOTHALASSA MESOLONGIOU - AITOLIKOU, EKVOLES EVINOU, NISOI ECHINADES, NISOS PETALAS	DELTA ACHELOOU, LIMNOTHALASSA MESOLONGIOU - AITOLIKOU, EKVOLES EVINOU, NISOI ECHINADES, NISOS PETALAS	Special Area of Conservation (Habitats Directive)	Special Area of Conservation (Habitats Directive)	Regional	Marine Natura 2000 site	Marine Protected Area	Not reported	Not reported	{GRC}	{MIC}	42.77	208.34	356.41	356.2	12	58	Designated	2006	Not reported	MANAGEMENT BODY OF LIMNOTHALASSA MESOLOGGIOU	Not reported		Not listed	https://natura2000.eea.europa.eu/?query=Natura2000Sites_9883_0,SITECODE,GR2310001	European Environment Agency	2020-06-19	N2K_end2019_21-04-2020
468		555539618	GR1220010		DELTA AXIOU - LOUDIA - ALIAKMONA - ALYKI KITROUS	DELTA AXIOU - LOUDIA - ALIAKMONA - ALYKI KITROUS	Special Protection Area (Birds Directive)	Special Protection Area (Birds Directive)	Regional	Marine Natura 2000 site	Marine Protected Area	Not reported	Not reported	{GRC}	{MAL}	75.02	71.43	288.55	288.69	26	25	Designated	1988	Not reported	MANAGEMENT BODY OF  DELTA AXIOU-LOUDIA-ALIAKMONA	Not reported		Not listed	https://natura2000.eea.europa.eu/?query=Natura2000Sites_9883_0,SITECODE,GR1220010	European Environment Agency	2020-06-19	N2K_end2019_21-04-2020
469		555526972	GR1220002		DELTA AXIOU - LOUDIA - ALIAKMONA – EVRYTERI PERIOCHI - AXIOUPOLI	DELTA AXIOU - LOUDIA - ALIAKMONA – EVRYTERI PERIOCHI - AXIOUPOLI	Special Area of Conservation (Habitats Directive)	Special Area of Conservation (Habitats Directive)	Regional	Marine Natura 2000 site	Marine Protected Area	Not reported	Not reported	{GRC}	{MAL}	66.39	62.08	414.96	415.15	16	15	Designated	2006	Not reported	Not reported	Not reported		Not listed	https://natura2000.eea.europa.eu/?query=Natura2000Sites_9883_0,SITECODE,GR1220002	European Environment Agency	2020-06-19	N2K_end2019_21-04-2020
470		555539601	GR1110006		DELTA EVROU	DELTA EVROU	Special Protection Area (Birds Directive)	Special Protection Area (Birds Directive)	Regional	Marine Natura 2000 site	Marine Protected Area	Not reported	Not reported	{GRC}	{MAL}	23.51	24.55	123.73	123.74	19	20	Designated	1998	Not reported	MANAGEMENT BODY OF  ETHNIKO PARKO DELTA EVROU	Not reported		Not listed	https://natura2000.eea.europa.eu/?query=Natura2000Sites_9883_0,SITECODE,GR1110006	European Environment Agency	2020-06-19	N2K_end2019_21-04-2020
471		555526954	GR1110007		DELTA EVROU KAI DYTIKOS VRACHIONAS	DELTA EVROU KAI DYTIKOS VRACHIONAS	Special Area of Conservation (Habitats Directive)	Special Area of Conservation (Habitats Directive)	Regional	Marine Natura 2000 site	Marine Protected Area	Not reported	Not reported	{GRC}	{MAL}	24.09	24.16	96.35	96.35	25	25	Designated	2006	Not reported	MANAGEMENT BODY OF  ETHNIKO PARKO DELTA EVROU	Not reported		Not listed	https://natura2000.eea.europa.eu/?query=Natura2000Sites_9883_0,SITECODE,GR1110007	European Environment Agency	2020-06-19	N2K_end2019_21-04-2020
472	456	555526968	GR1150010		DELTA NESTOU KAI LIMNOTHALASSES KERAMOTIS - EVRYTERI PERIOCHI KAI PARAKTIA ZONI	DELTA NESTOU KAI LIMNOTHALASSES KERAMOTIS - EVRYTERI PERIOCHI KAI PARAKTIA ZONI	Special Area of Conservation (Habitats Directive)	Special Area of Conservation (Habitats Directive)	Regional	Marine Natura 2000 site	Marine Protected Area	Secondary	Not reported	{GRC}	{MAL}	41.45	42.36	230.28	230.44	18	18	Designated	2006	Not reported	MANAGEMENT BODY OF  DELTA NESTOU-VISTONIDAS-ISMARIDAS	Not reported		Not listed	https://natura2000.eea.europa.eu/?query=Natura2000Sites_9883_0,SITECODE,GR1150010	European Environment Agency	2020-06-19	N2K_end2019_21-04-2020
473	456	555539613	GR1150001		DELTA NESTOU KAI LIMNOTHALASSES KERAMOTIS KAI NISOS THASOPOULA	DELTA NESTOU KAI LIMNOTHALASSES KERAMOTIS KAI NISOS THASOPOULA	Special Protection Area (Birds Directive)	Special Protection Area (Birds Directive)	Regional	Marine Natura 2000 site	Marine Protected Area	Secondary	Not reported	{GRC}	{MAL}	31.03	31.28	147.74	147.84	21	21	Designated	1988	Not reported	MANAGEMENT BODY OF  DELTA NESTOU-VISTONIDAS-ISMARIDAS	Not reported		Not listed	https://natura2000.eea.europa.eu/?query=Natura2000Sites_9883_0,SITECODE,GR1150001	European Environment Agency	2020-06-19	N2K_end2019_21-04-2020
474		555539655	GR1420015		DELTA PINEIOU	DELTA PINEIOU	Special Protection Area (Birds Directive)	Special Protection Area (Birds Directive)	Regional	Marine Natura 2000 site	Marine Protected Area	Not reported	Not reported	{GRC}	{MAL}	2.66	2.94	33.31	33.33	8	9	Designated	2010	Not reported	Not reported	Not reported		Not listed	https://natura2000.eea.europa.eu/?query=Natura2000Sites_9883_0,SITECODE,GR1420015	European Environment Agency	2020-06-19	N2K_end2019_21-04-2020
475		555539683	GR2230008		DIAPONTIA NISIA (OTHONOI, EREIKOUSA, MATHRAKI KAI VRACHONISIDES)	DIAPONTIA NISIA (OTHONOI, EREIKOUSA, MATHRAKI KAI VRACHONISIDES)	Special Protection Area (Birds Directive)	Special Protection Area (Birds Directive)	Regional	Marine Natura 2000 site	Marine Protected Area	Not reported	Not reported	{GRC}	{MAD,MIC}	90.05	88.59	101.18	100.88	89	88	Designated	2010	Not reported	Not reported	Not reported		Not listed	https://natura2000.eea.europa.eu/?query=Natura2000Sites_9883_0,SITECODE,GR2230008	European Environment Agency	2020-06-19	N2K_end2019_21-04-2020
1631		555539784	GR4320011		DIONYSADES NISOI KAI THALASSIA ZONI	DIONYSADES NISOI KAI THALASSIA ZONI	Special Protection Area (Birds Directive)	Special Protection Area (Birds Directive)	Regional	Marine Natura 2000 site	Marine Protected Area	Not reported	Not reported	{GRC}	{MAL}	169.64	169.18	174.89	174.86	97	97	Designated	1997	Not reported	Not reported	Not reported		Not listed	https://natura2000.eea.europa.eu/?query=Natura2000Sites_9883_0,SITECODE,GR4320011	European Environment Agency	2020-06-19	N2K_end2019_21-04-2020
476		555527036	GR2220005		DYTIKES AKTES KEFALONIAS - STENO KEFALONIAS ITHAKIS - VOREIA ITHAKI (AKROTIRIA GERO GKOMPOS - DRAKOU PIDIMA - KENTRI - AG. IOANNIS)	DYTIKES AKTES KEFALONIAS - STENO KEFALONIAS ITHAKIS - VOREIA ITHAKI (AKROTIRIA GERO GKOMPOS - DRAKOU PIDIMA - KENTRI - AG. IOANNIS)	Special Area of Conservation (Habitats Directive)	Special Area of Conservation (Habitats Directive)	Regional	Marine Natura 2000 site	Marine Protected Area	Not reported	Not reported	{GRC}	{MIC}	187.68	183.0	187.68	187.39	100	98	Designated	2006	Not reported	Not reported	Not reported		Not listed	https://natura2000.eea.europa.eu/?query=Natura2000Sites_9883_0,SITECODE,GR2220005	European Environment Agency	2020-06-19	N2K_end2019_21-04-2020
477			GR2210001		DYTIKES KAI VOREIOANATOLIKES AKTES ZAKYNTHOU	DYTIKES KAI VOREIOANATOLIKES AKTES ZAKYNTHOU	SPA (Birds Directive) + SAC (Habitats Directive)	SPA (Birds Directive) + SAC (Habitats Directive)	Regional	Marine Natura 2000 site	Marine Protected Area	Not reported	Not reported	{GRC}	{MIC}	169.57	165.77	214.65	214.37	79	77	Designated	2002	Not reported	Not reported	Not reported		Not listed	https://natura2000.eea.europa.eu/?query=Natura2000Sites_9883_0,SITECODE,GR2210001	European Environment Agency	2020-06-19	N2K_end2019_21-04-2020
1629	485	341481			Délta Évrou ton Dímon Traïanoúpolis, Ferára	Δέλτα Έβρου των Δήμων Τραϊανούπολης, Φεράρα	Wildlife Refuge (Greece)	Καταφύγιο άγριας ζωής	National	MPA with a national statute	Marine Protected Area	Secondary	IV - Habitat/species management area	{GRC}	{MAL}	20.47	23.83	55.32	55.32	37	43	Designated	2001	Not reported	Ministry of Environment, Energy and Climate Change - Special Secretariat for Forests	Not reported		Not listed	https://www.protectedplanet.net/341481	European Environment Agency	2020-06-17	CDDA_v18_29-05-2020
1630	456	341427			Dímos Kosmátou Iasmoú	Δήμος Κοσμάτου Ιασμού	Wildlife Refuge (Greece)	Καταφύγιο άγριας ζωής	National	MPA with a national statute	Marine Protected Area	Secondary	IV - Habitat/species management area	{GRC}	{MAL}		17.52	37.1	37.12	0	47	Designated	2001	Not reported	Not reported	Not reported		Not listed	https://www.protectedplanet.net/341427	European Environment Agency	2020-06-17	CDDA_v18_29-05-2020
479		555527020	GR2120001		EKVOLES (DELTA) KALAMA	EKVOLES (DELTA) KALAMA	Special Area of Conservation (Habitats Directive)	Special Area of Conservation (Habitats Directive)	Regional	Marine Natura 2000 site	Marine Protected Area	Not reported	Not reported	{GRC}	{MIC}	0.0	13.91	86.32	86.16	0	16	Designated	2006	Not reported	MANAGEMENT BODY OF  STENA KAI EKVOLES POTAMON ACHERONTA KAI KALAMA	Not reported		Not listed	https://natura2000.eea.europa.eu/?query=Natura2000Sites_9883_0,SITECODE,GR2120001	European Environment Agency	2020-06-19	N2K_end2019_21-04-2020
1632		555527088	GR2540003		EKVOLES EVROTA, PERIOCHI VRONTAMA KAI THALASSIA PERIOCHI LAKONIKOU KOLPOU	EKVOLES EVROTA, PERIOCHI VRONTAMA KAI THALASSIA PERIOCHI LAKONIKOU KOLPOU	Special Area of Conservation (Habitats Directive)	Special Area of Conservation (Habitats Directive)	Regional	Marine Natura 2000 site	Marine Protected Area	Not reported	Not reported	{GRC}	{MIC}	37.2	36.21	106.28	106.33	35	34	Designated	2006	Not reported	"1. REGIONAL UNION's DIRECTORATES OF FISHERIES, 2. MANAGEMENT BODY OF YGROTOPOI AMVRAKIKOU"	Not reported		Not listed	https://natura2000.eea.europa.eu/?query=Natura2000Sites_9883_0,SITECODE,GR2540003	European Environment Agency	2020-06-19	N2K_end2019_21-04-2020
480			GR1260002		EKVOLES POTAMOU STRYMONA	EKVOLES POTAMOU STRYMONA	SPA (Birds Directive) + SAC (Habitats Directive)	SPA (Birds Directive) + SAC (Habitats Directive)	Regional	Marine Natura 2000 site	Marine Protected Area	Not reported	Not reported	{GRC}	{MAL}	1.91	1.75	12.74	12.75	15	14	Designated	2001	Not reported	Not reported	Not reported		Not listed	https://natura2000.eea.europa.eu/?query=Natura2000Sites_9883_0,SITECODE,GR1260002	European Environment Agency	2020-06-19	N2K_end2019_21-04-2020
481		555539780	GR4310012		EKVOLI GEROPOTAMOU MESARAS	EKVOLI GEROPOTAMOU MESARAS	Special Protection Area (Birds Directive)	Special Protection Area (Birds Directive)	Regional	Marine Natura 2000 site	Marine Protected Area	Not reported	Not reported	{GRC}	{MAL}	0.76	1.1	6.88	6.88	11	16	Designated	2002	Not reported	Not reported	Not reported		Not listed	https://natura2000.eea.europa.eu/?query=Natura2000Sites_9883_0,SITECODE,GR4310012	European Environment Agency	2020-06-19	N2K_end2019_21-04-2020
482		555527034	GR2220003		ESOTERIKO ARCHIPELAGOS IONIOU (MEGANISI, ARKOUDI, ATOKOS, VROMONAS)	ESOTERIKO ARCHIPELAGOS IONIOU (MEGANISI, ARKOUDI, ATOKOS, VROMONAS)	Special Area of Conservation (Habitats Directive)	Special Area of Conservation (Habitats Directive)	Regional	Marine Natura 2000 site	Marine Protected Area	Not reported	Not reported	{GRC}	{MIC}	864.82	856.82	882.47	881.51	98	97	Designated	2006	Not reported	Not reported	Not reported		Not listed	https://natura2000.eea.europa.eu/?query=Natura2000Sites_9883_0,SITECODE,GR2220003	European Environment Agency	2020-06-19	N2K_end2019_21-04-2020
483		555527096	GR3000003		ETHNIKO PARKO SCHINIA - MARATHONA	ETHNIKO PARKO SCHINIA - MARATHONA	Special Area of Conservation (Habitats Directive)	Special Area of Conservation (Habitats Directive)	Regional	Marine Natura 2000 site	Marine Protected Area	Not reported	Not reported	{GRC}	{MAL}	3.33	3.09	13.32	13.33	25	23	Designated	2006	Not reported	"1. ORGANISATION OF ATHENS (ORSA), 2. FOREST SERVICE OF KAPANDRITI, 3. MANAGEMENT BODY OF  ETHNIKO PARKO SCHINIA-MARATHONA N. ATTIKIS"	Not reported		Not listed	https://natura2000.eea.europa.eu/?query=Natura2000Sites_9883_0,SITECODE,GR3000003	European Environment Agency	2020-06-19	N2K_end2019_21-04-2020
484		555527014	GR1430004		ETHNIKO THALASSIO PARKO ALONNISOU – VOREION SPORADON, ANATOLIKI SKOPELOS 	ETHNIKO THALASSIO PARKO ALONNISOU – VOREION SPORADON, ANATOLIKI SKOPELOS 	Special Area of Conservation (Habitats Directive)	Special Area of Conservation (Habitats Directive)	Regional	Marine Natura 2000 site	Marine Protected Area	Not reported	Not reported	{GRC}	{MAL}	2317.1	2305.67	2491.51	2493.46	93	92	Designated	2006	Not reported	Management Body of the National Marine Park of Alonnisos Northern Sporades	Not reported		Not listed	https://natura2000.eea.europa.eu/?query=Natura2000Sites_9883_0,SITECODE,GR1430004	European Environment Agency	2020-06-19	N2K_end2019_21-04-2020
1260		67971		54	Evros Delta	Evros Delta	Ramsar site	Ramsar site	International	Ramsar site	Site of conservation interest	Not reported	Not reported	{GRC}	{MAL}	0.0	23.83	92.67	55.32	0	43	Designated	1975	Not reported	Management Agency of Evros Delta National Park	Not reported		Not listed	https://rsis.ramsar.org/ris/54	European Environment Agency	2015-01-07	Polygon extracted from the Common Database on Nationally Designated Areas (CDDA, version 12). Same boundaries as the Wildlife Refuge (according to the Ramsar Information Sheet). Uncertain boundaries.
487		555526952	GR1110004		FENGARI SAMOTHRAKIS, ANATOLIKES AKTES, VRACHONISSIDA ZOURAFA KAI THALASSIA ZONI	FENGARI SAMOTHRAKIS, ANATOLIKES AKTES, VRACHONISSIDA ZOURAFA KAI THALASSIA ZONI	Special Area of Conservation (Habitats Directive)	Special Area of Conservation (Habitats Directive)	Regional	Marine Natura 2000 site	Marine Protected Area	Not reported	Not reported	{GRC}	{MAL}	50.62	49.75	163.29	163.34	31	30	Designated	2006	Not reported	FOREST SERVICE OF ALEXANDROUPOLIS	Not reported		Not listed	https://natura2000.eea.europa.eu/?query=Natura2000Sites_9883_0,SITECODE,GR1110004	European Environment Agency	2020-06-19	N2K_end2019_21-04-2020
488			GR4220004		FOLEGANDROS ANATOLIKI MECHRI DYTIKI SIKINO KAI THALASSIA ZONI	FOLEGANDROS ANATOLIKI MECHRI DYTIKI SIKINO KAI THALASSIA ZONI	SPA (Birds Directive) + SAC (Habitats Directive)	SPA (Birds Directive) + SAC (Habitats Directive)	Regional	Marine Natura 2000 site	Marine Protected Area	Not reported	Not reported	{GRC}	{MAL}	23.26	20.08	70.47	70.51	33	28	Designated	2002	Not reported	Not reported	Not reported		Not listed	https://natura2000.eea.europa.eu/?query=Natura2000Sites_9883_0,SITECODE,GR4220004	European Environment Agency	2020-06-19	N2K_end2019_21-04-2020
1633	456	341885			Fanári-Pórto Lágos	Φανάρι-Πόρτο Λάγος	Wildlife Refuge (Greece)	Καταφύγιο άγριας ζωής	National	MPA with a national statute	Marine Protected Area	Secondary	IV - Habitat/species management area	{GRC}	{MAL}	0.87	2.88	4.69	4.7	19	61	Designated	1978	Not reported	Ministry of Environment, Energy and Climate Change - Special Secretariat for Forests	Not reported		Not listed	https://www.protectedplanet.net/341885	European Environment Agency	2020-06-17	CDDA_v18_29-05-2020
489	489	392899			Gallikós, Axios, Loudiá, Aliákmonas, Alíkis Kitrós, Limnothálassa Kalochoríou	Γαλλικός, Αξιος, Λουδιά, Αλιάκμονας, Αλίκης Κιτρός, Λιμνοθάλασσα Καλοχωρίου	National Park (Greece)	Εθνικό Πάρκο	National	MPA with a national statute	Marine Protected Area	Main	VI - Protected area with sustainable use of natural resources	{GRC}	{MAL}	83.43	86.7	337.79	337.95	25	26	Designated	2009	Government-delegated management	Management Authority of Thermaikos Gulf Protected Areas (former title: Axios, Loudias, Aliakmonas Management Authority) is dedicated to the PA Operates and is governed by a board of Directors with 7 members  from Ministry (1), Regional (1) and local authorities(1), users (1), NGOs (1) and scientist (2). Staff:17 members.	Inexistent		Not listed	http://axiosdelta.gr	European Environment Agency	2020-06-17	CDDA_v18_29-05-2020
1507	1507				Gyaros	Γιάρος	Marine Wildlife Refuge (Greece)	Καταφύγιο θαλάσσιας άγριας ζωής	National	MPA with a national statute	Marine Protected Area	Main	Not reported	{GRC}	{MAL}	245.0	241.92	245.0	243.22	100	99	Designated	2015	Not reported	Not reported	Not reported		Not listed	http://cycladeslife.gr/en/the-island-of-gyaros-is-designated-the-first-wildlife-refuge-in-the-greece/	Not Reported	2016-04-19	Gyaros coastline was digitised by MedPAN on QGis 2.8.5 using Bing aerial basemap (DigitalGlobe 2016), and a 3 nautical mile buffer belt was created around the island, in accordance with the Decision n°91881 (24 December 2015) of the General Secretary of the Decentralized Administration of the Aegean establishing the Wildlife Refuge (Ίδρυση Θαλάσσιου Καταφυγίου Άγριας Ζωής (ΚΑΖ) στην θαλάσσια ζώνη πέριξ της νήσου Γυάρου, Περιφερειακής Ενότητας Σύρου).
490		555527110	GR4120004		IKARIA - FOURNOI KAI PARAKTIA ZONI	IKARIA - FOURNOI KAI PARAKTIA ZONI	Special Area of Conservation (Habitats Directive)	Special Area of Conservation (Habitats Directive)	Regional	Marine Natura 2000 site	Marine Protected Area	Not reported	Not reported	{GRC}	{MAL}	35.2	31.42	130.36	130.32	27	24	Designated	2006	Not reported	"1. FISHERIES DIRECTORATE OF SAMOS, 2. FOREST DIRECTORATE OF SAMOS"	Not reported		Not listed	https://natura2000.eea.europa.eu/?query=Natura2000Sites_9883_0,SITECODE,GR4120004	European Environment Agency	2020-06-19	N2K_end2019_21-04-2020
491		555527155	GR4340001		IMERI KAI AGRIA GRAMVOUSSA - TIGANI KAI FALASARNA - PONTIKONISI, ORMOS LIVADI - VIGLIA	IMERI KAI AGRIA GRAMVOUSSA - TIGANI KAI FALASARNA - PONTIKONISI, ORMOS LIVADI - VIGLIA	Special Area of Conservation (Habitats Directive)	Special Area of Conservation (Habitats Directive)	Regional	Marine Natura 2000 site	Marine Protected Area	Not reported	Not reported	{GRC}	{MAL,MIC}	24.14	21.5	58.88	58.93	41	36	Designated	2006	Not reported	FOREST DIRECTORATE OF CHANIA	Not reported		Not listed	https://natura2000.eea.europa.eu/?query=Natura2000Sites_9883_0,SITECODE,GR4340001	European Environment Agency	2020-06-19	N2K_end2019_21-04-2020
1634		555635589	GR3000018		KANALI MAKRONISOU	KANALI MAKRONISOU	Special Protection Area (Birds Directive)	Special Protection Area (Birds Directive)	Regional	Marine Natura 2000 site	Marine Protected Area	Not reported	Not reported	{GRC}	{MAL}	44.13	42.65	44.13	44.16	100	97	Designated	2010	Not reported	Not reported	Not reported		Not listed	https://natura2000.eea.europa.eu/?query=Natura2000Sites_9883_0,SITECODE,GR3000018	European Environment Agency	2020-06-19	N2K_end2019_21-04-2020
493		555527009	GR1420004		KARLA – MAVROVOUNI – KEFALOVRYSO VELESTINOU – NEOCHORI 	KARLA – MAVROVOUNI – KEFALOVRYSO VELESTINOU – NEOCHORI 	Special Area of Conservation (Habitats Directive)	Special Area of Conservation (Habitats Directive)	Regional	Marine Natura 2000 site	Marine Protected Area	Not reported	Not reported	{GRC}	{MAL}	32.89	30.41	469.91	470.16	7	6	Designated	2006	Not reported	Not reported	Not reported		Not listed	https://natura2000.eea.europa.eu/?query=Natura2000Sites_9883_0,SITECODE,GR1420004	European Environment Agency	2020-06-19	N2K_end2019_21-04-2020
495		555527113	GR4210001		KASOS KAI KASONISIA – EVRYTERI THALASSIA PERIOCHI	KASOS KAI KASONISIA – EVRYTERI THALASSIA PERIOCHI	Special Area of Conservation (Habitats Directive)	Special Area of Conservation (Habitats Directive)	Regional	Marine Natura 2000 site	Marine Protected Area	Not reported	Not reported	{GRC}	{MAL}	146.11	141.55	214.87	214.67	68	66	Designated	2006	Federal or national ministry or agency	Management Agency of Dodecanese Protected Areas	Partially implemented		Not listed	https://natura2000.eea.europa.eu/?query=Natura2000Sites_9883_0,SITECODE,GR4210001	European Environment Agency	2020-06-19	N2K_end2019_21-04-2020
496		555527115	GR4210004		KASTELLORIZO KAI NISIDES RO KAI STRONGYLI KAI PARAKTIA THALASSIA ZONI	KASTELLORIZO KAI NISIDES RO KAI STRONGYLI KAI PARAKTIA THALASSIA ZONI	Special Area of Conservation (Habitats Directive)	Special Area of Conservation (Habitats Directive)	Regional	Marine Natura 2000 site	Marine Protected Area	Not reported	Not reported	{GRC}	{MAL}	6.33	4.93	18.08	18.07	35	27	Designated	2006	Federal or national ministry or agency	Management Agency of Dodecanese Protected Areas	Partially implemented		Not listed	https://natura2000.eea.europa.eu/?query=Natura2000Sites_9883_0,SITECODE,GR4210004	European Environment Agency	2020-06-19	N2K_end2019_21-04-2020
497		555539706	GR2440005		KATO ROUS KAI EKVOLES SPERCHEIOU POTAMOU	KATO ROUS KAI EKVOLES SPERCHEIOU POTAMOU	Special Protection Area (Birds Directive)	Special Protection Area (Birds Directive)	Regional	Marine Natura 2000 site	Marine Protected Area	Not reported	Not reported	{GRC}	{MAL}	30.77	30.27	109.91	109.95	28	28	Designated	1997	Not reported	"1. FOREST DIRECTORATE OF FTHIOTIDA, 2. DIRECTORATE OF AGRICULTURAL DEVELOPMENT OF FTHIOTIDA, 3. FISHERIES DIRECTORATE OF FTHIOTIDA"	Not reported		Not listed	https://natura2000.eea.europa.eu/?query=Natura2000Sites_9883_0,SITECODE,GR2440005	European Environment Agency	2020-06-19	N2K_end2019_21-04-2020
499		555527135	GR4220014		KENTRIKI KAI NOTIA NAXOS: ZAS KAI VIGLA EOS MAVROVOUNI KAI THALASSIA ZONI (ORMOS KARADES - ORMOS MOUTSOUNAS)	KENTRIKI KAI NOTIA NAXOS: ZAS KAI VIGLA EOS MAVROVOUNI KAI THALASSIA ZONI (ORMOS KARADES - ORMOS MOUTSOUNAS)	Special Area of Conservation (Habitats Directive)	Special Area of Conservation (Habitats Directive)	Regional	Marine Natura 2000 site	Marine Protected Area	Not reported	Not reported	{GRC}	{MAL}	19.91	17.62	90.52	90.55	22	19	Designated	2006	Not reported	Not reported	Not reported		Not listed	https://natura2000.eea.europa.eu/?query=Natura2000Sites_9883_0,SITECODE,GR4220014	European Environment Agency	2020-06-19	N2K_end2019_21-04-2020
500		555527114	GR4210002		KENTRIKI KARPATHOS: KALI LIMNI - LASTOS - KYRA PANAGIA KAI PARAKTIA THALASSIA ZONI	KENTRIKI KARPATHOS: KALI LIMNI - LASTOS - KYRA PANAGIA KAI PARAKTIA THALASSIA ZONI	Special Area of Conservation (Habitats Directive)	Special Area of Conservation (Habitats Directive)	Regional	Marine Natura 2000 site	Marine Protected Area	Not reported	Not reported	{GRC}	{MAL}	8.39	7.0	93.23	93.12	9	8	Designated	2006	Federal or national ministry or agency	Management Agency of Dodecanese Protected Areas	Partially implemented		Not listed	https://natura2000.eea.europa.eu/?query=Natura2000Sites_9883_0,SITECODE,GR4210002	European Environment Agency	2020-06-19	N2K_end2019_21-04-2020
501		555527068	GR2440002		KOILADA KAI EKVOLES SPERCHEIOU – MALIAKOS KOLPOS – MESOCHORI SPERCHEIOU	KOILADA KAI EKVOLES SPERCHEIOU – MALIAKOS KOLPOS – MESOCHORI SPERCHEIOU	Special Area of Conservation (Habitats Directive)	Special Area of Conservation (Habitats Directive)	Regional	Marine Natura 2000 site	Marine Protected Area	Not reported	Not reported	{GRC}	{MAL}	143.61	141.45	463.27	463.44	31	31	Designated	2006	Not reported	Not reported	Not reported		Not listed	https://natura2000.eea.europa.eu/?query=Natura2000Sites_9883_0,SITECODE,GR2440002	European Environment Agency	2020-06-19	N2K_end2019_21-04-2020
502		555527030	GR2210002		KOLPOS LAGANA ZAKYNTHOU (AKR. GERAKI - KERI) KAI NISIDES MARATHONISI KAI PELOUZO	KOLPOS LAGANA ZAKYNTHOU (AKR. GERAKI - KERI) KAI NISIDES MARATHONISI KAI PELOUZO	Special Area of Conservation (Habitats Directive)	Special Area of Conservation (Habitats Directive)	Regional	Marine Natura 2000 site	Marine Protected Area	Not reported	Not reported	{GRC}	{MIC}	61.41	60.16	69.78	69.7	88	86	Designated	2006	Not reported	"MANAGEMENT BODY OF ZAKYNTHOS NATIONAL MARINE PARK"""	Not reported		Not listed	https://natura2000.eea.europa.eu/?query=Natura2000Sites_9883_0,SITECODE,GR2210002	European Environment Agency	2020-06-19	N2K_end2019_21-04-2020
503		555526967	GR1150009		KOLPOS PALAIOU - ORMOS ELEFTHERON	KOLPOS PALAIOU - ORMOS ELEFTHERON	Special Area of Conservation (Habitats Directive)	Special Area of Conservation (Habitats Directive)	Regional	Marine Natura 2000 site	Marine Protected Area	Not reported	Not reported	{GRC}	{MAL}	12.02	11.42	12.02	12.03	100	95	Designated	2006	Not reported	Not reported	Not reported		Not listed	https://natura2000.eea.europa.eu/?query=Natura2000Sites_9883_0,SITECODE,GR1150009	European Environment Agency	2020-06-19	N2K_end2019_21-04-2020
1635		555635585	GR2530007		KORINTHIAKOS KOLPOS	KORINTHIAKOS KOLPOS	Proposed Site of Community Importance (Habitats Directive)	Proposed Site of Community Importance (Habitats Directive)	Regional	Marine Natura 2000 proposed site	Site of conservation interest	Not reported	Not reported	{GRC}	{MIC}	2365.71	2351.8	2365.71	2366.64	100	99	Proposed	2011	Not reported	Not reported	Not reported		Not listed	https://natura2000.eea.europa.eu/?query=Natura2000Sites_9883_0,SITECODE,GR2530007	European Environment Agency	2020-06-19	N2K_end2019_21-04-2020
504		555527119	GR4210008		KOS: AKROTIRIO LOUROS - LIMNI PSALIDI - OROS DIKAIOS - ALYKI - PARAKTIA THALASSIA ZONI	KOS: AKROTIRIO LOUROS - LIMNI PSALIDI - OROS DIKAIOS - ALYKI - PARAKTIA THALASSIA ZONI	Special Area of Conservation (Habitats Directive)	Special Area of Conservation (Habitats Directive)	Regional	Marine Natura 2000 site	Marine Protected Area	Not reported	Not reported	{GRC}	{MAL}	18.22	17.01	101.24	101.11	18	17	Designated	2006	Federal or national ministry or agency	Management Agency of Dodecanese Protected Areas	Partially implemented		Not listed	https://natura2000.eea.europa.eu/?query=Natura2000Sites_9883_0,SITECODE,GR4210008	European Environment Agency	2020-06-19	N2K_end2019_21-04-2020
1261		67981		63	Kotychi lagoons	Kotychi lagoons	Ramsar site	Ramsar site	International	Ramsar site	Site of conservation interest	Not reported	Not reported	{GRC}	{MIC}	0.0	22.78	63.02	87.79	0	26	Designated	1975	Not reported	Not reported	Partially implemented		Not listed	https://rsis.ramsar.org/ris/63	European Environment Agency	2015-01-07	Polygon extracted from the Common Database on Nationally Designated Areas (CDDA, version 12). Same boundaries as the Wildlife Refuge (according to the Ramsar Information Sheet). Uncertain boundaries.
1636	456	341462			Kótza Ormán Néstou, Dímos Topýrou	Κότζα Ορμάν Νέστου, Δήμος Τοπύρου	Wildlife Refuge (Greece)	Καταφύγιο άγριας ζωής	National	MPA with a national statute	Marine Protected Area	Secondary	IV - Habitat/species management area	{GRC}	{MAL}		2.23	83.02	83.07	0	3	Designated	2001	Not reported	Not reported	Not reported		Not listed	https://www.protectedplanet.net/341462	European Environment Agency	2020-06-17	CDDA_v18_29-05-2020
508		555527162	GR4340008		LEFKA ORI KAI PARAKTIA ZONI	LEFKA ORI KAI PARAKTIA ZONI	Special Area of Conservation (Habitats Directive)	Special Area of Conservation (Habitats Directive)	Regional	Marine Natura 2000 site	Marine Protected Area	Not reported	Not reported	{GRC}	{MAL}	16.75	17.33	558.47	558.91	3	3	Designated	2006	Not reported	Not reported	Not reported		Not listed	https://natura2000.eea.europa.eu/?query=Natura2000Sites_9883_0,SITECODE,GR4340008	European Environment Agency	2020-06-19	N2K_end2019_21-04-2020
511		555527106	GR4110005		LESVOS KOLPOS GERAS, ELOS NTIPI KAI OROS OLYMPOS – POTAMOS EVERGETOULAS	LESVOS KOLPOS GERAS, ELOS NTIPI KAI OROS OLYMPOS – POTAMOS EVERGETOULAS	Special Area of Conservation (Habitats Directive)	Special Area of Conservation (Habitats Directive)	Regional	Marine Natura 2000 site	Marine Protected Area	Not reported	Not reported	{GRC}	{MAL}	45.29	43.44	119.18	119.15	38	36	Designated	2006	Not reported	Not reported	Not reported		Not listed	https://natura2000.eea.europa.eu/?query=Natura2000Sites_9883_0,SITECODE,GR4110005	European Environment Agency	2020-06-19	N2K_end2019_21-04-2020
513		555539727	GR4110007		LESVOS PARAKTIOI YGROTOPOI KAI KOLPOS KALLONIS	LESVOS PARAKTIOI YGROTOPOI KAI KOLPOS KALLONIS	Special Protection Area (Birds Directive)	Special Protection Area (Birds Directive)	Regional	Marine Natura 2000 site	Marine Protected Area	Not reported	Not reported	{GRC}	{MAL}	113.81	112.36	147.8	147.79	77	76	Designated	1997	Not reported	FOREST DIRECTORATE OF FOKIDA	Not reported		Not listed	https://natura2000.eea.europa.eu/?query=Natura2000Sites_9883_0,SITECODE,GR4110007	European Environment Agency	2020-06-19	N2K_end2019_21-04-2020
509		555527104	GR4110003		LESVOS: DYTIKI CHERSONISOS - APOLITHOMENO DASOS	LESVOS: DYTIKI CHERSONISOS - APOLITHOMENO DASOS	Special Area of Conservation (Habitats Directive)	Special Area of Conservation (Habitats Directive)	Regional	Marine Natura 2000 site	Marine Protected Area	Not reported	Not reported	{GRC}	{MAL}	12.33	12.02	205.43	205.45	6	6	Designated	2006	Not reported	Not reported	Not reported		Not listed	https://natura2000.eea.europa.eu/?query=Natura2000Sites_9883_0,SITECODE,GR4110003	European Environment Agency	2020-06-19	N2K_end2019_21-04-2020
510		555539733	GR4110013		LESVOS: KOLPOS GERAS, ELI NTIPI KAI CHARAMIDA	LESVOS: KOLPOS GERAS, ELI NTIPI KAI CHARAMIDA	Special Protection Area (Birds Directive)	Special Protection Area (Birds Directive)	Regional	Marine Natura 2000 site	Marine Protected Area	Not reported	Not reported	{GRC}	{MAL}	45.51	43.42	51.72	51.7	88	84	Designated	2010	Not reported	"1. FISHERIES DIRECTORATE OF LESVOS, 2. FOREST DIRECTORATE OF LESVOS"	Not reported		Not listed	https://natura2000.eea.europa.eu/?query=Natura2000Sites_9883_0,SITECODE,GR4110013	European Environment Agency	2020-06-19	N2K_end2019_21-04-2020
512		555527105	GR4110004		LESVOS: KOLPOS KALLONIS KAI CHERSAIA PARAKTIA ZONI	LESVOS: KOLPOS KALLONIS KAI CHERSAIA PARAKTIA ZONI	Special Area of Conservation (Habitats Directive)	Special Area of Conservation (Habitats Directive)	Regional	Marine Natura 2000 site	Marine Protected Area	Not reported	Not reported	{GRC}	{MAL}	118.47	117.21	188.05	188.03	63	62	Designated	2006	Not reported	FOREST DIRECTORATE OF LESVOS	Not reported		Not listed	https://natura2000.eea.europa.eu/?query=Natura2000Sites_9883_0,SITECODE,GR4110004	European Environment Agency	2020-06-19	N2K_end2019_21-04-2020
514	456	555526960	GR1130009		LIMNES KAI LIMNOTHALASSES TIS THRAKIS - EVRYTERI PERIOCHI KAI PARAKTIA ZONI	LIMNES KAI LIMNOTHALASSES TIS THRAKIS - EVRYTERI PERIOCHI KAI PARAKTIA ZONI	Special Area of Conservation (Habitats Directive)	Special Area of Conservation (Habitats Directive)	Regional	Marine Natura 2000 site	Marine Protected Area	Secondary	Not reported	{GRC}	{MAL}	45.77	91.05	286.06	286.22	16	32	Designated	2006	Not reported	MANAGEMENT BODY OF  DELTA NESTOU-VISTONIDAS-ISMARIDAS	Not reported		Not listed	https://natura2000.eea.europa.eu/?query=Natura2000Sites_9883_0,SITECODE,GR1130009	European Environment Agency	2020-06-19	N2K_end2019_21-04-2020
516	456	555539608	GR1130010		LIMNES VISTONIS, ISMARIS - LIMNOTHALASSES PORTO LAGOS, ALYKI PTELEA, XIROLIMNI, KARATZA	LIMNES VISTONIS, ISMARIS - LIMNOTHALASSES PORTO LAGOS, ALYKI PTELEA, XIROLIMNI, KARATZA	Special Protection Area (Birds Directive)	Special Protection Area (Birds Directive)	Regional	Marine Natura 2000 site	Marine Protected Area	Secondary	Not reported	{GRC}	{MAL}	26.55	72.98	176.98	177.08	15	41	Designated	1988	Not reported	MANAGEMENT BODY OF  DELTA NESTOU-VISTONIDAS-ISMARIDAS	Not reported		Not listed	https://natura2000.eea.europa.eu/?query=Natura2000Sites_9883_0,SITECODE,GR1130010	European Environment Agency	2020-06-19	N2K_end2019_21-04-2020
518		555539800	GR4340022		LIMNI KOURNA KAI EKVOLI ALMYROU	LIMNI KOURNA KAI EKVOLI ALMYROU	Special Protection Area (Birds Directive)	Special Protection Area (Birds Directive)	Regional	Marine Natura 2000 site	Marine Protected Area	Not reported	Not reported	{GRC}	{MAL}	1.76	0.11	1.93	1.93	91	6	Designated	2002	Not reported	Not reported	Not reported		Not listed	https://natura2000.eea.europa.eu/?query=Natura2000Sites_9883_0,SITECODE,GR4340022	European Environment Agency	2020-06-19	N2K_end2019_21-04-2020
520		555539726	GR4110006		LIMNOS, LIMNES CHORTAROLIMNI KAI ALYKI, KOLPOS MOUDROU ELOS DIAPORI KAI CHERSONISOS FAKOS, NISOS SERGITSI KAI NISIDES DIAVATES KOMPIOKASTRIA, TIGANI, KARKALAS, PRASONISI KAI THALASSIA PERIOCHI	LIMNOS, LIMNES CHORTAROLIMNI KAI ALYKI, KOLPOS MOUDROU ELOS DIAPORI KAI CHERSONISOS FAKOS, NISOS SERGITSI KAI NISIDES DIAVATES KOMPIOKASTRIA, TIGANI, KARKALAS, PRASONISI KAI THALASSIA PERIOCHI	Special Protection Area (Birds Directive)	Special Protection Area (Birds Directive)	Regional	Marine Natura 2000 site	Marine Protected Area	Not reported	Not reported	{GRC}	{MAL}	303.58	295.73	427.58	427.8	71	69	Designated	1997	Not reported	Not reported	Not reported		Not listed	https://natura2000.eea.europa.eu/?query=Natura2000Sites_9883_0,SITECODE,GR4110006	European Environment Agency	2020-06-19	N2K_end2019_21-04-2020
519		555527102	GR4110001		LIMNOS: CHORTAROLIMNI - LIMNI ALYKI KAI THALASSIA PERIOCHI	LIMNOS: CHORTAROLIMNI - LIMNI ALYKI KAI THALASSIA PERIOCHI	Special Area of Conservation (Habitats Directive)	Special Area of Conservation (Habitats Directive)	Regional	Marine Natura 2000 site	Marine Protected Area	Not reported	Not reported	{GRC}	{MAL}	130.03	129.94	183.14	183.21	71	71	Designated	2006	Not reported	FISHERIES DIRECTORATE OF LESVOS	Not reported		Not listed	https://natura2000.eea.europa.eu/?query=Natura2000Sites_9883_0,SITECODE,GR4110001	European Environment Agency	2020-06-19	N2K_end2019_21-04-2020
521			GR1270004		LIMNOTHALASSA AGIOU MAMA	LIMNOTHALASSA AGIOU MAMA	SPA (Birds Directive) + SAC (Habitats Directive)	SPA (Birds Directive) + SAC (Habitats Directive)	Regional	Marine Natura 2000 site	Marine Protected Area	Not reported	Not reported	{GRC}	{MAL}	1.0	0.81	6.26	6.27	16	13	Designated	2001	Not reported	Not reported	Not reported		Not listed	https://natura2000.eea.europa.eu/?query=Natura2000Sites_9883_0,SITECODE,GR1270004	European Environment Agency	2020-06-19	N2K_end2019_21-04-2020
522			GR1220005		LIMNOTHALASSA ANGELOCHORIOU	LIMNOTHALASSA ANGELOCHORIOU	SPA (Birds Directive) + SAC (Habitats Directive)	SPA (Birds Directive) + SAC (Habitats Directive)	Regional	Marine Natura 2000 site	Marine Protected Area	Not reported	Not reported	{GRC}	{MAL}	1.42	1.38	3.73	3.73	38	37	Designated	2001	Not reported	Not reported	Not reported		Not listed	https://natura2000.eea.europa.eu/?query=Natura2000Sites_9883_0,SITECODE,GR1220005	European Environment Agency	2020-06-19	N2K_end2019_21-04-2020
524		555539619	GR1220011		LIMNOTHALASSA EPANOMIS	LIMNOTHALASSA EPANOMIS	Special Protection Area (Birds Directive)	Special Protection Area (Birds Directive)	Regional	Marine Natura 2000 site	Marine Protected Area	Not reported	Not reported	{GRC}	{MAL}	2.33	2.69	6.67	6.67	35	40	Designated	2001	Not reported	Not reported	Not reported		Not listed	https://natura2000.eea.europa.eu/?query=Natura2000Sites_9883_0,SITECODE,GR1220011	European Environment Agency	2020-06-19	N2K_end2019_21-04-2020
525		555526974	GR1220012		LIMNOTHALASSA EPANOMIS KAI THALASSIA PARAKTIA ZONI	LIMNOTHALASSA EPANOMIS KAI THALASSIA PARAKTIA ZONI	Special Area of Conservation (Habitats Directive)	Special Area of Conservation (Habitats Directive)	Regional	Marine Natura 2000 site	Marine Protected Area	Not reported	Not reported	{GRC}	{MAL}	3.72	4.11	8.08	8.08	46	51	Designated	2006	Not reported	Not reported	Not reported		Not listed	https://natura2000.eea.europa.eu/?query=Natura2000Sites_9883_0,SITECODE,GR1220012	European Environment Agency	2020-06-19	N2K_end2019_21-04-2020
526		555539696	GR2330009		LIMNOTHALASSA KOTYCHI - ALYKI LECHAINON	LIMNOTHALASSA KOTYCHI - ALYKI LECHAINON	Special Protection Area (Birds Directive)	Special Protection Area (Birds Directive)	Regional	Marine Natura 2000 site	Marine Protected Area	Not reported	Not reported	{GRC}	{MIC}	3.52	8.85	23.44	23.43	15	38	Designated	1988	Not reported	MANAGEMENT BODY OF YGROTOPOI KOTYCHIOU-DASOUS STROFYLIAS	Not reported		Not listed	https://natura2000.eea.europa.eu/?query=Natura2000Sites_9883_0,SITECODE,GR2330009	European Environment Agency	2020-06-19	N2K_end2019_21-04-2020
1638		555527060	GR2330006		LIMNOTHALASSA KOTYCHI, BRINIA	LIMNOTHALASSA KOTYCHI, BRINIA	Special Area of Conservation (Habitats Directive)	Special Area of Conservation (Habitats Directive)	Regional	Marine Natura 2000 site	Marine Protected Area	Not reported	Not reported	{GRC}	{MIC}	0.0	4.87	12.81	12.8	0	38	Designated	2006	Not reported	MANAGEMENT BODY OF YGROTOPOI KOTYCHIOU-DASOUS STROFYLIAS	Not reported		Not listed	https://natura2000.eea.europa.eu/?query=Natura2000Sites_9883_0,SITECODE,GR2330006	European Environment Agency	2020-06-19	N2K_end2019_21-04-2020
527		555527092	GR2550004		LIMNOTHALASSA PYLOU (DIVARI) KAI NISOS SFAKTIRIA, AGIOS DIMITRIOS	LIMNOTHALASSA PYLOU (DIVARI) KAI NISOS SFAKTIRIA, AGIOS DIMITRIOS	Special Area of Conservation (Habitats Directive)	Special Area of Conservation (Habitats Directive)	Regional	Marine Natura 2000 site	Marine Protected Area	Not reported	Not reported	{GRC}	{MIC}	16.63	15.92	34.64	34.63	48	46	Designated	2006	Not reported	FOREST DIRECTORATE OF MESSINIA	Not reported		Not listed	https://natura2000.eea.europa.eu/?query=Natura2000Sites_9883_0,SITECODE,GR2550004	European Environment Agency	2020-06-19	N2K_end2019_21-04-2020
528			GR2240001		LIMNOTHALASSES STENON LEFKADAS (PALIONIS - AVLIMON) KAI ALYKES LEFKADAS	LIMNOTHALASSES STENON LEFKADAS (PALIONIS - AVLIMON) KAI ALYKES LEFKADAS	SPA (Birds Directive) + SAC (Habitats Directive)	SPA (Birds Directive) + SAC (Habitats Directive)	Regional	Marine Natura 2000 site	Marine Protected Area	Not reported	Not reported	{GRC}	{MIC}	4.67	14.92	21.21	21.18	22	70	Designated	2002	Not reported	Not reported	Not reported		Not listed	https://natura2000.eea.europa.eu/?query=Natura2000Sites_9883_0,SITECODE,GR2240001	European Environment Agency	2020-06-19	N2K_end2019_21-04-2020
1262		67972		55	Lake Vistonis, Porto Lagos, Lake Ismaris & adjoining lagoons	Lake Vistonis, Porto Lagos, Lake Ismaris & adjoining lagoons	Ramsar site	Ramsar site	International	Ramsar site	Site of conservation interest	Not reported	Not reported	{GRC}	{MAL}	0.0	49.06	243.96	121.0	0	41	Designated	1975	Not reported	Not reported	Not reported		Not listed	https://rsis.ramsar.org/ris/55	European Environment Agency	2015-01-07	Polygon extracted from the Common Database on Nationally Designated Areas (CDDA, version 12). Same boundaries as the Wildlife Refuge (according to the Ramsar Information Sheet). Uncertain boundaries.
531	531	329003			Límnes tou Mesolongíou - Aitolikó, chamilóteres kai ekvolés tou Achelóou kai tou Évinou kai ta nisiá ton Echinádon	Λίμνες του Μεσολογγίου - Αιτωλικό, χαμηλότερες και εκβολές του Αχελώου και του Εύηνου και τα νησιά των Εχινάδων	National Park (Greece)	Εθνικό Πάρκο	National	MPA with a national statute	Marine Protected Area	Main	VI - Protected area with sustainable use of natural resources	{GRC}	{MIC}	210.67	209.29	360.73	360.52	58	58	Designated	2006	Local communities	Management Body of Messolonghi lagoon National Park	Inexistent		Not listed	http://www.fdlmes.gr	European Environment Agency	2020-06-17	CDDA_v18_29-05-2020
1637	456	341461			Límni Vistonída - Lankoús, Dímos Avdíron	Λίμνη Βιστωνίδα - Λαγκούς, Δήμος Αβδήρων	Wildlife Refuge (Greece)	Καταφύγιο άγριας ζωής	National	MPA with a national statute	Marine Protected Area	Secondary	IV - Habitat/species management area	{GRC}	{MAL}	1.84	28.61	47.17	47.2	4	61	Designated	2001	Not reported	Not reported	Not reported		Not listed	https://www.protectedplanet.net/341461	European Environment Agency	2020-06-17	CDDA_v18_29-05-2020
529		555539699	GR2420007		MEGALO KAI MIKRO LIVARI - DELTA XERIA	MEGALO KAI MIKRO LIVARI - DELTA XERIA	Special Protection Area (Birds Directive)	Special Protection Area (Birds Directive)	Regional	Marine Natura 2000 site	Marine Protected Area	Not reported	Not reported	{GRC}	{MAL}	7.52	7.57	10.59	10.59	71	71	Designated	2001	Not reported	Not reported	Not reported		Not listed	https://natura2000.eea.europa.eu/?query=Natura2000Sites_9883_0,SITECODE,GR2420007	European Environment Agency	2020-06-19	N2K_end2019_21-04-2020
530		55527066	GR2420004		MEGALO KAI MIKRO LIVARI - DELTA XERIA - YDROCHARES DASOS AG. NIKOLAOU - PARAKTIA THALASSIA ZONI	MEGALO KAI MIKRO LIVARI - DELTA XERIA - YDROCHARES DASOS AG. NIKOLAOU - PARAKTIA THALASSIA ZONI	Special Area of Conservation (Habitats Directive)	Special Area of Conservation (Habitats Directive)	Regional	Marine Natura 2000 site	Marine Protected Area	Not reported	Not reported	{GRC}	{MAL}	1.9	1.99	5.01	5.02	38	40	Designated	2006	Not reported	Not reported	Not reported		Not listed	https://natura2000.eea.europa.eu/?query=Natura2000Sites_9883_0,SITECODE,GR2420004	European Environment Agency	2020-06-19	N2K_end2019_21-04-2020
1639		555539763	GR4220021		MIKRES KYKLADES, VOREIOANATOLIKI AMORGOS, ANATOLIKES AKTES DONOUSAS, GYRO NISIDES KAI THALASSIA PERIOCHI	MIKRES KYKLADES, VOREIOANATOLIKI AMORGOS, ANATOLIKES AKTES DONOUSAS, GYRO NISIDES KAI THALASSIA PERIOCHI	Special Protection Area (Birds Directive)	Special Protection Area (Birds Directive)	Regional	Marine Natura 2000 site	Marine Protected Area	Not reported	Not reported	{GRC}	{MAL}	487.38	474.27	560.21	560.34	87	85	Designated	2001	Not reported	Not reported	Not reported		Not listed	https://natura2000.eea.europa.eu/?query=Natura2000Sites_9883_0,SITECODE,GR4220021	European Environment Agency	2020-06-19	N2K_end2019_21-04-2020
532		555527134	GR4220013		MIKRES KYKLADES: IRAKLEIA, SCHOINOUSSA, KOUFONISIA, KEROS, ANTIKERIA KAI THALASSIA ZONI	MIKRES KYKLADES: IRAKLEIA, SCHOINOUSSA, KOUFONISIA, KEROS, ANTIKERIA KAI THALASSIA ZONI	Special Area of Conservation (Habitats Directive)	Special Area of Conservation (Habitats Directive)	Regional	Marine Natura 2000 site	Marine Protected Area	Not reported	Not reported	{GRC}	{MAL}	71.76	65.37	125.89	125.93	57	52	Designated	2006	Not reported	Not reported	Not reported		Not listed	https://natura2000.eea.europa.eu/?query=Natura2000Sites_9883_0,SITECODE,GR4220013	European Environment Agency	2020-06-19	N2K_end2019_21-04-2020
1263		67980		62	Messolonghi lagoons	Messolonghi lagoons	Ramsar site	Ramsar site	International	Ramsar site	Site of conservation interest	Not reported	Not reported	{GRC}	{MIC}	0.0	210.99	336.87	362.73	0	58	Designated	1975	Not reported	Not reported	Partially implemented		Not listed	https://rsis.ramsar.org/ris/62	European Environment Agency	2015-01-07	Polygon extracted from the Common Database on Nationally Designated Areas (CDDA, version 12). Nature Reserve Zone in the National Park Messolonghi. Uncertain boundaries.
533			GR4130002		NISIA ANTIPSARA KAI NISIDES DASKALIO, MASTROGIORGI, PRASONISI, KATO NISI, MESIAKO, KOYTSOYLIA KAI THALASSIA ZONI	NISIA ANTIPSARA KAI NISIDES DASKALIO, MASTROGIORGI, PRASONISI, KATO NISI, MESIAKO, KOYTSOYLIA KAI THALASSIA ZONI	Special Protection Area (Birds Directive)	Special Protection Area (Birds Directive)	Regional	Marine Natura 2000 site	Marine Protected Area	Not reported	Not reported	{GRC}	{MAL}	102.56	100.96	106.83	106.87	96	94	Designated	2001	Not reported	Not reported	Not reported		Not listed	https://natura2000.eea.europa.eu/?query=Natura2000Sites_9883_0,SITECODE,GR4130002	European Environment Agency	2020-06-19	N2K_end2019_21-04-2020
534		555539656	GR1430005		NISIA KYRA PANAGIA, PIPERI, PSATHOURA KAI GYRO NISIDES AGIOS GEORGIOS, NISOI ADELFOI, LECHOUSA, GAIDOURONISIA	NISIA KYRA PANAGIA, PIPERI, PSATHOURA KAI GYRO NISIDES AGIOS GEORGIOS, NISOI ADELFOI, LECHOUSA, GAIDOURONISIA	Special Protection Area (Birds Directive)	Special Protection Area (Birds Directive)	Regional	Marine Natura 2000 site	Marine Protected Area	Not reported	Not reported	{GRC}	{MAL}	77.61	70.46	129.35	129.45	60	54	Designated	1997	Not reported	"1. FOREST SERVICE OF SKOPELOS, 2. MANAGEMENT BODY OF ETHNIKO THALASSIO PARKO ALONNISOU VOREION SPORADON"	Not reported		Not listed	https://natura2000.eea.europa.eu/?query=Natura2000Sites_9883_0,SITECODE,GR1430005	European Environment Agency	2020-06-19	N2K_end2019_21-04-2020
1640		555635575	GR1430009		NISIDES ASPRONISOS, ARNKOS, MARANKOS, REPI, TSOUNKRIA, TSOUNKRIAKI KAI THALASSIA PERIOCHI NISON SKIATHOU KAI SKOPELOU	ΝΗΣΙΔΕΣ ΑΣΠΡΟΝΗΣΟΣ, ΑΡΓΚΟΣ, ΜΑΡΑΓΚΟΣ, ΡΕΠΙ, ΤΣΟΥΓΚΡΙΑ, ΤΣΟΥΓΚΡΙΑΚΙ ΚΑΙ ΘΑΛΑΣΣΙΑ ΠΕΡΙΟΧΗ ΝΗΣΩΝ ΣΚΙΑΘΟΥ ΚΑΙ ΣΚΟΠΕΛΟΥ	Special Protection Area (Birds Directive)	Special Protection Area (Birds Directive)	Regional	Marine Natura 2000 site	Marine Protected Area	Not reported	Not reported	{GRC}	{MAL}	202.74	198.2	204.79	204.96	99	97	Designated	2010	Not reported	Not reported	Not reported		Not listed	https://natura2000.eea.europa.eu/?query=Natura2000Sites_9883_0,SITECODE,GR1430009	European Environment Agency	2020-06-19	N2K_end2019_21-04-2020
1543		555539748	GR4210019		NISIDES KALYMNOU: EPANO NERA, SARI, TELENDOS  KAI THALASSIA PERIOCHI  	NISIDES KALYMNOU: EPANO NERA, SARI, TELENDOS  KAI THALASSIA PERIOCHI  	Special Protection Area (Birds Directive)	Special Protection Area (Birds Directive)	Regional	Marine Natura 2000 site	Marine Protected Area	Not reported	Not reported	{GRC}	{MAL}	182.82	177.9	188.47	188.29	97	94	Designated	2001	Federal or national ministry or agency	Management Agency of Dodecanese Protected Areas	Partially implemented		Not listed	https://natura2000.eea.europa.eu/?query=Natura2000Sites_9883_0,SITECODE,GR4210019	European Environment Agency	2020-06-19	N2K_end2019_21-04-2020
537		555527101	GR3000010		NISIDES KYTHIRON: PRASONISI, DRAGONERA, ANTIDRAGONERA	NISIDES KYTHIRON: PRASONISI, DRAGONERA, ANTIDRAGONERA	Special Area of Conservation (Habitats Directive)	Special Area of Conservation (Habitats Directive)	Regional	Marine Natura 2000 site	Marine Protected Area	Not reported	Not reported	{GRC}	{MAL}	9.3	8.88	9.89	9.9	94	90	Designated	2006	Not reported	FOREST SERVICE OF PEIRAIAS	Not reported		Not listed	https://natura2000.eea.europa.eu/?query=Natura2000Sites_9883_0,SITECODE,GR3000010	European Environment Agency	2020-06-19	N2K_end2019_21-04-2020
1641		555539729	GR4110009		NISIDES LESVOU (SYMPLEGMA TOMARONISION, KODONAS, AGIOS GEORGIOS, GLARONISI, KLP) KAI THALASSIA PERIOCHI)	NISIDES LESVOU (SYMPLEGMA TOMARONISION, KODONAS, AGIOS GEORGIOS, GLARONISI, KLP) KAI THALASSIA PERIOCHI)	Special Protection Area (Birds Directive)	Special Protection Area (Birds Directive)	Regional	Marine Natura 2000 site	Marine Protected Area	Not reported	Not reported	{GRC}	{MAL}	82.79	81.43	83.63	83.61	99	97	Designated	2001	Not reported	Not reported	Not reported		Not listed	https://natura2000.eea.europa.eu/?query=Natura2000Sites_9883_0,SITECODE,GR4110009	European Environment Agency	2020-06-19	N2K_end2019_21-04-2020
1642		555635579	GR2420013		NISIDES LICHADES KAI THALASSIA PERIOCHI	NISIDES LICHADES KAI THALASSIA PERIOCHI	Proposed Site of Community Importance (Habitats Directive)	Proposed Site of Community Importance (Habitats Directive)	Regional	Marine Natura 2000 proposed site	Site of conservation interest	Not reported	Not reported	{GRC}	{MAL}	3.47	3.37	3.99	3.99	87	84	Proposed	2011	Not reported	Not reported	Not reported		Not listed	https://natura2000.eea.europa.eu/?query=Natura2000Sites_9883_0,SITECODE,GR2420013	European Environment Agency	2020-06-19	N2K_end2019_21-04-2020
1643		555539769	GR4220027		NISIDES MYKONOU: RINEIA, CHTAPODIA, KAI TRAGONISI  KAI THALASSIA PERIOCHI	NISIDES MYKONOU: RINEIA, CHTAPODIA, KAI TRAGONISI  KAI THALASSIA PERIOCHI	Special Protection Area (Birds Directive)	Special Protection Area (Birds Directive)	Regional	Marine Natura 2000 site	Marine Protected Area	Not reported	Not reported	{GRC}	{MAL}	168.43	167.44	185.09	185.16	91	90	Designated	2002	Not reported	Not reported	Not reported		Not listed	https://natura2000.eea.europa.eu/?query=Natura2000Sites_9883_0,SITECODE,GR4220027	European Environment Agency	2020-06-19	N2K_end2019_21-04-2020
1644		555539720	GR3000011		NISIDES MYRTOOU PELAGOUS: FALKONERA,VELOPOULA, ANANES KAI THALASSIA ZONI	NISIDES MYRTOOU PELAGOUS: FALKONERA,VELOPOULA, ANANES KAI THALASSIA ZONI	Special Protection Area (Birds Directive)	Special Protection Area (Birds Directive)	Regional	Marine Natura 2000 site	Marine Protected Area	Not reported	Not reported	{GRC}	{MAL}	18.4	17.23	21.15	21.16	87	81	Designated	2001	Not reported	Not reported	Not reported		Not listed	https://natura2000.eea.europa.eu/?query=Natura2000Sites_9883_0,SITECODE,GR3000011	European Environment Agency	2020-06-19	N2K_end2019_21-04-2020
1645		555539767	GR4220025		NISIDES PAROU KAI NOTIA ANTIPAROS KAI THALASSIA PERIOCHI	NISIDES PAROU KAI NOTIA ANTIPAROS KAI THALASSIA PERIOCHI	Special Protection Area (Birds Directive)	Special Protection Area (Birds Directive)	Regional	Marine Natura 2000 site	Marine Protected Area	Not reported	Not reported	{GRC}	{MAL}	233.86	225.33	256.99	257.12	91	88	Designated	2002	Not reported	Not reported	Not reported		Not listed	https://natura2000.eea.europa.eu/?query=Natura2000Sites_9883_0,SITECODE,GR4220025	European Environment Agency	2020-06-19	N2K_end2019_21-04-2020
1646		555635591	GR3000020		NISIDES SARONIKOU KOLPOU KAI THALASSIA PERIOCHI	ΝΗΣΙΔΕΣ ΣΑΡΩΝΙΚΟΥ ΚΟΛΠΟΥ ΚΑΙ ΘΑΛΑΣΣΙΑ ΠΕΡΙΟΧΗ	Special Protection Area (Birds Directive)	Special Protection Area (Birds Directive)	Regional	Marine Natura 2000 site	Marine Protected Area	Not reported	Not reported	{GRC}	{MAL}	116.75	116.08	120.36	120.44	97	96	Designated	2010	Not reported	Not reported	Not reported		Not listed	https://natura2000.eea.europa.eu/?query=Natura2000Sites_9883_0,SITECODE,GR3000020	European Environment Agency	2020-06-19	N2K_end2019_21-04-2020
1647		555539701	GR2420009		NISIDES SKYROU KAI THALASSIA PERIOCHI	NISIDES SKYROU KAI THALASSIA PERIOCHI	Special Protection Area (Birds Directive)	Special Protection Area (Birds Directive)	Regional	Marine Natura 2000 site	Marine Protected Area	Not reported	Not reported	{GRC}	{MAL}	484.71	472.54	489.61	489.97	99	96	Designated	2002	Not reported	Not reported	Not reported		Not listed	https://natura2000.eea.europa.eu/?query=Natura2000Sites_9883_0,SITECODE,GR2420009	European Environment Agency	2020-06-19	N2K_end2019_21-04-2020
1648		555539678	GR2210004		NISIDES STAMFANI KAI ARPYIA (STROFADES) KAI THALASSIA ZONI	NISIDES STAMFANI KAI ARPYIA (STROFADES) KAI THALASSIA ZONI	Special Protection Area (Birds Directive)	Special Protection Area (Birds Directive)	Regional	Marine Natura 2000 site	Marine Protected Area	Not reported	Not reported	{GRC}	{MIC}	115.07	114.5	116.23	116.12	99	99	Designated	2001	Not reported	Not reported	Not reported		Not listed	https://natura2000.eea.europa.eu/?query=Natura2000Sites_9883_0,SITECODE,GR2210004	European Environment Agency	2020-06-19	N2K_end2019_21-04-2020
1552		555635595	GR4210034		NISIDES VOREION DODEKANISON KAI THALASSIA PERIOCHI	ΝΗΣΙΔΕΣ ΒΟΡΕΙΩΝ ΔΩΔΕΚΑΝΗΣΩΝ ΚΑΙ ΘΑΛΑΣΣΙΑ ΠΕΡΙΟΧΗ	Special Protection Area (Birds Directive)	Special Protection Area (Birds Directive)	Regional	Marine Natura 2000 site	Marine Protected Area	Not reported	Not reported	{GRC}	{MAL}	442.96	434.06	471.23	470.89	94	92	Designated	2010	Federal or national ministry or agency	Management Agency of Dodecanese Protected Areas	Partially implemented		Not listed	https://natura2000.eea.europa.eu/?query=Natura2000Sites_9883_0,SITECODE,GR4210034	European Environment Agency	2020-06-19	N2K_end2019_21-04-2020
539		555539764	GR4220022		NISOI CHRISTIANA	NISOI CHRISTIANA	Special Protection Area (Birds Directive)	Special Protection Area (Birds Directive)	Regional	Marine Natura 2000 site	Marine Protected Area	Not reported	Not reported	{GRC}	{MAL}	0.04	0.06	1.43	1.43	3	4	Designated	2001	Not reported	Not reported	Not reported		Not listed	https://natura2000.eea.europa.eu/?query=Natura2000Sites_9883_0,SITECODE,GR4220022	European Environment Agency	2020-06-19	N2K_end2019_21-04-2020
540		555527137	GR4220017		NISOI DESPOTIKO KAI STRONGYLO KAI THALASSIA ZONI	NISOI DESPOTIKO KAI STRONGYLO KAI THALASSIA ZONI	Special Area of Conservation (Habitats Directive)	Special Area of Conservation (Habitats Directive)	Regional	Marine Natura 2000 site	Marine Protected Area	Not reported	Not reported	{GRC}	{MAL}	9.29	8.25	18.58	18.59	50	44	Designated	2006	Not reported	FOREST DIRECTORATE OF KYKLADES	Not reported		Not listed	https://natura2000.eea.europa.eu/?query=Natura2000Sites_9883_0,SITECODE,GR4220017	European Environment Agency	2020-06-19	N2K_end2019_21-04-2020
541		555527166	GR4340013		NISOI GAVDOS KAI GAVDOPOULA	NISOI GAVDOS KAI GAVDOPOULA	Special Area of Conservation (Habitats Directive)	Special Area of Conservation (Habitats Directive)	Regional	Marine Natura 2000 site	Marine Protected Area	Not reported	Not reported	{GRC}	{MAL,MIC}	28.31	27.25	62.91	62.96	45	43	Designated	2006	Not reported	Not reported	Not reported		Not listed	https://natura2000.eea.europa.eu/?query=Natura2000Sites_9883_0,SITECODE,GR4340013	European Environment Agency	2020-06-19	N2K_end2019_21-04-2020
1544		555539749	GR4210020		NISOI KINAROS KAI LEVITHA KAI NISIDES LIADIA, PLAKA, GLAROS, MAVRA KAI THALASSIA PERIOCHI	NISOI KINAROS KAI LEVITHA KAI NISIDES LIADIA, PLAKA, GLAROS, MAVRA KAI THALASSIA PERIOCHI	Special Protection Area (Birds Directive)	Special Protection Area (Birds Directive)	Regional	Marine Natura 2000 site	Marine Protected Area	Not reported	Not reported	{GRC}	{MAL}	93.26	90.59	107.2	107.17	87	85	Designated	2001	Federal or national ministry or agency	Management Agency of Dodecanese Protected Areas & Management Agency of Cyclades Protected Areas	Partially implemented		Not listed	https://natura2000.eea.europa.eu/?query=Natura2000Sites_9883_0,SITECODE,GR4210020	European Environment Agency	2020-06-19	N2K_end2019_21-04-2020
542			GR2230004		NISOI PAXOI KAI ANTIPAXOI KAI EVRYTERI THALASSIA PERIOCHI	NISOI PAXOI KAI ANTIPAXOI KAI EVRYTERI THALASSIA PERIOCHI	Special Area of Conservation (Habitats Directive)	Special Area of Conservation (Habitats Directive)	Regional	Marine Natura 2000 site	Marine Protected Area	Not reported	Not reported	{GRC}	{MIC}	1301.07	1322.63	1355.28	1352.81	96	98	Designated	2006	Not reported	Not reported	Not reported		Not listed	https://natura2000.eea.europa.eu/?query=Natura2000Sites_9883_0,SITECODE,GR2230004	European Environment Agency	2020-06-19	N2K_end2019_21-04-2020
544		555527031	GR2210003		NISOI STROFADES	NISOI STROFADES	Special Area of Conservation (Habitats Directive)	Special Area of Conservation (Habitats Directive)	Regional	Marine Natura 2000 site	Marine Protected Area	Not reported	Not reported	{GRC}	{MIC}	4.11	3.92	5.48	5.48	75	72	Designated	2006	Not reported	"MANAGEMENT BODY OF ZAKYNTHOS NATIONAL MARINE PARK"""	Not reported		Not listed	https://natura2000.eea.europa.eu/?query=Natura2000Sites_9883_0,SITECODE,GR2210003	European Environment Agency	2020-06-19	N2K_end2019_21-04-2020
545		555539734	GR4110014		NISOS AGIOS EFSTRATIOS KAI THALASSIA ZONI	NISOS AGIOS EFSTRATIOS KAI THALASSIA ZONI	Special Protection Area (Birds Directive)	Special Protection Area (Birds Directive)	Regional	Marine Natura 2000 site	Marine Protected Area	Not reported	Not reported	{GRC}	{MAL}	71.18	69.72	112.99	113.06	63	62	Designated	2010	Not reported	Not reported	Not reported		Not listed	https://natura2000.eea.europa.eu/?query=Natura2000Sites_9883_0,SITECODE,GR4110014	European Environment Agency	2020-06-19	N2K_end2019_21-04-2020
546		555527128	GR4220007		NISOS ANTIMILOS - THALASSIA PARAKTIA ZONI	NISOS ANTIMILOS - THALASSIA PARAKTIA ZONI	Special Area of Conservation (Habitats Directive)	Special Area of Conservation (Habitats Directive)	Regional	Marine Natura 2000 site	Marine Protected Area	Not reported	Not reported	{GRC}	{MAL}	3.91	3.3	12.61	12.62	31	26	Designated	2006	Not reported	"1. FISHERIES DIRECTORATE OF KYKLADES, 2. FOREST DIRECTORATE OF KYKLADES"	Not reported		Not listed	https://natura2000.eea.europa.eu/?query=Natura2000Sites_9883_0,SITECODE,GR4220007	European Environment Agency	2020-06-19	N2K_end2019_21-04-2020
1548		555539755	GR4210026		NISOS CHALKI KAI NISIDES: KOLOFONA, PANO PRASSOUDA, TRAGOUSA, STRONGYLI, AGIOS THEODOROS, MAELONISI ALIMIA, KREVVATI, NISAKI, MAKRY KAI THALASSIA PERIOCHI	NISOS CHALKI KAI NISIDES: KOLOFONA, PANO PRASSOUDA, TRAGOUSA, STRONGYLI, AGIOS THEODOROS, MAELONISI ALIMIA, KREVVATI, NISAKI, MAKRY KAI THALASSIA PERIOCHI	Special Protection Area (Birds Directive)	Special Protection Area (Birds Directive)	Regional	Marine Natura 2000 site	Marine Protected Area	Not reported	Not reported	{GRC}	{MAL}	317.88	313.14	353.2	352.53	90	89	Designated	2001	Federal or national ministry or agency	Management Agency of Dodecanese Protected Areas	Partially implemented		Not listed	https://natura2000.eea.europa.eu/?query=Natura2000Sites_9883_0,SITECODE,GR4210026	European Environment Agency	2020-06-19	N2K_end2019_21-04-2020
548		555527156	GR4340002		NISOS ELAFONISOS KAI PARAKTIA THALASSIA ZONI	NISOS ELAFONISOS KAI PARAKTIA THALASSIA ZONI	Special Area of Conservation (Habitats Directive)	Special Area of Conservation (Habitats Directive)	Regional	Marine Natura 2000 site	Marine Protected Area	Not reported	Not reported	{GRC}	{MIC}	2.28	2.01	2.71	2.71	84	74	Designated	2006	Not reported	PREFECTURE OF CHANIA	Not reported		Not listed	https://natura2000.eea.europa.eu/?query=Natura2000Sites_9883_0,SITECODE,GR4340002	European Environment Agency	2020-06-19	N2K_end2019_21-04-2020
1649		555539736	GR4120006		NISOS FOURNOI KAI NISIDES  THYMAINA ALATONISI, THYMAINAKI, STRONGYLO, PLAKA, MAKRONISI, MIKROS KAI MEGALOS ANTHROPOFAGOS, AGIOS MINAS KAI THALASSIA PERIOCHI	NISOS FOURNOI KAI NISIDES  THYMAINA ALATONISI, THYMAINAKI, STRONGYLO, PLAKA, MAKRONISI, MIKROS KAI MEGALOS ANTHROPOFAGOS, AGIOS MINAS KAI THALASSIA PERIOCHI	Special Protection Area (Birds Directive)	Special Protection Area (Birds Directive)	Regional	Marine Natura 2000 site	Marine Protected Area	Not reported	Not reported	{GRC}	{MAL}	194.96	192.81	240.69	240.6	81	80	Designated	2001	Not reported	Not reported	Not reported		Not listed	https://natura2000.eea.europa.eu/?query=Natura2000Sites_9883_0,SITECODE,GR4120006	European Environment Agency	2020-06-19	N2K_end2019_21-04-2020
549			GR4220033		NISOS GYAROS KAI THALASSIA ZONI	NISOS GYAROS KAI THALASSIA ZONI	SPA (Birds Directive) + SCI (Habitats Directive)	SPA (Birds Directive) + SCI (Habitats Directive)	Regional	Marine Natura 2000 site	Marine Protected Area	Not reported	Not reported	{GRC}	{MAL}	242.14	241.58	260.37	260.55	93	93	Designated	2010	Not reported	Not reported	Not reported		Not listed	https://natura2000.eea.europa.eu/?query=Natura2000Sites_9883_0,SITECODE,GR4220033	European Environment Agency	2020-06-19	N2K_end2019_21-04-2020
1549		555539757	GR4210028		NISOS KASOS KAI SYMPLEGMA KASONISION KAI THALASSIA PERIOCHI	NISOS KASOS KAI SYMPLEGMA KASONISION KAI THALASSIA PERIOCHI	Special Protection Area (Birds Directive)	Special Protection Area (Birds Directive)	Regional	Marine Natura 2000 site	Marine Protected Area	Not reported	Not reported	{GRC}	{MAL}	100.28	98.19	159.18	159.04	63	62	Designated	2001	Federal or national ministry or agency	Management Agency of Dodecanese Protected Areas	Partially implemented		Not listed	https://natura2000.eea.europa.eu/?query=Natura2000Sites_9883_0,SITECODE,GR4210028	European Environment Agency	2020-06-19	N2K_end2019_21-04-2020
550		555527150	GR4320008		NISOS KOUFONISI KAI PARAKTIA THALASSIA ZONI	NISOS KOUFONISI KAI PARAKTIA THALASSIA ZONI	Special Area of Conservation (Habitats Directive)	Special Area of Conservation (Habitats Directive)	Regional	Marine Natura 2000 site	Marine Protected Area	Not reported	Not reported	{GRC}	{MAL}	3.78	2.77	8.39	8.39	45	33	Designated	2006	Not reported	"1. FOREST DIRECTORATE OF LASITHI, 2. ARCHAEOLOGICAL SERVICE OF LASITHI"	Not reported		Not listed	https://natura2000.eea.europa.eu/?query=Natura2000Sites_9883_0,SITECODE,GR4320008	European Environment Agency	2020-06-19	N2K_end2019_21-04-2020
551		555539788	GR4320017		NISOS KOUFONISI, GYRO NISIDES KAI NISIDES KAVALLOI	NISOS KOUFONISI, GYRO NISIDES KAI NISIDES KAVALLOI	Special Protection Area (Birds Directive)	Special Protection Area (Birds Directive)	Regional	Marine Natura 2000 site	Marine Protected Area	Not reported	Not reported	{GRC}	{MAL}	0.0	0.01	4.64	4.64	0	0	Designated	2010	Not reported	"1. FOREST DIRECTORATE OF LASITHI, 2. ARCHAEOLOGICAL SERVICE OF LASITHI"	Not reported		Not listed	https://natura2000.eea.europa.eu/?query=Natura2000Sites_9883_0,SITECODE,GR4320017	European Environment Agency	2020-06-19	N2K_end2019_21-04-2020
553		555527127	GR4220006		NISOS POLYAIGOS - KIMOLOS	NISOS POLYAIGOS - KIMOLOS	Special Area of Conservation (Habitats Directive)	Special Area of Conservation (Habitats Directive)	Regional	Marine Natura 2000 site	Marine Protected Area	Not reported	Not reported	{GRC}	{MAL}	105.42	101.76	138.71	138.81	76	73	Designated	2006	Not reported	Not reported	Not reported		Not listed	https://natura2000.eea.europa.eu/?query=Natura2000Sites_9883_0,SITECODE,GR4220006	European Environment Agency	2020-06-19	N2K_end2019_21-04-2020
1546		555539753	GR4210024		NISOS TILOS KAI NISIDES: ANTITILOS, PELEKOUSA, GAIDOURONISI, GIAKOUMIS, AGIOS ANDREAS, PRASOUDA , NISI KAI THALASSIA PERIOCHI	NISOS TILOS KAI NISIDES: ANTITILOS, PELEKOUSA, GAIDOURONISI, GIAKOUMIS, AGIOS ANDREAS, PRASOUDA , NISI KAI THALASSIA PERIOCHI	Special Protection Area (Birds Directive)	Special Protection Area (Birds Directive)	Regional	Marine Natura 2000 site	Marine Protected Area	Not reported	Not reported	{GRC}	{MAL}	115.52	111.27	177.73	177.47	65	63	Designated	2001	Federal or national ministry or agency	Management Agency of Dodecanese Protected Areas	Partially implemented		Not listed	https://natura2000.eea.europa.eu/?query=Natura2000Sites_9883_0,SITECODE,GR4210024	European Environment Agency	2020-06-19	N2K_end2019_21-04-2020
555		555527118	GR4210007		NOTIA NISYROS KAI  STRONGYLI, IFAISTIAKO PEDIO KAI PARAKTIA THALASSIA ZONI	NOTIA NISYROS KAI  STRONGYLI, IFAISTIAKO PEDIO KAI PARAKTIA THALASSIA ZONI	Special Area of Conservation (Habitats Directive)	Special Area of Conservation (Habitats Directive)	Regional	Marine Natura 2000 site	Marine Protected Area	Not reported	Not reported	{GRC}	{MAL}	144.54	142.54	178.44	178.23	81	80	Designated	2006	Federal or national ministry or agency	Management Agency of Dodecanese Protected Areas	Partially implemented		Not listed	https://natura2000.eea.europa.eu/?query=Natura2000Sites_9883_0,SITECODE,GR4210007	European Environment Agency	2020-06-19	N2K_end2019_21-04-2020
556		555527130	GR4220009		NOTIA SERIFOS	NOTIA SERIFOS	Special Area of Conservation (Habitats Directive)	Special Area of Conservation (Habitats Directive)	Regional	Marine Natura 2000 site	Marine Protected Area	Not reported	Not reported	{GRC}	{MAL}	14.74	13.44	47.54	47.57	31	28	Designated	2006	Not reported	Not reported	Not reported		Not listed	https://natura2000.eea.europa.eu/?query=Natura2000Sites_9883_0,SITECODE,GR4220009	European Environment Agency	2020-06-19	N2K_end2019_21-04-2020
1650		555539801	GR4340023		NOTIODYTIKI GAVDOS KAI GAVDOPOULA  KAI THALASSIA PERIOCHI	NOTIODYTIKI GAVDOS KAI GAVDOPOULA  KAI THALASSIA PERIOCHI	Special Protection Area (Birds Directive)	Special Protection Area (Birds Directive)	Regional	Marine Natura 2000 site	Marine Protected Area	Not reported	Not reported	{GRC}	{MAL,MIC}	81.1	79.91	96.55	96.63	84	83	Designated	2002	Not reported	Not reported	Not reported		Not listed	https://natura2000.eea.europa.eu/?query=Natura2000Sites_9883_0,SITECODE,GR4340023	European Environment Agency	2020-06-19	N2K_end2019_21-04-2020
1264		67974		56	Nestos delta & adjoining lagoons	Nestos delta & adjoining lagoons	Ramsar site	Ramsar site	International	Ramsar site	Site of conservation interest	Not reported	Not reported	{GRC}	{MAL}	0.0	2.23	219.3	83.07	0	3	Designated	1975	Not reported	Not reported	Not reported		Not listed	https://rsis.ramsar.org/ris/56	European Environment Agency	2015-01-07	Polygon extracted from the Common Database on Nationally Designated Areas (CDDA, version 12). Uncertain boundaries.
1651		555527086	GR2540001		ORI GIDOVOUNI, CHIONOVOUNI, GAIDOUROVOUNI, KORAKIA, KALOGEROVOUNI, KOULOCHERA KAI PERIOCHI MONEMVASIAS SPILAIO SOLOMOU TRYPA KAI PYRGOS AG. STEFANOU KAI THALASSIA ZONI EOS AKROTIRIO KAMILI	ORI GIDOVOUNI, CHIONOVOUNI, GAIDOUROVOUNI, KORAKIA, KALOGEROVOUNI, KOULOCHERA KAI PERIOCHI MONEMVASIAS SPILAIO SOLOMOU TRYPA KAI PYRGOS AG. STEFANOU KAI THALASSIA ZONI EOS AKROTIRIO KAMILI	Special Area of Conservation (Habitats Directive)	Special Area of Conservation (Habitats Directive)	Regional	Marine Natura 2000 site	Marine Protected Area	Not reported	Not reported	{GRC}	{MAL}	97.63	93.05	390.52	390.75	25	24	Designated	2006	Not reported	Not reported	Not reported		Not listed	https://natura2000.eea.europa.eu/?query=Natura2000Sites_9883_0,SITECODE,GR2540001	European Environment Agency	2020-06-19	N2K_end2019_21-04-2020
558		555539703	GR2420011		ORI KENTRIKIS EVVOIAS, PARAKTIA ZONI KAI NISIDES	ORI KENTRIKIS EVVOIAS, PARAKTIA ZONI KAI NISIDES	Special Protection Area (Birds Directive)	Special Protection Area (Birds Directive)	Regional	Marine Natura 2000 site	Marine Protected Area	Not reported	Not reported	{GRC}	{MAL}	12.16	12.63	405.49	405.8	3	3	Designated	2010	Not reported	Not reported	Not reported		Not listed	https://natura2000.eea.europa.eu/?query=Natura2000Sites_9883_0,SITECODE,GR2420011	European Environment Agency	2020-06-19	N2K_end2019_21-04-2020
559		555526966	GR1150008		ORMOS POTAMIAS - AKR. PYRGOS EOS N. GRAMVOUSSA	ORMOS POTAMIAS - AKR. PYRGOS EOS N. GRAMVOUSSA	Special Area of Conservation (Habitats Directive)	Special Area of Conservation (Habitats Directive)	Regional	Marine Natura 2000 site	Marine Protected Area	Not reported	Not reported	{GRC}	{MAL}	3.55	3.37	3.55	3.55	100	95	Designated	2006	Not reported	Not reported	Not reported		Not listed	https://natura2000.eea.europa.eu/?query=Natura2000Sites_9883_0,SITECODE,GR1150008	European Environment Agency	2020-06-19	N2K_end2019_21-04-2020
560		555527159	GR4340005		ORMOS SOUGIAS - VARDIA - FARANGI LISSOU MECHRI ANYDROUS KAI PARAKTIA ZONI	ORMOS SOUGIAS - VARDIA - FARANGI LISSOU MECHRI ANYDROUS KAI PARAKTIA ZONI	Special Area of Conservation (Habitats Directive)	Special Area of Conservation (Habitats Directive)	Regional	Marine Natura 2000 site	Marine Protected Area	Not reported	Not reported	{GRC}	{MAL}	3.06	2.29	30.6	30.63	10	7	Designated	2006	Not reported	FOREST DIRECTORATE OF CHANIA	Not reported		Not listed	https://natura2000.eea.europa.eu/?query=Natura2000Sites_9883_0,SITECODE,GR4340005	European Environment Agency	2020-06-19	N2K_end2019_21-04-2020
561		555526991	GR1270002		OROS ITAMOS - SITHONIA	OROS ITAMOS - SITHONIA	Special Area of Conservation (Habitats Directive)	Special Area of Conservation (Habitats Directive)	Regional	Marine Natura 2000 site	Marine Protected Area	Not reported	Not reported	{GRC}	{MAL}	9.03	9.85	180.54	180.68	5	5	Designated	2006	Not reported	Not reported	Not reported		Not listed	https://natura2000.eea.europa.eu/?query=Natura2000Sites_9883_0,SITECODE,GR1270002	European Environment Agency	2020-06-19	N2K_end2019_21-04-2020
564		555527064	GR2420001		OROS OCHI – KAMPOS KARYSTOU – POTAMI – AKROTIRIO KAFIREFS – PARAKTIA THALASSIA ZONI	OROS OCHI – KAMPOS KARYSTOU – POTAMI – AKROTIRIO KAFIREFS – PARAKTIA THALASSIA ZONI	Special Area of Conservation (Habitats Directive)	Special Area of Conservation (Habitats Directive)	Regional	Marine Natura 2000 site	Marine Protected Area	Not reported	Not reported	{GRC}	{MAL}	140.65	137.53	287.04	287.25	49	48	Designated	2006	Not reported	Not reported	Not reported		Not listed	https://natura2000.eea.europa.eu/?query=Natura2000Sites_9883_0,SITECODE,GR2420001	European Environment Agency	2020-06-19	N2K_end2019_21-04-2020
565		555539704	GR2420012		OROS OCHI, PARAKTIA ZONI KAI NISIDES	OROS OCHI, PARAKTIA ZONI KAI NISIDES	Special Protection Area (Birds Directive)	Special Protection Area (Birds Directive)	Regional	Marine Natura 2000 site	Marine Protected Area	Not reported	Not reported	{GRC}	{MAL}	100.18	95.34	333.93	334.18	30	29	Designated	2010	Not reported	Not reported	Not reported		Not listed	https://natura2000.eea.europa.eu/?query=Natura2000Sites_9883_0,SITECODE,GR2420012	European Environment Agency	2020-06-19	N2K_end2019_21-04-2020
567		555527011	GR1430001		OROS PILIO KAI PARAKTIA THALASSIA ZONI- SPILAIA MALAKI KAI SKEPONI	OROS PILIO KAI PARAKTIA THALASSIA ZONI- SPILAIA MALAKI KAI SKEPONI	Special Area of Conservation (Habitats Directive)	Special Area of Conservation (Habitats Directive)	Regional	Marine Natura 2000 site	Marine Protected Area	Not reported	Not reported	{GRC}	{MAL}	22.03	20.42	314.78	314.98	7	6	Designated	2006	Not reported	Not reported	Not reported		Not listed	https://natura2000.eea.europa.eu/?query=Natura2000Sites_9883_0,SITECODE,GR1430001	European Environment Agency	2020-06-19	N2K_end2019_21-04-2020
568			GR1270008		PALIOURI – AKROTIRI KAI THALASSIA ZONI	PALIOURI – AKROTIRI KAI THALASSIA ZONI	Special Area of Conservation (Habitats Directive)	Special Area of Conservation (Habitats Directive)	Regional	Marine Natura 2000 site	Marine Protected Area	Not reported	Not reported	{GRC}	{MAL}	161.61	159.22	161.61	161.73	100	98	Designated	2006	Not reported	Not reported	Not reported		Not listed	https://natura2000.eea.europa.eu/?query=Natura2000Sites_9883_0,SITECODE,GR1270008	European Environment Agency	2020-06-19	N2K_end2019_21-04-2020
1653		555635588	GR3000017		PARAKTIA KAI THALASSIA ZONI MAKRONISOU	PARAKTIA KAI THALASSIA ZONI MAKRONISOU	Proposed Site of Community Importance (Habitats Directive)	Proposed Site of Community Importance (Habitats Directive)	Regional	Marine Natura 2000 proposed site	Site of conservation interest	Not reported	Not reported	{GRC}	{MAL}	30.53	28.31	36.78	36.79	83	77	Proposed	2011	Not reported	FOREST SERVICE OF CHALKIDA	Not reported		Not listed	https://natura2000.eea.europa.eu/?query=Natura2000Sites_9883_0,SITECODE,GR3000017	European Environment Agency	2020-06-19	N2K_end2019_21-04-2020
1654		555635596	GR4220034		PARAKTIA KAI THALASSIA ZONI VOREIAS ANAFIS	PARAKTIA KAI THALASSIA ZONI VOREIAS ANAFIS	Proposed Site of Community Importance (Habitats Directive)	Proposed Site of Community Importance (Habitats Directive)	Regional	Marine Natura 2000 proposed site	Site of conservation interest	Not reported	Not reported	{GRC}	{MAL}	12.94	12.67	14.07	14.07	92	90	Proposed	2011	Not reported	Not reported	Not reported		Not listed	https://natura2000.eea.europa.eu/?query=Natura2000Sites_9883_0,SITECODE,GR4220034	European Environment Agency	2020-06-19	N2K_end2019_21-04-2020
569		555527061	GR2330007		PARAKTIA THALASSIA ZONI APO AKR. KYLLINI EOS TOUMPI - KALOGRIA	PARAKTIA THALASSIA ZONI APO AKR. KYLLINI EOS TOUMPI - KALOGRIA	Special Area of Conservation (Habitats Directive)	Special Area of Conservation (Habitats Directive)	Regional	Marine Natura 2000 site	Marine Protected Area	Not reported	Not reported	{GRC}	{MIC}	110.02	109.93	111.13	111.06	99	99	Designated	2006	Not reported	MANAGEMENT BODY OF YGROTOPOI KOTYCHIOU-DASOUS STROFYLIAS	Not reported		Not listed	https://natura2000.eea.europa.eu/?query=Natura2000Sites_9883_0,SITECODE,GR2330007	European Environment Agency	2020-06-19	N2K_end2019_21-04-2020
570		555527035	GR2220004		PARAKTIA THALASSIA ZONI APO ARGOSTOLI EOS VLACHATA (KEFALONIA) KAI ORMOS MOUNTA	PARAKTIA THALASSIA ZONI APO ARGOSTOLI EOS VLACHATA (KEFALONIA) KAI ORMOS MOUNTA	Special Area of Conservation (Habitats Directive)	Special Area of Conservation (Habitats Directive)	Regional	Marine Natura 2000 site	Marine Protected Area	Not reported	Not reported	{GRC}	{MIC}	36.79	35.26	36.79	36.74	100	96	Designated	2006	Not reported	Not reported	Not reported		Not listed	https://natura2000.eea.europa.eu/?query=Natura2000Sites_9883_0,SITECODE,GR2220004	European Environment Agency	2020-06-19	N2K_end2019_21-04-2020
571		555527039	GR2230005		PARAKTIA THALASSIA ZONI APO KANONI EOS MESONGI (KERKYRA)	PARAKTIA THALASSIA ZONI APO KANONI EOS MESONGI (KERKYRA)	Special Area of Conservation (Habitats Directive)	Special Area of Conservation (Habitats Directive)	Regional	Marine Natura 2000 site	Marine Protected Area	Not reported	Not reported	{GRC}	{MIC}	8.67	8.23	8.67	8.65	100	95	Designated	2006	Not reported	Not reported	Not reported		Not listed	https://natura2000.eea.europa.eu/?query=Natura2000Sites_9883_0,SITECODE,GR2230005	European Environment Agency	2020-06-19	N2K_end2019_21-04-2020
572		555527029	GR2140003		PARAKTIA THALASSIA ZONI APO PARGA EOS AKROTIRIO AGIOS THOMAS (PREVEZA), AKR. KELADIO - AG. THOMAS	PARAKTIA THALASSIA ZONI APO PARGA EOS AKROTIRIO AGIOS THOMAS (PREVEZA), AKR. KELADIO - AG. THOMAS	Special Area of Conservation (Habitats Directive)	Special Area of Conservation (Habitats Directive)	Regional	Marine Natura 2000 site	Marine Protected Area	Not reported	Not reported	{GRC}	{MIC}	15.61	14.01	15.61	15.59	100	90	Designated	2006	Not reported	Not reported	Not reported		Not listed	https://natura2000.eea.europa.eu/?query=Natura2000Sites_9883_0,SITECODE,GR2140003	European Environment Agency	2020-06-19	N2K_end2019_21-04-2020
573		555527126	GR4220005		PARAKTIA ZONI DYTIKIS MILOY	PARAKTIA ZONI DYTIKIS MILOY	Special Area of Conservation (Habitats Directive)	Special Area of Conservation (Habitats Directive)	Regional	Marine Natura 2000 site	Marine Protected Area	Not reported	Not reported	{GRC}	{MAL}	53.65	50.69	53.65	53.69	100	94	Designated	2006	Not reported	Not reported	Not reported		Not listed	https://natura2000.eea.europa.eu/?query=Natura2000Sites_9883_0,SITECODE,GR4220005	European Environment Agency	2020-06-19	N2K_end2019_21-04-2020
574		555527167	GR4340015		PARALIA APO CHRYSOSKALITISSA MECHRI AKROTIRIO KRIOS	PARALIA APO CHRYSOSKALITISSA MECHRI AKROTIRIO KRIOS	Special Area of Conservation (Habitats Directive)	Special Area of Conservation (Habitats Directive)	Regional	Marine Natura 2000 site	Marine Protected Area	Not reported	Not reported	{GRC}	{MAL,MIC}	6.98	5.81	22.53	22.55	31	26	Designated	2006	Not reported	FOREST DIRECTORATE OF CHANIA	Not reported		Not listed	https://natura2000.eea.europa.eu/?query=Natura2000Sites_9883_0,SITECODE,GR4340015	European Environment Agency	2020-06-19	N2K_end2019_21-04-2020
575		555526996	GR1270009		PLATANITSI - SYKIA: ΑKR. RIGAS - AKR. ADOLO	PLATANITSI - SYKIA: ΑKR. RIGAS - AKR. ADOLO	Special Area of Conservation (Habitats Directive)	Special Area of Conservation (Habitats Directive)	Regional	Marine Natura 2000 site	Marine Protected Area	Not reported	Not reported	{GRC}	{MAL}	9.9	9.48	9.9	9.91	100	96	Designated	2006	Not reported	Not reported	Not reported		Not listed	https://natura2000.eea.europa.eu/?query=Natura2000Sites_9883_0,SITECODE,GR1270009	European Environment Agency	2020-06-19	N2K_end2019_21-04-2020
576		555527153	GR4330004		PRASSANO FARANGI - PATSOS - SFAKORYAKO REMA - PARALIA RETHYMNOU KAI EKVOLI GEROPOTAMOU, AKR. LIANOS KAVOS - PERIVOLIA	PRASSANO FARANGI - PATSOS - SFAKORYAKO REMA - PARALIA RETHYMNOU KAI EKVOLI GEROPOTAMOU, AKR. LIANOS KAVOS - PERIVOLIA	Special Area of Conservation (Habitats Directive)	Special Area of Conservation (Habitats Directive)	Regional	Marine Natura 2000 site	Marine Protected Area	Not reported	Not reported	{GRC}	{MAL}	32.83	33.09	131.3	131.4	25	25	Designated	2006	Not reported	"1. FOREST DIRECTORATE OF RETHYMNO, 2. PORT POLICE OF RETHYMNO"	Not reported		Not listed	https://natura2000.eea.europa.eu/?query=Natura2000Sites_9883_0,SITECODE,GR4330004	European Environment Agency	2020-06-19	N2K_end2019_21-04-2020
577		555527116	GR4210005		RODOS: AKRAMYTIS, ARMENISTIS, ATTAVYROS, REMATA KAI THALASSIA ZONI (KARAVOLA-ORMOS GLYFADA)	RODOS: AKRAMYTIS, ARMENISTIS, ATTAVYROS, REMATA KAI THALASSIA ZONI (KARAVOLA-ORMOS GLYFADA)	Special Area of Conservation (Habitats Directive)	Special Area of Conservation (Habitats Directive)	Regional	Marine Natura 2000 site	Marine Protected Area	Not reported	Not reported	{GRC}	{MAL}	43.9	42.5	274.38	273.81	16	16	Designated	2006	Federal or national ministry or agency	Management Agency of Dodecanese Protected Areas	Partially implemented		Not listed	https://natura2000.eea.europa.eu/?query=Natura2000Sites_9883_0,SITECODE,GR4210005	European Environment Agency	2020-06-19	N2K_end2019_21-04-2020
578		555527109	GR4120003		SAMOS: OROS KERKETEFS - MIKRO KAI MEGALO SEITANI - DASOS KASTANIAS KAI LEKKAS, AKR. KATAVASIS - LIMENAS	SAMOS: OROS KERKETEFS - MIKRO KAI MEGALO SEITANI - DASOS KASTANIAS KAI LEKKAS, AKR. KATAVASIS - LIMENAS	Special Area of Conservation (Habitats Directive)	Special Area of Conservation (Habitats Directive)	Regional	Marine Natura 2000 site	Marine Protected Area	Not reported	Not reported	{GRC}	{MAL}	10.08	9.49	67.21	67.18	15	14	Designated	2006	Not reported	FOREST DIRECTORATE OF SAMOS	Not reported		Not listed	https://natura2000.eea.europa.eu/?query=Natura2000Sites_9883_0,SITECODE,GR4120003	European Environment Agency	2020-06-19	N2K_end2019_21-04-2020
580		555527107	GR4120001		SAMOS: PARALIA ALYKI	SAMOS: PARALIA ALYKI	Special Area of Conservation (Habitats Directive)	Special Area of Conservation (Habitats Directive)	Regional	Marine Natura 2000 site	Marine Protected Area	Not reported	Not reported	{GRC}	{MAL}	1.54	1.35	3.07	3.07	50	44	Designated	2006	Not reported	Not reported	Not reported		Not listed	https://natura2000.eea.europa.eu/?query=Natura2000Sites_9883_0,SITECODE,GR4120001	European Environment Agency	2020-06-19	N2K_end2019_21-04-2020
581		555539606	GR1110012		SAMOTHRAKI: OROS FENGARI KAI PARAKTIA ZONI	SAMOTHRAKI: OROS FENGARI KAI PARAKTIA ZONI	Special Protection Area (Birds Directive)	Special Protection Area (Birds Directive)	Regional	Marine Natura 2000 site	Marine Protected Area	Not reported	Not reported	{GRC}	{MAL}	56.38	55.67	208.83	208.9	27	27	Designated	2010	Not reported	FOREST SERVICE OF ALEXANDROUPOLIS	Not reported		Not listed	https://natura2000.eea.europa.eu/?query=Natura2000Sites_9883_0,SITECODE,GR1110012	European Environment Agency	2020-06-19	N2K_end2019_21-04-2020
583		555539771	GR4220029		SERIFOS: PARAKTIA ZONI KAI NISIDES SERIFOPOULA, PIPERI KAI VOUS	SERIFOS: PARAKTIA ZONI KAI NISIDES SERIFOPOULA, PIPERI KAI VOUS	Special Protection Area (Birds Directive)	Special Protection Area (Birds Directive)	Regional	Marine Natura 2000 site	Marine Protected Area	Not reported	Not reported	{GRC}	{MAL}	51.75	48.75	53.91	53.95	96	90	Designated	2010	Not reported	Not reported	Not reported		Not listed	https://natura2000.eea.europa.eu/?query=Natura2000Sites_9883_0,SITECODE,GR4220029	European Environment Agency	2020-06-19	N2K_end2019_21-04-2020
584		555527129	GR4220008		SIFNOS: PROFITIS ILIAS MECHRI DYTIKES AKTES KAI THALASSIA PERIOCHI	SIFNOS: PROFITIS ILIAS MECHRI DYTIKES AKTES KAI THALASSIA PERIOCHI	Special Area of Conservation (Habitats Directive)	Special Area of Conservation (Habitats Directive)	Regional	Marine Natura 2000 site	Marine Protected Area	Not reported	Not reported	{GRC}	{MAL}	2.09	1.34	20.92	20.93	10	6	Designated	2006	Not reported	FOREST DIRECTORATE OF KYKLADES	Not reported		Not listed	https://natura2000.eea.europa.eu/?query=Natura2000Sites_9883_0,SITECODE,GR4220008	European Environment Agency	2020-06-19	N2K_end2019_21-04-2020
585		555527013	GR1430003		SKIATHOS: KOUKOUNARIES KAI EVRYTERI THALASSIA PERIOCHI	SKIATHOS: KOUKOUNARIES KAI EVRYTERI THALASSIA PERIOCHI	Special Area of Conservation (Habitats Directive)	Special Area of Conservation (Habitats Directive)	Regional	Marine Natura 2000 site	Marine Protected Area	Not reported	Not reported	{GRC}	{MAL}	0.5	0.38	0.86	0.86	58	44	Designated	2006	Not reported	MINISTRY OF RURAL DEVELOPMENT AND FOOD, MINISTRY OF TOURISM DEVELOPMENT, PREFECTURE OF MAGNISIA, MUNICIPALITY OF SKIATHOS	Not reported		Not listed	https://natura2000.eea.europa.eu/?query=Natura2000Sites_9883_0,SITECODE,GR1430003	European Environment Agency	2020-06-19	N2K_end2019_21-04-2020
586		555527098	GR3000005		SOUNIO - NISIDA PATROKLOU KAI PARAKTIA THALASSIA ZONI	SOUNIO - NISIDA PATROKLOU KAI PARAKTIA THALASSIA ZONI	Special Area of Conservation (Habitats Directive)	Special Area of Conservation (Habitats Directive)	Regional	Marine Natura 2000 site	Marine Protected Area	Not reported	Not reported	{GRC}	{MAL}	11.84	11.32	53.82	53.87	22	21	Designated	2006	Not reported	"1. FOREST SERVICE OF LAVRIO"	Not reported		Not listed	https://natura2000.eea.europa.eu/?query=Natura2000Sites_9883_0,SITECODE,GR3000005	European Environment Agency	2020-06-19	N2K_end2019_21-04-2020
587		555526973	GR1220003		STENA RENTINAS – EVRYTERI PERIOCHI SPILAIO DRAKOTRYPA- SPILAIO LAKKIA KAI REMA NEROMANA	STENA RENTINAS – EVRYTERI PERIOCHI SPILAIO DRAKOTRYPA- SPILAIO LAKKIA KAI REMA NEROMANA	Special Area of Conservation (Habitats Directive)	Special Area of Conservation (Habitats Directive)	Regional	Marine Natura 2000 site	Marine Protected Area	Not reported	Not reported	{GRC}	{MAL}	0.59	0.3	58.96	59.01	1	1	Designated	2006	Not reported	Not reported	Not reported		Not listed	https://natura2000.eea.europa.eu/?query=Natura2000Sites_9883_0,SITECODE,GR1220003	European Environment Agency	2020-06-19	N2K_end2019_21-04-2020
1554	1554				Samariá	Σαμαριά	National Park (Greece)	Εθνικό Πάρκο	National	MPA with a national statute	Marine Protected Area	Main	Not reported	{GRC}	{MAL}		43.73		585.3		7	Designated	1962	Local communities	The Management Body (MB) of Samaria (White Mountains) National Park was established according to the article 13 of National Law 3044/27-08-2002 (Government Gazette, Issue A 197). The MB is administered by an Administrative Board which includes members of the local, regional and central authorities, NGO’s and special scientists. Head of the Board is the President assigned by the Minister of Recontruction of Production, Environment and Energy.	Partially implemented		Not listed	https://www.samaria.gr/en/home-2-2/	Management Agency of Samaria National Park and Western Crete	2020-06-17	GIS layer from the Management Agency of Samaria National Park and Western Crete
582	582	177845			Schinia Marathon	Σχινιά Μαραθώνα	National Park (Greece)	Εθνικό Πάρκο	National	MPA with a national statute	Marine Protected Area	Main	IV - Habitat/species management area	{GRC}	{MAL}	3.19	3.09	14.39	14.4	22	21	Designated	2000	Government-delegated management	Management Body of Schinias Marathon National Park, Mount Imittos and Southeast Attica region	Partially implemented		Not listed	http://www.npschiniasmarathon.gr	European Environment Agency	2020-06-17	CDDA_v18_29-05-2020
1655		555635599	GR4340024		THALASSIA PERIOCHI  DYTIKIS KAI NOTIODYTIKIS KRITIS 	THALASSIA PERIOCHI  DYTIKIS KAI NOTIODYTIKIS KRITIS 	Proposed Site of Community Importance (Habitats Directive)	Proposed Site of Community Importance (Habitats Directive)	Regional	Marine Natura 2000 proposed site	Site of conservation interest	Not reported	Not reported	{GRC}	{MAL,MIC}	1636.86	1635.31	1636.86	1638.06	100	100	Proposed	2011	Not reported	Not reported	Not reported		Not listed	https://natura2000.eea.europa.eu/?query=Natura2000Sites_9883_0,SITECODE,GR4340024	European Environment Agency	2020-06-19	N2K_end2019_21-04-2020
1656		555635578	GR2230010		THALASSIA PERIOCHI DIAPONTION NISON	THALASSIA PERIOCHI DIAPONTION NISON	Proposed Site of Community Importance (Habitats Directive)	Proposed Site of Community Importance (Habitats Directive)	Regional	Marine Natura 2000 proposed site	Site of conservation interest	Not reported	Not reported	{GRC}	{MAD,MIC}	153.27	150.94	153.27	152.83	100	99	Proposed	2011	Not reported	Not reported	Not reported		Not listed	https://natura2000.eea.europa.eu/?query=Natura2000Sites_9883_0,SITECODE,GR2230010	European Environment Agency	2020-06-19	N2K_end2019_21-04-2020
1657		555635593	GR4110016		THALASSIA PERIOCHI DYTIKIS LESVOU	THALASSIA PERIOCHI DYTIKIS LESVOU	Special Protection Area (Birds Directive)	Special Protection Area (Birds Directive)	Regional	Marine Natura 2000 site	Marine Protected Area	Not reported	Not reported	{GRC}	{MAL}	213.69	211.56	213.69	213.72	100	99	Designated	2010	Not reported	Not reported	Not reported		Not listed	https://natura2000.eea.europa.eu/?query=Natura2000Sites_9883_0,SITECODE,GR4110016	European Environment Agency	2020-06-19	N2K_end2019_21-04-2020
1658		555635580	GR2420014		THALASSIA PERIOCHI KAI YFALOI VOREIOANATOLIKIS EVVOIAS	THALASSIA PERIOCHI KAI YFALOI VOREIOANATOLIKIS EVVOIAS	Proposed Site of Community Importance (Habitats Directive)	Proposed Site of Community Importance (Habitats Directive)	Regional	Marine Natura 2000 proposed site	Site of conservation interest	Not reported	Not reported	{GRC}	{MAL}	85.72	85.01	85.72	85.78	100	99	Proposed	2011	Not reported	Not reported	Not reported		Not listed	https://natura2000.eea.europa.eu/?query=Natura2000Sites_9883_0,SITECODE,GR2420014	European Environment Agency	2020-06-19	N2K_end2019_21-04-2020
1659		555635570	GR1150014		THALASSIA PERIOCHI KAVALAS - THASOU	THALASSIA PERIOCHI KAVALAS - THASOU	SPA (Birds Directive) + pSCI (Habitats Directive)	SPA (Birds Directive) + pSCI (Habitats Directive)	Regional	Marine Natura 2000 site	Marine Protected Area	Not reported	Not reported	{GRC}	{MAL}	756.86	755.24	756.86	757.4	100	100	Designated	2010	Not reported	Not reported	Not reported		Not listed	https://natura2000.eea.europa.eu/?query=Natura2000Sites_9883_0,SITECODE,GR1150014	European Environment Agency	2020-06-19	N2K_end2019_21-04-2020
1660		555635598	GR4220036		THALASSIA PERIOCHI KOLOUMVO	THALASSIA PERIOCHI KOLOUMVO	Proposed Site of Community Importance (Habitats Directive)	Proposed Site of Community Importance (Habitats Directive)	Regional	Marine Natura 2000 proposed site	Site of conservation interest	Not reported	Not reported	{GRC}	{MAL}	50.1	50.12	50.1	50.12	100	100	Proposed	2011	Not reported	Not reported	Not reported		Not listed	https://natura2000.eea.europa.eu/?query=Natura2000Sites_9883_0,SITECODE,GR4220036	European Environment Agency	2020-06-19	N2K_end2019_21-04-2020
589		555527062	GR2330008		THALASSIA PERIOCHI KOLPOU KYPARISSIAS: AKR. KATAKOLO - KYPARISSIA	THALASSIA PERIOCHI KOLPOU KYPARISSIAS: AKR. KATAKOLO - KYPARISSIA	Special Area of Conservation (Habitats Directive)	Special Area of Conservation (Habitats Directive)	Regional	Marine Natura 2000 site	Marine Protected Area	Not reported	Not reported	{GRC}	{MIC}	113.25	112.51	113.25	113.2	100	99	Designated	2006	Not reported	Not reported	Not reported		Not listed	https://natura2000.eea.europa.eu/?query=Natura2000Sites_9883_0,SITECODE,GR2330008	European Environment Agency	2020-06-19	N2K_end2019_21-04-2020
1661		555635590	GR3000019		THALASSIA PERIOCHI KYTHIRON	THALASSIA PERIOCHI KYTHIRON	Special Protection Area (Birds Directive)	Special Protection Area (Birds Directive)	Regional	Marine Natura 2000 site	Marine Protected Area	Not reported	Not reported	{GRC}	{MAL,MIC}	325.74	320.67	325.74	325.92	100	98	Designated	2010	Not reported	Not reported	Not reported		Not listed	https://natura2000.eea.europa.eu/?query=Natura2000Sites_9883_0,SITECODE,GR3000019	European Environment Agency	2020-06-19	N2K_end2019_21-04-2020
1662		555635592	GR4110015		THALASSIA PERIOCHI NISIDON TOKMAKIA	THALASSIA PERIOCHI NISIDON TOKMAKIA	Proposed Site of Community Importance (Habitats Directive)	Proposed Site of Community Importance (Habitats Directive)	Regional	Marine Natura 2000 proposed site	Site of conservation interest	Not reported	Not reported	{GRC}	{MAL}	61.94	61.05	61.94	61.92	100	99	Proposed	2011	Not reported	Not reported	Not reported		Not listed	https://natura2000.eea.europa.eu/?query=Natura2000Sites_9883_0,SITECODE,GR4110015	European Environment Agency	2020-06-19	N2K_end2019_21-04-2020
1663		555635587	GR2550010		THALASSIA PERIOCHI NOTIAS MESSINIAS	THALASSIA PERIOCHI NOTIAS MESSINIAS	Proposed Site of Community Importance (Habitats Directive)	Proposed Site of Community Importance (Habitats Directive)	Regional	Marine Natura 2000 proposed site	Site of conservation interest	Not reported	Not reported	{GRC}	{MIC}	1229.3	1222.03	1229.3	1229.0	100	99	Proposed	2011	Not reported	Not reported	Not reported		Not listed	https://natura2000.eea.europa.eu/?query=Natura2000Sites_9883_0,SITECODE,GR2550010	European Environment Agency	2020-06-19	N2K_end2019_21-04-2020
1551		555635594	GR4210033		THALASSIA PERIOCHI NOTIAS PATMOU	THALASSIA PERIOCHI NOTIAS PATMOU	Proposed Site of Community Importance (Habitats Directive)	Proposed Site of Community Importance (Habitats Directive)	Regional	Marine Natura 2000 proposed site	Site of conservation interest	Not reported	Not reported	{GRC}	{MAL}	44.14	43.69	44.14	44.11	100	99	Proposed	2011	Federal or national ministry or agency	Management Agency of Dodecanese Protected Areas	Partially implemented		Not listed	https://natura2000.eea.europa.eu/?query=Natura2000Sites_9883_0,SITECODE,GR4210033	European Environment Agency	2020-06-19	N2K_end2019_21-04-2020
1664		555635582	GR2420016		THALASSIA PERIOCHI NOTIOU EVVOIKOU KOLPOU	THALASSIA PERIOCHI NOTIOU EVVOIKOU KOLPOU	Special Protection Area (Birds Directive)	Special Protection Area (Birds Directive)	Regional	Marine Natura 2000 site	Marine Protected Area	Not reported	Not reported	{GRC}	{MAL}	521.62	511.35	521.62	522.03	100	98	Designated	2010	Not reported	Not reported	Not reported		Not listed	https://natura2000.eea.europa.eu/?query=Natura2000Sites_9883_0,SITECODE,GR2420016	European Environment Agency	2020-06-19	N2K_end2019_21-04-2020
1665		555635584	GR2510005		THALASSIA PERIOCHI PAFSANIA – YPOTHALASSIA IFAISTEIA METHANON	THALASSIA PERIOCHI PAFSANIA – YPOTHALASSIA IFAISTEIA METHANON	Proposed Site of Community Importance (Habitats Directive)	Proposed Site of Community Importance (Habitats Directive)	Regional	Marine Natura 2000 proposed site	Site of conservation interest	Not reported	Not reported	{GRC}	{MAL}	37.28	37.22	37.28	37.31	100	100	Proposed	2011	Not reported	Not reported	Not reported		Not listed	https://natura2000.eea.europa.eu/?query=Natura2000Sites_9883_0,SITECODE,GR2510005	European Environment Agency	2020-06-19	N2K_end2019_21-04-2020
590		555527095	GR2550007		THALASSIA PERIOCHI STENOU METHONIS	THALASSIA PERIOCHI STENOU METHONIS	Special Area of Conservation (Habitats Directive)	Special Area of Conservation (Habitats Directive)	Regional	Marine Natura 2000 site	Marine Protected Area	Not reported	Not reported	{GRC}	{MIC}	9.6	8.79	9.7	9.7	99	91	Designated	2006	Not reported	Not reported	Not reported		Not listed	https://natura2000.eea.europa.eu/?query=Natura2000Sites_9883_0,SITECODE,GR2550007	European Environment Agency	2020-06-19	N2K_end2019_21-04-2020
1666		555635568	GR1110013		THALASSIA PERIOCHI THRAKIS	THALASSIA PERIOCHI THRAKIS	Proposed Site of Community Importance (Habitats Directive)	Proposed Site of Community Importance (Habitats Directive)	Regional	Marine Natura 2000 proposed site	Site of conservation interest	Not reported	Not reported	{GRC}	{MAL}	757.56	756.9	757.56	757.78	100	100	Proposed	2011	Not reported	Not reported	Not reported		Not listed	https://natura2000.eea.europa.eu/?query=Natura2000Sites_9883_0,SITECODE,GR1110013	European Environment Agency	2020-06-19	N2K_end2019_21-04-2020
1667		555635586	GR2540009		THALASSIA ZONI  NOTIAS MANIS	THALASSIA ZONI  NOTIAS MANIS	Proposed Site of Community Importance (Habitats Directive)	Proposed Site of Community Importance (Habitats Directive)	Regional	Marine Natura 2000 proposed site	Site of conservation interest	Not reported	Not reported	{GRC}	{MIC}	382.96	376.64	382.96	383.08	100	98	Proposed	2011	Not reported	Not reported	Not reported		Not listed	https://natura2000.eea.europa.eu/?query=Natura2000Sites_9883_0,SITECODE,GR2540009	European Environment Agency	2020-06-19	N2K_end2019_21-04-2020
1668		555635572	GR1270016		THALASSIA ZONI ANATOLIKA KAI NOTIA CHERSONISOU ATHONA	THALASSIA ZONI ANATOLIKA KAI NOTIA CHERSONISOU ATHONA	Special Protection Area (Birds Directive)	Special Protection Area (Birds Directive)	Regional	Marine Natura 2000 site	Marine Protected Area	Not reported	Not reported	{GRC}	{MAL}	170.91	168.67	170.91	171.03	100	99	Designated	2010	Not reported	Not reported	Not reported		Not listed	https://natura2000.eea.europa.eu/?query=Natura2000Sites_9883_0,SITECODE,GR1270016	European Environment Agency	2020-06-19	N2K_end2019_21-04-2020
1669		555635581	GR2420015		THALASSIA ZONI ANATOLIKIS EVVOIAS APO AKRA OKTONIA EVVOIAS EOS ZARAKES	THALASSIA ZONI ANATOLIKIS EVVOIAS APO AKRA OKTONIA EVVOIAS EOS ZARAKES	Proposed Site of Community Importance (Habitats Directive)	Proposed Site of Community Importance (Habitats Directive)	Regional	Marine Natura 2000 proposed site	Site of conservation interest	Not reported	Not reported	{GRC}	{MAL}	57.68	54.51	57.68	57.72	100	94	Proposed	2011	Not reported	Not reported	Not reported		Not listed	https://natura2000.eea.europa.eu/?query=Natura2000Sites_9883_0,SITECODE,GR2420015	European Environment Agency	2020-06-19	N2K_end2019_21-04-2020
1670		555635597	GR4220035		THALASSIA ZONI ANDROU	THALASSIA ZONI ANDROU	Proposed Site of Community Importance (Habitats Directive)	Proposed Site of Community Importance (Habitats Directive)	Regional	Marine Natura 2000 proposed site	Site of conservation interest	Not reported	Not reported	{GRC}	{MAL}	300.37	295.87	300.37	300.56	100	98	Proposed	2011	Not reported	Not reported	Not reported		Not listed	https://natura2000.eea.europa.eu/?query=Natura2000Sites_9883_0,SITECODE,GR4220035	European Environment Agency	2020-06-19	N2K_end2019_21-04-2020
1671		555635576	GR2220007		THALASSIA ZONI APO ARGOSTOLI EOS ORMO MOUNTA	THALASSIA ZONI APO ARGOSTOLI EOS ORMO MOUNTA	Proposed Site of Community Importance (Habitats Directive)	Proposed Site of Community Importance (Habitats Directive)	Regional	Marine Natura 2000 proposed site	Site of conservation interest	Not reported	Not reported	{GRC}	{MIC}	94.04	93.1	94.04	93.91	100	99	Proposed	2011	Not reported	Not reported	Not reported		Not listed	https://natura2000.eea.europa.eu/?query=Natura2000Sites_9883_0,SITECODE,GR2220007	European Environment Agency	2020-06-19	N2K_end2019_21-04-2020
1672		555635571	GR1270015		THALASSIA ZONI CHERSONISOU ATHONA	THALASSIA ZONI CHERSONISOU ATHONA	Proposed Site of Community Importance (Habitats Directive)	Proposed Site of Community Importance (Habitats Directive)	Regional	Marine Natura 2000 proposed site	Site of conservation interest	Not reported	Not reported	{GRC}	{MAL}	203.04	199.78	203.04	203.2	100	98	Proposed	2011	Not reported	Not reported	Not reported		Not listed	https://natura2000.eea.europa.eu/?query=Natura2000Sites_9883_0,SITECODE,GR1270015	European Environment Agency	2020-06-19	N2K_end2019_21-04-2020
591		555539615	GR1150012		THASOS (OROS YPSARIO KAI PARAKTIA ZONI) KAI NISIDES KOINYRA, XIRONISI	THASOS (OROS YPSARIO KAI PARAKTIA ZONI) KAI NISIDES KOINYRA, XIRONISI	Special Protection Area (Birds Directive)	Special Protection Area (Birds Directive)	Regional	Marine Natura 2000 site	Marine Protected Area	Not reported	Not reported	{GRC}	{MAL}	34.67	33.16	173.33	173.45	20	19	Designated	2010	Not reported	Not reported	Not reported		Not listed	https://natura2000.eea.europa.eu/?query=Natura2000Sites_9883_0,SITECODE,GR1150012	European Environment Agency	2020-06-19	N2K_end2019_21-04-2020
1673	1673	341329			Tsaḯri tou Dímou Epanomís	Τσαΐρι του Δήμου Επανομής	Wildlife Refuge (Greece)	Καταφύγιο άγριας ζωής	National	MPA with a national statute	Marine Protected Area	Main	IV - Habitat/species management area	{GRC}	{MAL}	3.42	3.98	8.39	8.4	41	47	Designated	2001	Not reported	Ministry of Environment, Energy and Climate Change - Special Secretariat for Forests	Not reported		Not listed	https://www.protectedplanet.net/341329	European Environment Agency	2020-06-17	CDDA_v18_29-05-2020
1674	1674	341871			Tsouráki-Géfyra (Amfípoli)	Τσουράκι-Γέφυρα (Αμφίπολη)	Wildlife Refuge (Greece)	Καταφύγιο άγριας ζωής	National	MPA with a national statute	Marine Protected Area	Main	IV - Habitat/species management area	{GRC}	{MAL}		0.09	1.49	1.49	0	6	Designated	1976	Not reported	Not reported	Not reported		Not listed	https://www.protectedplanet.net/341871	European Environment Agency	2020-06-17	CDDA_v18_29-05-2020
592		555527133	GR4220012		VOREIA AMORGOS KAI KINAROS, LEVITHA, MAVRA, GLAROS KAI THALASSIA ZONI	VOREIA AMORGOS KAI KINAROS, LEVITHA, MAVRA, GLAROS KAI THALASSIA ZONI	Special Area of Conservation (Habitats Directive)	Special Area of Conservation (Habitats Directive)	Regional	Marine Natura 2000 site	Marine Protected Area	Not reported	Not reported	{GRC}	{MAL}	27.72	25.04	60.27	60.25	46	42	Designated	2006	Federal or national ministry or agency	Management Agency of Dodecanese Protected Areas and Management Agency of Cyclades Protected Areas	Partially implemented		Not listed	https://natura2000.eea.europa.eu/?query=Natura2000Sites_9883_0,SITECODE,GR4220012	European Environment Agency	2020-06-19	N2K_end2019_21-04-2020
594		555527111	GR4130001		VOREIA CHIOS KAI NISOI OINOUSSES KAI PARAKTIA THALASSIA ZONI	VOREIA CHIOS KAI NISOI OINOUSSES KAI PARAKTIA THALASSIA ZONI	Special Area of Conservation (Habitats Directive)	Special Area of Conservation (Habitats Directive)	Regional	Marine Natura 2000 site	Marine Protected Area	Not reported	Not reported	{GRC}	{MAL}	41.37	36.56	344.76	344.77	12	11	Designated	2006	Not reported	Not reported	Not reported		Not listed	https://natura2000.eea.europa.eu/?query=Natura2000Sites_9883_0,SITECODE,GR4130001	European Environment Agency	2020-06-19	N2K_end2019_21-04-2020
595		555539742	GR4210003		VOREIA KARPATHOS KAI SARIA KAI PARAKTIA THALASSIA ZONI	VOREIA KARPATHOS KAI SARIA KAI PARAKTIA THALASSIA ZONI	SPA (Birds Directive) + SAC (Habitats Directive)	SPA (Birds Directive) + SAC (Habitats Directive)	Regional	Marine Natura 2000 site	Marine Protected Area	Not reported	Not reported	{GRC}	{MAL}	51.94	48.31	112.92	112.77	46	43	Designated	2001	Federal or national ministry or agency	Management Agency of Dodecanese Protected Areas	Partially implemented		Not listed	https://natura2000.eea.europa.eu/?query=Natura2000Sites_9883_0,SITECODE,GR4210003	European Environment Agency	2020-06-19	N2K_end2019_21-04-2020
600		555527149	GR4320006		VOREIOANATOLIKO AKRO KRITIS: DIONYSADES, ELASA KAI CHERSONISOS SIDERO (AKRA MAVRO MOURI – VAI – AKRA PLAKAS) KAI THALASSIA ZONI	VOREIOANATOLIKO AKRO KRITIS: DIONYSADES, ELASA KAI CHERSONISOS SIDERO (AKRA MAVRO MOURI – VAI – AKRA PLAKAS) KAI THALASSIA ZONI	Special Area of Conservation (Habitats Directive)	Special Area of Conservation (Habitats Directive)	Regional	Marine Natura 2000 site	Marine Protected Area	Not reported	Not reported	{GRC}	{MAL}	319.27	316.92	394.16	394.06	81	80	Designated	2006	Not reported	Not reported	Not reported		Not listed	https://natura2000.eea.europa.eu/?query=Natura2000Sites_9883_0,SITECODE,GR4320006	European Environment Agency	2020-06-19	N2K_end2019_21-04-2020
601		555527131	GR4220010		VOREIODYTIKI KYTHNOS: OROS ATHERAS - AKROTIRIO KEFALOS KAI PARAKTIA ZONI	VOREIODYTIKI KYTHNOS: OROS ATHERAS - AKROTIRIO KEFALOS KAI PARAKTIA ZONI	Special Area of Conservation (Habitats Directive)	Special Area of Conservation (Habitats Directive)	Regional	Marine Natura 2000 site	Marine Protected Area	Not reported	Not reported	{GRC}	{MAL}	7.26	5.58	29.04	29.07	25	19	Designated	2006	Not reported	Not reported	Not reported		Not listed	https://natura2000.eea.europa.eu/?query=Natura2000Sites_9883_0,SITECODE,GR4220010	European Environment Agency	2020-06-19	N2K_end2019_21-04-2020
602		555527122	GR4210011		VRACHONISIA NOTIOU AIGAIOU: VELOPOULA, FALKONERA, ANANES, CHRISTIANA, PACHEIA, FTENO, MAKRA, ASTAKIDONISIA, SYRNA - GYRO NISIA KAI THALASSIA ZONI	VRACHONISIA NOTIOU AIGAIOU: VELOPOULA, FALKONERA, ANANES, CHRISTIANA, PACHEIA, FTENO, MAKRA, ASTAKIDONISIA, SYRNA - GYRO NISIA KAI THALASSIA ZONI	Special Area of Conservation (Habitats Directive)	Special Area of Conservation (Habitats Directive)	Regional	Marine Natura 2000 site	Marine Protected Area	Not reported	Not reported	{GRC}	{MAL}	26.58	21.9	45.82	45.81	58	48	Designated	2006	Federal or national ministry or agency	Management Agency of Dodecanese Protected Areas	Partially implemented		Not listed	https://natura2000.eea.europa.eu/?query=Natura2000Sites_9883_0,SITECODE,GR4210011	European Environment Agency	2020-06-19	N2K_end2019_21-04-2020
603		555527112	GR4130005		VRACHONISIDES KALOGEROI KAI THALASSIA ZONI	VRACHONISIDES KALOGEROI KAI THALASSIA ZONI	Site of Community Importance (Habitats Directive)	Site of Community Importance (Habitats Directive)	Regional	Marine Natura 2000 site	Marine Protected Area	Not reported	Not reported	{GRC}	{MAL}	17.5	17.51	17.5	17.51	100	100	Designated	2012	Not reported	Not reported	Not reported		Not listed	https://natura2000.eea.europa.eu/?query=Natura2000Sites_9883_0,SITECODE,GR4130005	European Environment Agency	2020-06-19	N2K_end2019_21-04-2020
604		555527097	GR3000004		VRAVRONA - PARAKTIA THALASSIA ZONI	VRAVRONA - PARAKTIA THALASSIA ZONI	Special Area of Conservation (Habitats Directive)	Special Area of Conservation (Habitats Directive)	Regional	Marine Natura 2000 site	Marine Protected Area	Not reported	Not reported	{GRC}	{MAL}	4.34	3.79	27.12	27.14	16	14	Designated	2006	Not reported	"1. FOREST SERVICE OF PENTELI, 2. CURATOR OF PREHISTORIC AND CLASSIC ANTIQUITIES OF ATTIKI"	Not reported		Not listed	https://natura2000.eea.europa.eu/?query=Natura2000Sites_9883_0,SITECODE,GR3000004	European Environment Agency	2020-06-19	N2K_end2019_21-04-2020
1675	443	341325			Vatátsa - Divári - Órmos Váltou - Drépano, Dímos Igoumenítsas	Βατάτσα - Διβάρι - Όρμος Βάλτου - Δρέπανο, Δήμος Ηγουμενίτσας	Wildlife Refuge (Greece)	Καταφύγιο άγριας ζωής	National	MPA with a national statute	Marine Protected Area	Secondary	IV - Habitat/species management area	{GRC}	{MIC}	3.0	2.5	9.6	9.58	31	26	Designated	2003	Not reported	Ministry of Environment, Energy and Climate Change - Special Secretariat for Forests	Not reported		Not listed	https://www.protectedplanet.net/341325	European Environment Agency	2020-06-17	CDDA_v18_29-05-2020
606		555539635	GR1270013		YGROTOPOI NEAS FOKAIAS	YGROTOPOI NEAS FOKAIAS	Special Protection Area (Birds Directive)	Special Protection Area (Birds Directive)	Regional	Marine Natura 2000 site	Marine Protected Area	Not reported	Not reported	{GRC}	{MAL}	0.55	0.61	4.21	4.21	13	14	Designated	2001	Not reported	Not reported	Not reported		Not listed	https://natura2000.eea.europa.eu/?query=Natura2000Sites_9883_0,SITECODE,GR1270013	European Environment Agency	2020-06-19	N2K_end2019_21-04-2020
607		555539664	GR2120005		YGROTOPOS EKVOLON KALAMA KAI NISOS PRASOUDI	YGROTOPOS EKVOLON KALAMA KAI NISOS PRASOUDI	Special Protection Area (Birds Directive)	Special Protection Area (Birds Directive)	Regional	Marine Natura 2000 site	Marine Protected Area	Not reported	Not reported	{GRC}	{MIC}	0.0	13.92	86.43	86.27	0	16	Designated	1997	Not reported	MANAGEMENT BODY OF  STENA KAI EKVOLES POTAMON ACHERONTA KAI KALAMA	Not reported		Not listed	https://natura2000.eea.europa.eu/?query=Natura2000Sites_9883_0,SITECODE,GR2120005	European Environment Agency	2020-06-19	N2K_end2019_21-04-2020
608		555539725	GR3000016		YGROTOPOS SCHINIA	YGROTOPOS SCHINIA	Special Protection Area (Birds Directive)	Special Protection Area (Birds Directive)	Regional	Marine Natura 2000 site	Marine Protected Area	Not reported	Not reported	{GRC}	{MAL}	3.35	3.09	20.94	20.96	16	15	Designated	2010	Not reported	"1. ORGANISATION OF ATHENS (ORSA), 2. FOREST SERVICE OF KAPANDRITI, 3. MANAGEMENT BODY OF  ETHNIKO PARKO SCHINIA-MARATHONA N. ATTIKIS"	Not reported		Not listed	https://natura2000.eea.europa.eu/?query=Natura2000Sites_9883_0,SITECODE,GR3000016	European Environment Agency	2020-06-19	N2K_end2019_21-04-2020
505	505	392913			Ygrotópon Kotychíou - Strofyliás	Υγροτόπων Κοτυχίου - Στροφυλιάς	National Park (Greece)	Εθνικό Πάρκο	National	MPA with a national statute	Marine Protected Area	Main	VI - Protected area with sustainable use of natural resources	{GRC}	{MIC}	16.45	22.94	159.75	159.67	10	14	Designated	2009	Government-delegated management	Management Body of Kotychi and Strofylia Wetlands & Kyparissian Gulf	Inexistent		Not listed	http://www.strofylianationalpark.gr	European Environment Agency	2020-06-17	CDDA_v18_29-05-2020
452	452	349975			Ygrótopoi Amvrakikoú	Υγρότοποι Αμβρακικού	National Park (Greece)	Εθνικό Πάρκο	National	MPA with a national statute	Marine Protected Area	Main	VI - Protected area with sustainable use of natural resources	{GRC}	{MIC}	117.07	61.6	287.63	287.35	41	21	Designated	2008	Government-delegated management	Amvrakikos Gulf-Lefkadas Management Agency	Inexistent		Not listed	https://www.protectedplanet.net/349975	European Environment Agency	2020-06-17	CDDA_v18_29-05-2020
1676	1676	341380			Ygrótopoi kai Nísoi Atalánti	Υγρότοποι και Νήσοι Αταλάντη	Wildlife Refuge (Greece)	Καταφύγιο άγριας ζωής	National	MPA with a national statute	Marine Protected Area	Main	IV - Habitat/species management area	{GRC}	{MAL}	5.96	6.2	11.27	11.28	53	55	Designated	2006	Not reported	Ministry of Environment, Energy and Climate Change - Special Secretariat for Forests	Not reported		Not listed	https://www.protectedplanet.net/341380	European Environment Agency	2020-06-17	CDDA_v18_29-05-2020
1677	1677	341918			Ygrótopos kai aktés Psalídi, Dímos Ko	Υγρότοπος και ακτές Ψαλίδι, Δήμος Κο	Nature Reserve (Greece)	Φυσικό απόθεμα	National	MPA with a national statute	Marine Protected Area	Main	II - National park	{GRC}	{MAL}	0.11	0.1	0.49	0.49	23	20	Designated	2006	Not reported	Ministry of Environment, Energy and Climate Change - Directorate General for the Environment	Not reported		Not listed	https://www.protectedplanet.net/341918	European Environment Agency	2020-06-17	CDDA_v18_29-05-2020
609	609	13380			Zákynthos	Ζάκυνθος	National Marine Park (Greece)	Εθνικό Θαλάσσιο Πάρκο	National	MPA with a national statute	Marine Protected Area	Main	IV - Habitat/species management area	{GRC}	{MIC}	88.26	86.75	104.33	104.22	85	83	Designated	1999	Government-delegated management	Management Agency of Zakynthos National Marine Park	Partially implemented		Not listed	http://www.nmp-zak.org	European Environment Agency	2020-06-17	CDDA_v18_29-05-2020
1627	489	341863			Áxios Délta (Chalástra)	Άξιος Δέλτα (Χαλάστρα)	Wildlife Refuge (Greece)	Καταφύγιο άγριας ζωής	National	MPA with a national statute	Marine Protected Area	Secondary	IV - Habitat/species management area	{GRC}	{MAL}	20.35	19.75	52.05	52.07	39	38	Designated	1988	Not reported	Ministry of Environment, Energy and Climate Change - Special Secretariat for Forests	Not reported		Not listed	https://www.protectedplanet.net/341863	European Environment Agency	2020-06-17	CDDA_v18_29-05-2020
485	485	15178			Évros délta	Έβρος δέλτα	National Park (Greece)	Εθνικό Πάρκο	National	MPA with a national statute	Marine Protected Area	Main	VI - Protected area with sustainable use of natural resources	{GRC}	{MAL}	20.76	24.25	128.96	128.97	16	19	Designated	1977	Government-delegated management	Management Body of Evros Delta and Samothraki Proteced Areas is a body supervised by the Ministry, fininced by EU and the Hellenic State and has a multiple role in the area (monitoring, wardening, public awareness, ecotourism, etc.) although with limited responsibilities of managing the protected area.	Inexistent		Not listed	http://www.evros-delta.gr	European Environment Agency	2020-06-17	CDDA_v18_29-05-2020
1652	1652	341352			Óros Aigáleo ton Dímon Kamateró, Agías Petroúpolis, Peristéri, Chaïdári, Korydalloú, Aigáleo kai Asprópyrgou	Όρος Αιγάλεω των Δήμων Καματερό, Αγίας Πετρούπολης, Περιστέρι, Χαϊδάρι, Κορυδαλλού, Αιγάλεω και Ασπρόπυργου	Wildlife Refuge (Greece)	Καταφύγιο άγριας ζωής	National	MPA with a national statute	Marine Protected Area	Main	IV - Habitat/species management area	{GRC}	{MAL}		0.15	19.53	19.55	0	1	Designated	2001	Not reported	Not reported	Not reported		Not listed	https://www.protectedplanet.net/341352	European Environment Agency	2020-06-17	CDDA_v18_29-05-2020
1740	1740				Jabuka/Pomo Pit	Jabuka/Pomo Pit	Protection of Essential Fish Habitats (EFH)	Protection of Essential Fish Habitats (EFH)	Regional	Fisheries Restricted Area (EFH)	OECM (potential)	Main	Not applicable	{HRV,ITA}	{MAD}	3143.0	3141.57	3143.0	3142.57	100	100	Designated	2018	Not reported	Not reported	Not reported		Not listed	http://www.fao.org/gfcm/data/maps/fras	General Fisheries Commission for the Mediterranean (GFCM)	2020-02-07	Data downloaded from the GFCM website in July 2020 (http://www.fao.org/gfcm/data/map-fisheries-restricted-areas/en).
39		555578752	HR3000431		Akvatorij J od uvale Pržina i S od uvale Bilin žal uz poluotok Ražnjić	Akvatorij J od uvale Pržina i S od uvale Bilin žal uz poluotok Ražnjić	Site of Community Importance (Habitats Directive)	Site of Community Importance (Habitats Directive)	Regional	Marine Natura 2000 site	Marine Protected Area	Not reported	Not reported	{HRV}	{MAD}	1.21	1.03	1.21	1.21	100	85	Designated	2014	Not reported	Not reported	Not reported		Not listed	https://natura2000.eea.europa.eu/?query=Natura2000Sites_9883_0,SITECODE,HR3000431	European Environment Agency	2020-06-19	N2K_end2019_21-04-2020
40		555578721	HR3000170		Akvatorij uz Konavoske stijene	Akvatorij uz Konavoske stijene	Site of Community Importance (Habitats Directive)	Site of Community Importance (Habitats Directive)	Regional	Marine Natura 2000 site	Marine Protected Area	Not reported	Not reported	{HRV}	{MAD}	13.71	12.38	13.71	13.7	100	90	Designated	2014	Not reported	Not reported	Not reported		Not listed	https://natura2000.eea.europa.eu/?query=Natura2000Sites_9883_0,SITECODE,HR3000170	European Environment Agency	2020-06-19	N2K_end2019_21-04-2020
41		555578823	HR5000032		Akvatorij zapadne Istre	Akvatorij zapadne Istre	Site of Community Importance (Habitats Directive)	Site of Community Importance (Habitats Directive)	Regional	Marine Natura 2000 site	Marine Protected Area	Not reported	Not reported	{HRV}	{MAD}	728.12	720.2	728.12	727.43	100	99	Designated	2014	Not reported	Not reported	Not reported		Not listed	https://natura2000.eea.europa.eu/?query=Natura2000Sites_9883_0,SITECODE,HR5000032	European Environment Agency	2020-06-19	N2K_end2019_21-04-2020
42		555577746	HR1000032		Akvatorij zapadne Istre	Akvatorij zapadne Istre	Special Protection Area (Birds Directive)	Special Protection Area (Birds Directive)	Regional	Marine Natura 2000 site	Marine Protected Area	Not reported	Not reported	{HRV}	{MAD}	143.87	135.34	154.7	154.53	93	88	Designated	2013	Not reported	Not reported	Not reported		Not listed	https://natura2000.eea.europa.eu/?query=Natura2000Sites_9883_0,SITECODE,HR1000032	European Environment Agency	2020-06-19	N2K_end2019_21-04-2020
43		555578667	HR3000101		Arkanđel	Arkanđel	Site of Community Importance (Habitats Directive)	Site of Community Importance (Habitats Directive)	Regional	Marine Natura 2000 site	Marine Protected Area	Not reported	Not reported	{HRV}	{MAD}	0.37	0.22	0.37	0.37	100	59	Designated	2014	Not reported	Not reported	Not reported		Not listed	https://natura2000.eea.europa.eu/?query=Natura2000Sites_9883_0,SITECODE,HR3000101	European Environment Agency	2020-06-19	N2K_end2019_21-04-2020
44		555578789	HR3000473		Babuljaši i okolni grebeni	Babuljaši i okolni grebeni	Site of Community Importance (Habitats Directive)	Site of Community Importance (Habitats Directive)	Regional	Marine Natura 2000 site	Marine Protected Area	Not reported	Not reported	{HRV}	{MAD}	2.01	1.97	2.01	2.01	100	98	Designated	2014	Not reported	Not reported	Not reported		Not listed	https://natura2000.eea.europa.eu/?query=Natura2000Sites_9883_0,SITECODE,HR3000473	European Environment Agency	2020-06-19	N2K_end2019_21-04-2020
45		555578798	HR4000007		Badija i otoci oko Korčule	Badija i otoci oko Korčule	Site of Community Importance (Habitats Directive)	Site of Community Importance (Habitats Directive)	Regional	Marine Natura 2000 site	Marine Protected Area	Not reported	Not reported	{HRV}	{MAD}	8.94	8.59	8.94	8.94	100	96	Designated	2014	Not reported	Not reported	Not reported		Not listed	https://natura2000.eea.europa.eu/?query=Natura2000Sites_9883_0,SITECODE,HR4000007	European Environment Agency	2020-06-19	N2K_end2019_21-04-2020
47		555578664	HR3000098		Biševo more	Biševo more	Site of Community Importance (Habitats Directive)	Site of Community Importance (Habitats Directive)	Regional	Marine Natura 2000 site	Marine Protected Area	Not reported	Not reported	{HRV}	{MAD}	7.89	7.31	7.89	7.9	100	93	Designated	2014	Not reported	Not reported	Not reported		Not listed	https://natura2000.eea.europa.eu/?query=Natura2000Sites_9883_0,SITECODE,HR3000098	European Environment Agency	2020-06-19	N2K_end2019_21-04-2020
48		555578658	HR3000092		Blitvenica	Blitvenica	Site of Community Importance (Habitats Directive)	Site of Community Importance (Habitats Directive)	Regional	Marine Natura 2000 site	Marine Protected Area	Not reported	Not reported	{HRV}	{MAD}	0.16	0.15	0.16	0.16	100	94	Designated	2014	Not reported	Not reported	Not reported		Not listed	https://natura2000.eea.europa.eu/?query=Natura2000Sites_9883_0,SITECODE,HR3000092	European Environment Agency	2020-06-19	N2K_end2019_21-04-2020
50		555578633	HR3000065		Bonaster - o. Molat	Bonaster - o. Molat	Site of Community Importance (Habitats Directive)	Site of Community Importance (Habitats Directive)	Regional	Marine Natura 2000 site	Marine Protected Area	Not reported	Not reported	{HRV}	{MAD}	1.01	0.84	1.01	1.01	100	83	Designated	2014	Not reported	Not reported	Not reported		Not listed	https://natura2000.eea.europa.eu/?query=Natura2000Sites_9883_0,SITECODE,HR3000065	European Environment Agency	2020-06-19	N2K_end2019_21-04-2020
51		555578691	HR3000127		Brač - podmorje	Brač - podmorje	Site of Community Importance (Habitats Directive)	Site of Community Importance (Habitats Directive)	Regional	Marine Natura 2000 site	Marine Protected Area	Not reported	Not reported	{HRV}	{MAD}	6.84	5.67	6.84	6.84	100	83	Designated	2014	Not reported	Not reported	Not reported		Not listed	https://natura2000.eea.europa.eu/?query=Natura2000Sites_9883_0,SITECODE,HR3000127	European Environment Agency	2020-06-19	N2K_end2019_21-04-2020
52		555578791	HR3000475		Brač - podmorje od Rta Gališnjak do Druge vale	Brač - podmorje od Rta Gališnjak do Druge vale	Site of Community Importance (Habitats Directive)	Site of Community Importance (Habitats Directive)	Regional	Marine Natura 2000 site	Marine Protected Area	Not reported	Not reported	{HRV}	{MAD}	3.47	2.86	3.47	3.47	100	82	Designated	2014	Not reported	Not reported	Not reported		Not listed	https://natura2000.eea.europa.eu/?query=Natura2000Sites_9883_0,SITECODE,HR3000475	European Environment Agency	2020-06-19	N2K_end2019_21-04-2020
53		555578632	HR3000064		Brguljski zaljev - o. Molat	Brguljski zaljev - o. Molat	Site of Community Importance (Habitats Directive)	Site of Community Importance (Habitats Directive)	Regional	Marine Natura 2000 site	Marine Protected Area	Not reported	Not reported	{HRV}	{MAD}	5.12	4.78	5.12	5.12	100	93	Designated	2014	Not reported	Not reported	Not reported		Not listed	https://natura2000.eea.europa.eu/?query=Natura2000Sites_9883_0,SITECODE,HR3000064	European Environment Agency	2020-06-19	N2K_end2019_21-04-2020
54	54	10940			Brijuni	Brijuni	National Park (Croatia)	Nacionalni Park	National	MPA with a national statute	Marine Protected Area	Main	II - National park	{HRV}	{MAD}	26.52	25.56	34.0	33.97	78	75	Designated	1983	Government-delegated management	The public Institution Brijuni National Park has a general manager on field and board of directors (5 members) and they all report to the Ministry of environmental protection and energy.	Partially implemented		Not listed	http://www.np-brijuni.hr	European Environment Agency	2020-06-18	CDDA_v18_29-05-2020
56		555578665	HR3000099		Brusnik i Svetac	Brusnik i Svetac	Site of Community Importance (Habitats Directive)	Site of Community Importance (Habitats Directive)	Regional	Marine Natura 2000 site	Marine Protected Area	Not reported	Not reported	{HRV}	{MAD}	15.01	14.6	15.01	15.01	100	97	Designated	2014	Not reported	Not reported	Not reported		Not listed	https://natura2000.eea.europa.eu/?query=Natura2000Sites_9883_0,SITECODE,HR3000099	European Environment Agency	2020-06-19	N2K_end2019_21-04-2020
59		555578714	HR3000161		Cres - Lošinj	Cres - Lošinj	Site of Community Importance (Habitats Directive)	Site of Community Importance (Habitats Directive)	Regional	Marine Natura 2000 site	Marine Protected Area	Not reported	Not reported	{HRV}	{MAD}	525.75	518.42	525.75	525.55	100	99	Designated	2014	Not reported	Not reported	Not reported		Not listed	https://natura2000.eea.europa.eu/?query=Natura2000Sites_9883_0,SITECODE,HR3000161	European Environment Agency	2020-06-19	N2K_end2019_21-04-2020
60		555578580	HR3000004		Cres - rt Grota - Merag	Cres - rt Grota - Merag	Site of Community Importance (Habitats Directive)	Site of Community Importance (Habitats Directive)	Regional	Marine Natura 2000 site	Marine Protected Area	Not reported	Not reported	{HRV}	{MAD}	3.25	2.63	3.25	3.25	100	81	Designated	2014	Not reported	Not reported	Not reported		Not listed	https://natura2000.eea.europa.eu/?query=Natura2000Sites_9883_0,SITECODE,HR3000004	European Environment Agency	2020-06-19	N2K_end2019_21-04-2020
61		555578581	HR3000005		Cres - rt Pernat - uvala Tiha	Cres - rt Pernat - uvala Tiha	Site of Community Importance (Habitats Directive)	Site of Community Importance (Habitats Directive)	Regional	Marine Natura 2000 site	Marine Protected Area	Not reported	Not reported	{HRV}	{MAD}	6.63	6.0	6.63	6.62	100	91	Designated	2014	Not reported	Not reported	Not reported		Not listed	https://natura2000.eea.europa.eu/?query=Natura2000Sites_9883_0,SITECODE,HR3000005	European Environment Agency	2020-06-19	N2K_end2019_21-04-2020
62		555578582	HR3000007		Cres - rt Suha - rt Meli	Cres - rt Suha - rt Meli	Site of Community Importance (Habitats Directive)	Site of Community Importance (Habitats Directive)	Regional	Marine Natura 2000 site	Marine Protected Area	Not reported	Not reported	{HRV}	{MAD}	75.02	72.89	75.02	74.99	100	97	Designated	2014	Not reported	Not reported	Not reported		Not listed	https://natura2000.eea.europa.eu/?query=Natura2000Sites_9883_0,SITECODE,HR3000007	European Environment Agency	2020-06-19	N2K_end2019_21-04-2020
63		555578696	HR3000133		Crni rat - o. Brač	Crni rat - o. Brač	Site of Community Importance (Habitats Directive)	Site of Community Importance (Habitats Directive)	Regional	Marine Natura 2000 site	Marine Protected Area	Not reported	Not reported	{HRV}	{MAD}	2.86	2.34	2.86	2.86	100	82	Designated	2014	Not reported	Not reported	Not reported		Not listed	https://natura2000.eea.europa.eu/?query=Natura2000Sites_9883_0,SITECODE,HR3000133	European Environment Agency	2020-06-19	N2K_end2019_21-04-2020
64	64	146760			Datule Barbariga	Datule Barbariga	Special Reserve (Croatia)	Posebni Rezervat	National	MPA with a national statute	Marine Protected Area	Main	IV - Habitat/species management area	{HRV}	{MAD}	4.18	4.03	4.26	4.25	98	95	Designated	1994	Government-delegated management	Public Institution Natura Histrica	Inexistent		Not listed	https://www.protectedplanet.net/146760	European Environment Agency	2020-06-18	CDDA_v18_29-05-2020
65		555578822	HR5000031		Delta Neretve	Delta Neretve	Site of Community Importance (Habitats Directive)	Site of Community Importance (Habitats Directive)	Regional	Marine Natura 2000 site	Marine Protected Area	Not reported	Not reported	{HRV}	{MAD}	9.53	10.2	238.14	238.15	4	4	Designated	2014	Not reported	Not reported	Not reported		Not listed	https://natura2000.eea.europa.eu/?query=Natura2000Sites_9883_0,SITECODE,HR5000031	European Environment Agency	2020-06-19	N2K_end2019_21-04-2020
66		555577745	HR1000031		Delta Neretve	Delta Neretve	Special Protection Area (Birds Directive)	Special Protection Area (Birds Directive)	Regional	Marine Natura 2000 site	Marine Protected Area	Not reported	Not reported	{HRV}	{MAD}	9.53	10.2	238.14	238.15	4	4	Designated	2013	Not reported	Not reported	Not reported		Not listed	https://natura2000.eea.europa.eu/?query=Natura2000Sites_9883_0,SITECODE,HR1000031	European Environment Agency	2020-06-19	N2K_end2019_21-04-2020
67		555578599	HR3000026		Dolfin i otoci	Dolfin i otoci	Site of Community Importance (Habitats Directive)	Site of Community Importance (Habitats Directive)	Regional	Marine Natura 2000 site	Marine Protected Area	Not reported	Not reported	{HRV}	{MAD}	10.97	10.82	10.97	10.97	100	99	Designated	2014	Not reported	Not reported	Not reported		Not listed	https://natura2000.eea.europa.eu/?query=Natura2000Sites_9883_0,SITECODE,HR3000026	European Environment Agency	2020-06-19	N2K_end2019_21-04-2020
1678	1678	377978			Donji Kamenjak i Medulinski arhipelag	Donji Kamenjak i Medulinski arhipelag	Significant Landscape (Croatia)	Značajni Krajobraz	National	MPA with a national statute	Marine Protected Area	Main	V - Protected landscape/seascape	{HRV}	{MAD}	0.25	0.31	4.24	4.24	6	7	Designated	1973	Not reported	Regional authorities (Counties)	Not reported		Not listed	https://www.protectedplanet.net/377978	European Environment Agency	2020-06-18	CDDA_v18_29-05-2020
69		555578810	HR4000028		Elafiti	Elafiti	Site of Community Importance (Habitats Directive)	Site of Community Importance (Habitats Directive)	Regional	Marine Natura 2000 site	Marine Protected Area	Not reported	Not reported	{HRV}	{MAD}	39.99	38.69	67.78	67.77	59	57	Designated	2014	Not reported	Not reported	Not reported		Not listed	https://natura2000.eea.europa.eu/?query=Natura2000Sites_9883_0,SITECODE,HR4000028	European Environment Agency	2020-06-19	N2K_end2019_21-04-2020
70		555578674	HR3000108		Fumija I - podmorje	Fumija I - podmorje	Site of Community Importance (Habitats Directive)	Site of Community Importance (Habitats Directive)	Regional	Marine Natura 2000 site	Marine Protected Area	Not reported	Not reported	{HRV}	{MAD}	1.55	1.52	1.55	1.55	100	98	Designated	2014	Not reported	Not reported	Not reported		Not listed	https://natura2000.eea.europa.eu/?query=Natura2000Sites_9883_0,SITECODE,HR3000108	European Environment Agency	2020-06-19	N2K_end2019_21-04-2020
71		55578676	HR3000110		Fumija II - podmorje	Fumija II - podmorje	Site of Community Importance (Habitats Directive)	Site of Community Importance (Habitats Directive)	Regional	Marine Natura 2000 site	Marine Protected Area	Not reported	Not reported	{HRV}	{MAD}	2.0	1.91	2.0	2.0	100	96	Designated	2014	Not reported	Not reported	Not reported		Not listed	https://natura2000.eea.europa.eu/?query=Natura2000Sites_9883_0,SITECODE,HR3000110	European Environment Agency	2020-06-19	N2K_end2019_21-04-2020
1326		555578550	HR2001474		Golubinka kod Handrake	Golubinka kod Handrake	Site of Community Importance (Habitats Directive)	Site of Community Importance (Habitats Directive)	Regional	Marine Natura 2000 site	Marine Protected Area	Not reported	Not reported	{HRV}	{MAD}	0.01	0.0	0.01	0.01	100	0	Designated	2014	Not reported	Not reported	Not reported		Not listed	https://natura2000.eea.europa.eu/?query=Natura2000Sites_9883_0,SITECODE,HR2001474	European Environment Agency	2020-06-19	N2K_end2019_21-04-2020
1679		555623573	HR3000477		Grebeni u Jabučkoj kotlini	Grebeni u Jabučkoj kotlini	Proposed Site of Community Importance (Habitats Directive)	Proposed Site of Community Importance (Habitats Directive)	Regional	Marine Natura 2000 proposed site	Site of conservation interest	Not reported	Not reported	{HRV}	{MAD}	10.78	10.78	10.78	10.78	100	100	Proposed	2015	Not reported	Not reported	Not reported		Not listed	https://natura2000.eea.europa.eu/?query=Natura2000Sites_9883_0,SITECODE,HR3000477	European Environment Agency	2020-06-19	N2K_end2019_21-04-2020
72		555578671	HR3000105		Hrid Muljica more	Hrid Muljica more	Site of Community Importance (Habitats Directive)	Site of Community Importance (Habitats Directive)	Regional	Marine Natura 2000 site	Marine Protected Area	Not reported	Not reported	{HRV}	{MAD}	0.05	0.05	0.05	0.04	100	100	Designated	2014	Not reported	Not reported	Not reported		Not listed	https://natura2000.eea.europa.eu/?query=Natura2000Sites_9883_0,SITECODE,HR3000105	European Environment Agency	2020-06-19	N2K_end2019_21-04-2020
75		555578772	HR3000456		Hvar - od uvale Vitarna do uvale Maslinica	Hvar - od uvale Vitarna do uvale Maslinica	Site of Community Importance (Habitats Directive)	Site of Community Importance (Habitats Directive)	Regional	Marine Natura 2000 site	Marine Protected Area	Not reported	Not reported	{HRV}	{MAD}	2.78	2.51	2.78	2.78	100	90	Designated	2014	Not reported	Not reported	Not reported		Not listed	https://natura2000.eea.europa.eu/?query=Natura2000Sites_9883_0,SITECODE,HR3000456	European Environment Agency	2020-06-19	N2K_end2019_21-04-2020
76		555578767	HR3000451		Hvar - otok Zečevo	Hvar - otok Zečevo	Site of Community Importance (Habitats Directive)	Site of Community Importance (Habitats Directive)	Regional	Marine Natura 2000 site	Marine Protected Area	Not reported	Not reported	{HRV}	{MAD}	2.3	1.98	2.3	2.3	100	86	Designated	2014	Not reported	Not reported	Not reported		Not listed	https://natura2000.eea.europa.eu/?query=Natura2000Sites_9883_0,SITECODE,HR3000451	European Environment Agency	2020-06-19	N2K_end2019_21-04-2020
78		555578601	HR3000028		I. strana V. i M. Orjula	I. strana V. i M. Orjula	Site of Community Importance (Habitats Directive)	Site of Community Importance (Habitats Directive)	Regional	Marine Natura 2000 site	Marine Protected Area	Not reported	Not reported	{HRV}	{MAD}	4.9	4.76	4.9	4.89	100	97	Designated	2014	Not reported	Not reported	Not reported		Not listed	https://natura2000.eea.europa.eu/?query=Natura2000Sites_9883_0,SITECODE,HR3000028	European Environment Agency	2020-06-19	N2K_end2019_21-04-2020
79		555578588	HR3000014		Ilovik i Sv. Petar	Ilovik i Sv. Petar	Site of Community Importance (Habitats Directive)	Site of Community Importance (Habitats Directive)	Regional	Marine Natura 2000 site	Marine Protected Area	Not reported	Not reported	{HRV}	{MAD}	4.17	3.54	4.17	4.17	100	85	Designated	2014	Not reported	Not reported	Not reported		Not listed	https://natura2000.eea.europa.eu/?query=Natura2000Sites_9883_0,SITECODE,HR3000014	European Environment Agency	2020-06-19	N2K_end2019_21-04-2020
80		555578645	HR3000077		J dio o. Iža i o. Mrtovnjak	J dio o. Iža i o. Mrtovnjak	Site of Community Importance (Habitats Directive)	Site of Community Importance (Habitats Directive)	Regional	Marine Natura 2000 site	Marine Protected Area	Not reported	Not reported	{HRV}	{MAD}	2.79	2.73	2.79	2.79	100	98	Designated	2014	Not reported	Not reported	Not reported		Not listed	https://natura2000.eea.europa.eu/?query=Natura2000Sites_9883_0,SITECODE,HR3000077	European Environment Agency	2020-06-19	N2K_end2019_21-04-2020
81		555578641	HR3000073		J rt o. Zverinac	J rt o. Zverinac	Site of Community Importance (Habitats Directive)	Site of Community Importance (Habitats Directive)	Regional	Marine Natura 2000 site	Marine Protected Area	Not reported	Not reported	{HRV}	{MAD}	1.19	1.09	1.19	1.19	100	92	Designated	2014	Not reported	Not reported	Not reported		Not listed	https://natura2000.eea.europa.eu/?query=Natura2000Sites_9883_0,SITECODE,HR3000073	European Environment Agency	2020-06-19	N2K_end2019_21-04-2020
82		555578747	HR3000419		J. Molat-Dugi-Kornat-Žirje-Zlarin-Murter-Pašman-Ugljan-Rivanj-Sestrunj-Molat	J. Molat-Dugi-Kornat-Žirje-Zlarin-Murter-Pašman-Ugljan-Rivanj-Sestrunj-Molat	Site of Community Importance (Habitats Directive)	Site of Community Importance (Habitats Directive)	Regional	Marine Natura 2000 site	Marine Protected Area	Not reported	Not reported	{HRV}	{MAD}	852.77	839.69	852.77	852.77	100	98	Designated	2014	Not reported	Not reported	Not reported		Not listed	https://natura2000.eea.europa.eu/?query=Natura2000Sites_9883_0,SITECODE,HR3000419	European Environment Agency	2020-06-19	N2K_end2019_21-04-2020
85		555578634	HR3000066		JI dio o. Molata	JI dio o. Molata	Site of Community Importance (Habitats Directive)	Site of Community Importance (Habitats Directive)	Regional	Marine Natura 2000 site	Marine Protected Area	Not reported	Not reported	{HRV}	{MAD}	5.72	5.39	5.72	5.72	100	94	Designated	2014	Not reported	Not reported	Not reported		Not listed	https://natura2000.eea.europa.eu/?query=Natura2000Sites_9883_0,SITECODE,HR3000066	European Environment Agency	2020-06-19	N2K_end2019_21-04-2020
86		555578662	HR3000096		JI strana o. Visa	JI strana o. Visa	Site of Community Importance (Habitats Directive)	Site of Community Importance (Habitats Directive)	Regional	Marine Natura 2000 site	Marine Protected Area	Not reported	Not reported	{HRV}	{MAD}	11.02	10.48	11.02	11.03	100	95	Designated	2014	Not reported	Not reported	Not reported		Not listed	https://natura2000.eea.europa.eu/?query=Natura2000Sites_9883_0,SITECODE,HR3000096	European Environment Agency	2020-06-19	N2K_end2019_21-04-2020
89		555578659	HR3000093		JZ strana Šolte - I	JZ strana Šolte - I	Site of Community Importance (Habitats Directive)	Site of Community Importance (Habitats Directive)	Regional	Marine Natura 2000 site	Marine Protected Area	Not reported	Not reported	{HRV}	{MAD}	4.35	4.03	4.35	4.35	100	93	Designated	2014	Not reported	Not reported	Not reported		Not listed	https://natura2000.eea.europa.eu/?query=Natura2000Sites_9883_0,SITECODE,HR3000093	European Environment Agency	2020-06-19	N2K_end2019_21-04-2020
90		555578660	HR3000094		JZ strana Šolte - II	JZ strana Šolte - II	Site of Community Importance (Habitats Directive)	Site of Community Importance (Habitats Directive)	Regional	Marine Natura 2000 site	Marine Protected Area	Not reported	Not reported	{HRV}	{MAD}	4.89	3.87	4.89	4.89	100	79	Designated	2014	Not reported	Not reported	Not reported		Not listed	https://natura2000.eea.europa.eu/?query=Natura2000Sites_9883_0,SITECODE,HR3000094	European Environment Agency	2020-06-19	N2K_end2019_21-04-2020
87		555578773	HR3000457		Južna obala Hvara - od rta Nedjelja do uvale Česminica	Južna obala Hvara - od rta Nedjelja do uvale Česminica	Site of Community Importance (Habitats Directive)	Site of Community Importance (Habitats Directive)	Regional	Marine Natura 2000 site	Marine Protected Area	Not reported	Not reported	{HRV}	{MAD}	16.11	13.92	16.11	16.1	100	86	Designated	2014	Not reported	Not reported	Not reported		Not listed	https://natura2000.eea.europa.eu/?query=Natura2000Sites_9883_0,SITECODE,HR3000457	European Environment Agency	2020-06-19	N2K_end2019_21-04-2020
91		555578682	HR3000116		Kabal - podmorje	Kabal - podmorje	Site of Community Importance (Habitats Directive)	Site of Community Importance (Habitats Directive)	Regional	Marine Natura 2000 site	Marine Protected Area	Not reported	Not reported	{HRV}	{MAD}	2.83	2.19	2.83	2.84	100	77	Designated	2014	Not reported	Not reported	Not reported		Not listed	https://natura2000.eea.europa.eu/?query=Natura2000Sites_9883_0,SITECODE,HR3000116	European Environment Agency	2020-06-19	N2K_end2019_21-04-2020
92		555578760	HR3000442		Kakanski kanal	Kakanski kanal	Site of Community Importance (Habitats Directive)	Site of Community Importance (Habitats Directive)	Regional	Marine Natura 2000 site	Marine Protected Area	Not reported	Not reported	{HRV}	{MAD}	7.29	6.76	7.29	7.28	100	93	Designated	2014	Not reported	Not reported	Not reported		Not listed	https://natura2000.eea.europa.eu/?query=Natura2000Sites_9883_0,SITECODE,HR3000442	European Environment Agency	2020-06-19	N2K_end2019_21-04-2020
1289	1289	378024			Kanal - Luka	Kanal - Luka	Significant Landscape (Croatia)	Značajni Krajobraz	National	MPA with a national statute	Marine Protected Area	Main	V - Protected landscape/seascape	{HRV}	{MAD}	4.19	3.99	11.97	11.97	35	33	Designated	1974	Government-delegated management	Public Institution Nature of Šibenik - Knin County	Inexistent		Not listed	https://www.protectedplanet.net/378024	European Environment Agency	2020-06-18	CDDA_v18_29-05-2020
93		555578759	HR3000441		Kaprije	Kaprije	Site of Community Importance (Habitats Directive)	Site of Community Importance (Habitats Directive)	Regional	Marine Natura 2000 site	Marine Protected Area	Not reported	Not reported	{HRV}	{MAD}	6.24	5.94	6.24	6.23	100	95	Designated	2014	Not reported	Not reported	Not reported		Not listed	https://natura2000.eea.europa.eu/?query=Natura2000Sites_9883_0,SITECODE,HR3000441	European Environment Agency	2020-06-19	N2K_end2019_21-04-2020
97	97	2523			Kornati	Kornati	National Park (Croatia)	Nacionalni Park	National	MPA with a national statute	Marine Protected Area	Main	II - National park	{HRV}	{MAD}	166.1	159.71	215.71	215.7	77	74	Designated	1980	Government-delegated management	Kornati National Park Public Institution	Partially implemented		Not listed	http://www.np-kornati.hr	European Environment Agency	2020-06-18	CDDA_v18_29-05-2020
99		555578668	HR3000102		Kosmač M. i V.	Kosmač M. i V.	Site of Community Importance (Habitats Directive)	Site of Community Importance (Habitats Directive)	Regional	Marine Natura 2000 site	Marine Protected Area	Not reported	Not reported	{HRV}	{MAD}	0.16	0.15	0.16	0.16	100	94	Designated	2014	Not reported	Not reported	Not reported		Not listed	https://natura2000.eea.europa.eu/?query=Natura2000Sites_9883_0,SITECODE,HR3000102	European Environment Agency	2020-06-19	N2K_end2019_21-04-2020
100		555578756	HR3000438		Kosmerka - Prokladnica - Vrtlac - Babuljak - podmorje	Kosmerka - Prokladnica - Vrtlac - Babuljak - podmorje	Site of Community Importance (Habitats Directive)	Site of Community Importance (Habitats Directive)	Regional	Marine Natura 2000 site	Marine Protected Area	Not reported	Not reported	{HRV}	{MAD}	1.3	1.27	1.3	1.3	100	98	Designated	2014	Not reported	Not reported	Not reported		Not listed	https://natura2000.eea.europa.eu/?query=Natura2000Sites_9883_0,SITECODE,HR3000438	European Environment Agency	2020-06-19	N2K_end2019_21-04-2020
98		555578615	HR3000042		Košljunski zaljev	Košljunski zaljev	Site of Community Importance (Habitats Directive)	Site of Community Importance (Habitats Directive)	Regional	Marine Natura 2000 site	Marine Protected Area	Not reported	Not reported	{HRV}	{MAD}	2.85	2.76	2.85	2.85	100	97	Designated	2014	Not reported	Not reported	Not reported		Not listed	https://natura2000.eea.europa.eu/?query=Natura2000Sites_9883_0,SITECODE,HR3000042	European Environment Agency	2020-06-19	N2K_end2019_21-04-2020
101		555578770	HR3000454		Krk - od Crikvenog rta do rta Sv. Nikole	Krk - od Crikvenog rta do rta Sv. Nikole	Site of Community Importance (Habitats Directive)	Site of Community Importance (Habitats Directive)	Regional	Marine Natura 2000 site	Marine Protected Area	Not reported	Not reported	{HRV}	{MAD}	1.01	0.78	1.01	1.01	100	77	Designated	2014	Not reported	Not reported	Not reported		Not listed	https://natura2000.eea.europa.eu/?query=Natura2000Sites_9883_0,SITECODE,HR3000454	European Environment Agency	2020-06-19	N2K_end2019_21-04-2020
102		555578768	HR3000452		Krk - od rta Negrit do uvale Zaglav	Krk - od rta Negrit do uvale Zaglav	Site of Community Importance (Habitats Directive)	Site of Community Importance (Habitats Directive)	Regional	Marine Natura 2000 site	Marine Protected Area	Not reported	Not reported	{HRV}	{MAD}	1.08	0.8	1.08	1.08	100	74	Designated	2014	Not reported	Not reported	Not reported		Not listed	https://natura2000.eea.europa.eu/?query=Natura2000Sites_9883_0,SITECODE,HR3000452	European Environment Agency	2020-06-19	N2K_end2019_21-04-2020
103		555578769	HR3000453		Krk - od uvale Zaglav do Crikvenog rta	Krk - od uvale Zaglav do Crikvenog rta	Site of Community Importance (Habitats Directive)	Site of Community Importance (Habitats Directive)	Regional	Marine Natura 2000 site	Marine Protected Area	Not reported	Not reported	{HRV}	{MAD}	0.86	0.64	0.86	0.86	100	74	Designated	2014	Not reported	Not reported	Not reported		Not listed	https://natura2000.eea.europa.eu/?query=Natura2000Sites_9883_0,SITECODE,HR3000453	European Environment Agency	2020-06-19	N2K_end2019_21-04-2020
1680	1680	349962			Krka - donji tok	Krka - donji tok	Significant Landscape (Croatia)	Značajni Krajobraz	National	MPA with a national statute	Marine Protected Area	Main	V - Protected landscape/seascape	{HRV}	{MAD}	1.01	14.92	33.59	33.58	3	44	Designated	1968	Not reported	Not reported	Not reported		Not listed	https://www.protectedplanet.net/349962	European Environment Agency	2020-06-18	CDDA_v18_29-05-2020
1681		555577740	HR1000026		Krka i okolni plato	Krka i okolni plato	Special Protection Area (Birds Directive)	Special Protection Area (Birds Directive)	Regional	Marine Natura 2000 site	Marine Protected Area	Not reported	Not reported	{HRV}	{MAD}	0.0	12.97	877.1	877.24	0	1	Designated	2013	Not reported	Not reported	Not reported		Not listed	https://natura2000.eea.europa.eu/?query=Natura2000Sites_9883_0,SITECODE,HR1000026	European Environment Agency	2020-06-19	N2K_end2019_21-04-2020
104		555578675	HR3000109		Krknjaši	Krknjaši	Site of Community Importance (Habitats Directive)	Site of Community Importance (Habitats Directive)	Regional	Marine Natura 2000 site	Marine Protected Area	Not reported	Not reported	{HRV}	{MAD}	0.38	0.32	0.38	0.38	100	84	Designated	2014	Not reported	Not reported	Not reported		Not listed	https://natura2000.eea.europa.eu/?query=Natura2000Sites_9883_0,SITECODE,HR3000109	European Environment Agency	2020-06-19	N2K_end2019_21-04-2020
105		555578762	HR3000444		Kukuljari	Kukuljari	Site of Community Importance (Habitats Directive)	Site of Community Importance (Habitats Directive)	Regional	Marine Natura 2000 site	Marine Protected Area	Not reported	Not reported	{HRV}	{MAD}	0.86	0.82	0.86	0.86	100	95	Designated	2014	Not reported	Not reported	Not reported		Not listed	https://natura2000.eea.europa.eu/?query=Natura2000Sites_9883_0,SITECODE,HR3000444	European Environment Agency	2020-06-19	N2K_end2019_21-04-2020
106		555577747	HR1000033		Kvarnerski otoci	Kvarnerski otoci	Special Protection Area (Birds Directive)	Special Protection Area (Birds Directive)	Regional	Marine Natura 2000 site	Marine Protected Area	Not reported	Not reported	{HRV}	{MAD}	159.81	140.88	1141.48	1140.84	14	12	Designated	2013	Not reported	Not reported	Not reported		Not listed	https://natura2000.eea.europa.eu/?query=Natura2000Sites_9883_0,SITECODE,HR1000033	European Environment Agency	2020-06-19	N2K_end2019_21-04-2020
107	107	377982			Labin, Rabac i uvala Prklog	Labin, Rabac i uvala Prklog	Significant Landscape (Croatia)	Značajni Krajobraz	National	MPA with a national statute	Marine Protected Area	Main	V - Protected landscape/seascape	{HRV}	{MAD}	2.96	2.73	13.47	13.46	22	20	Designated	1972	Not reported	Regional authorities (Counties)	Not reported		Not listed	https://www.protectedplanet.net/377982	European Environment Agency	2020-06-18	CDDA_v18_29-05-2020
108		555578809	HR4000027		Laguna kod Povljane - Sega	Laguna kod Povljane - Sega	Site of Community Importance (Habitats Directive)	Site of Community Importance (Habitats Directive)	Regional	Marine Natura 2000 site	Marine Protected Area	Not reported	Not reported	{HRV}	{MAD}	0.03	0.05	0.12	0.12	29	42	Designated	2014	Not reported	Not reported	Not reported		Not listed	https://natura2000.eea.europa.eu/?query=Natura2000Sites_9883_0,SITECODE,HR4000027	European Environment Agency	2020-06-19	N2K_end2019_21-04-2020
110		555578750	HR3000426		Lastovski i Mljetski kanal	Lastovski i Mljetski kanal	Site of Community Importance (Habitats Directive)	Site of Community Importance (Habitats Directive)	Regional	Marine Natura 2000 site	Marine Protected Area	Not reported	Not reported	{HRV}	{MAD}	1084.95	1077.16	1084.95	1085.07	100	99	Designated	2014	Not reported	Not reported	Not reported		Not listed	https://natura2000.eea.europa.eu/?query=Natura2000Sites_9883_0,SITECODE,HR3000426	European Environment Agency	2020-06-19	N2K_end2019_21-04-2020
109	109	378015			Lastovsko otoèje	Lastovsko otoèje	Nature Park (Croatia)	Park Prirode	National	MPA with a national statute	Marine Protected Area	Main	V - Protected landscape/seascape	{HRV}	{MAD}	144.83	140.53	195.72	195.75	74	72	Designated	2006	Local communities	"""Lastovo Archipelago Nature Park"" Public Institution"	Partially implemented		Not listed	www.pp-lastovo.hr	European Environment Agency	2020-06-18	CDDA_v18_29-05-2020
111	109	555577752	HR1000038		Lastovsko otočje	Lastovsko otočje	Special Protection Area (Birds Directive)	Special Protection Area (Birds Directive)	Regional	Marine Natura 2000 site	Marine Protected Area	Secondary	Not reported	{HRV}	{MAD}	142.88	140.56	195.72	195.76	73	72	Designated	2013	Not reported	Not reported	Not reported		Not listed	https://natura2000.eea.europa.eu/?query=Natura2000Sites_9883_0,SITECODE,HR1000038	European Environment Agency	2020-06-19	N2K_end2019_21-04-2020
114	112	555578577	HR3000001		Limski kanal - more	Limski kanal - more	Site of Community Importance (Habitats Directive)	Site of Community Importance (Habitats Directive)	Regional	Marine Natura 2000 site	Marine Protected Area	Secondary	Not reported	{HRV}	{MAD}	6.73	5.92	6.73	6.72	100	88	Designated	2014	Not reported	Not reported	Not reported		Not listed	https://natura2000.eea.europa.eu/?query=Natura2000Sites_9883_0,SITECODE,HR3000001	European Environment Agency	2020-06-19	N2K_end2019_21-04-2020
112	112	146756			Limski zaljev	Limski zaljev	Significant Landscape (Croatia)	Značajni Krajobraz	National	MPA with a national statute	Marine Protected Area	Main	V - Protected landscape/seascape	{HRV}	{MAD}	4.94	4.4	8.83	8.82	56	50	Designated	1964	Not reported	Regional authorities (Counties)	Not reported		Not listed	https://www.protectedplanet.net/146756	European Environment Agency	2020-06-18	CDDA_v18_29-05-2020
113	112	15636			Limski zaljev - rezervat	Limski zaljev - rezervat	Special Reserve (Croatia)	Posebni Rezervat	National	MPA with a national statute	Marine Protected Area	Secondary	IV - Habitat/species management area	{HRV}	{MAD}	4.21	3.69	4.29	4.29	98	86	Designated	1979	Not reported	"Public Institution ""Natura Histrica"""	Not reported		Not listed	https://www.protectedplanet.net/15636	European Environment Agency	2020-06-18	CDDA_v18_29-05-2020
116		555578619	HR3000046		Ljubačka vrata	Ljubačka vrata	Site of Community Importance (Habitats Directive)	Site of Community Importance (Habitats Directive)	Regional	Marine Natura 2000 site	Marine Protected Area	Not reported	Not reported	{HRV}	{MAD}	0.67	0.6	0.67	0.67	100	91	Designated	2014	Not reported	Not reported	Not reported		Not listed	https://natura2000.eea.europa.eu/?query=Natura2000Sites_9883_0,SITECODE,HR3000046	European Environment Agency	2020-06-19	N2K_end2019_21-04-2020
117		555578726	HR3000175		Ljubački zaljev	Ljubački zaljev	Site of Community Importance (Habitats Directive)	Site of Community Importance (Habitats Directive)	Regional	Marine Natura 2000 site	Marine Protected Area	Not reported	Not reported	{HRV}	{MAD}	7.86	7.53	7.86	7.86	100	96	Designated	2014	Not reported	Not reported	Not reported		Not listed	https://natura2000.eea.europa.eu/?query=Natura2000Sites_9883_0,SITECODE,HR3000175	European Environment Agency	2020-06-19	N2K_end2019_21-04-2020
1327		555578551	HR2001475		Ljubičica kod Handrake	Ljubičica kod Handrake	Site of Community Importance (Habitats Directive)	Site of Community Importance (Habitats Directive)	Regional	Marine Natura 2000 site	Marine Protected Area	Not reported	Not reported	{HRV}	{MAD}	0.01	0.0	0.01	0.01	100	0	Designated	2014	Not reported	Not reported	Not reported		Not listed	https://natura2000.eea.europa.eu/?query=Natura2000Sites_9883_0,SITECODE,HR2001475	European Environment Agency	2020-06-19	N2K_end2019_21-04-2020
118		555578804	HR4000017		Lokrum	Lokrum	Site of Community Importance (Habitats Directive)	Site of Community Importance (Habitats Directive)	Regional	Marine Natura 2000 site	Marine Protected Area	Not reported	Not reported	{HRV}	{MAD}	0.49	0.4	1.2	1.2	41	33	Designated	2014	Not reported	Not reported	Not reported		Not listed	https://natura2000.eea.europa.eu/?query=Natura2000Sites_9883_0,SITECODE,HR4000017	European Environment Agency	2020-06-19	N2K_end2019_21-04-2020
123		555578583	HR3000008		Lošinj - Vela i Mala draga	Lošinj - Vela i Mala draga	Site of Community Importance (Habitats Directive)	Site of Community Importance (Habitats Directive)	Regional	Marine Natura 2000 site	Marine Protected Area	Not reported	Not reported	{HRV}	{MAD}	0.09	0.05	0.09	0.09	100	56	Designated	2014	Not reported	Not reported	Not reported		Not listed	https://natura2000.eea.europa.eu/?query=Natura2000Sites_9883_0,SITECODE,HR3000008	European Environment Agency	2020-06-19	N2K_end2019_21-04-2020
119		555578586	HR3000011		Lošinj - uvala Balvanida	Lošinj - uvala Balvanida	Site of Community Importance (Habitats Directive)	Site of Community Importance (Habitats Directive)	Regional	Marine Natura 2000 site	Marine Protected Area	Not reported	Not reported	{HRV}	{MAD}	0.11	0.06	0.11	0.11	100	55	Designated	2014	Not reported	Not reported	Not reported		Not listed	https://natura2000.eea.europa.eu/?query=Natura2000Sites_9883_0,SITECODE,HR3000011	European Environment Agency	2020-06-19	N2K_end2019_21-04-2020
120		555578585	HR3000010		Lošinj - uvala Krivica	Lošinj - uvala Krivica	Site of Community Importance (Habitats Directive)	Site of Community Importance (Habitats Directive)	Regional	Marine Natura 2000 site	Marine Protected Area	Not reported	Not reported	{HRV}	{MAD}	0.12	0.08	0.12	0.12	100	67	Designated	2014	Not reported	Not reported	Not reported		Not listed	https://natura2000.eea.europa.eu/?query=Natura2000Sites_9883_0,SITECODE,HR3000010	European Environment Agency	2020-06-19	N2K_end2019_21-04-2020
121		555578587	HR3000012		Lošinj - uvala Pijeska	Lošinj - uvala Pijeska	Site of Community Importance (Habitats Directive)	Site of Community Importance (Habitats Directive)	Regional	Marine Natura 2000 site	Marine Protected Area	Not reported	Not reported	{HRV}	{MAD}	0.08	0.05	0.08	0.08	100	63	Designated	2014	Not reported	Not reported	Not reported		Not listed	https://natura2000.eea.europa.eu/?query=Natura2000Sites_9883_0,SITECODE,HR3000012	European Environment Agency	2020-06-19	N2K_end2019_21-04-2020
122		555578584	HR3000009		Lošinj - uvala Sunfarni	Lošinj - uvala Sunfarni	Site of Community Importance (Habitats Directive)	Site of Community Importance (Habitats Directive)	Regional	Marine Natura 2000 site	Marine Protected Area	Not reported	Not reported	{HRV}	{MAD}	0.11	0.05	0.11	0.11	100	45	Designated	2014	Not reported	Not reported	Not reported		Not listed	https://natura2000.eea.europa.eu/?query=Natura2000Sites_9883_0,SITECODE,HR3000009	European Environment Agency	2020-06-19	N2K_end2019_21-04-2020
125		555578635	HR3000067		Luka Soliščica; Dugi Otok	Luka Soliščica; Dugi Otok	Site of Community Importance (Habitats Directive)	Site of Community Importance (Habitats Directive)	Regional	Marine Natura 2000 site	Marine Protected Area	Not reported	Not reported	{HRV}	{MAD}	9.46	8.9	9.46	9.46	100	94	Designated	2014	Not reported	Not reported	Not reported		Not listed	https://natura2000.eea.europa.eu/?query=Natura2000Sites_9883_0,SITECODE,HR3000067	European Environment Agency	2020-06-19	N2K_end2019_21-04-2020
127		555578729	HR3000179		Lun - podmorje	Lun - podmorje	Site of Community Importance (Habitats Directive)	Site of Community Importance (Habitats Directive)	Regional	Marine Natura 2000 site	Marine Protected Area	Not reported	Not reported	{HRV}	{MAD}	12.18	10.64	12.18	12.17	100	87	Designated	2014	Not reported	Not reported	Not reported		Not listed	https://natura2000.eea.europa.eu/?query=Natura2000Sites_9883_0,SITECODE,HR3000179	European Environment Agency	2020-06-19	N2K_end2019_21-04-2020
128		555578603	HR3000030		M. Draga - Žrnovica	M. Draga - Žrnovica	Site of Community Importance (Habitats Directive)	Site of Community Importance (Habitats Directive)	Regional	Marine Natura 2000 site	Marine Protected Area	Not reported	Not reported	{HRV}	{MAD}	0.66	0.52	0.66	0.66	100	79	Designated	2014	Not reported	Not reported	Not reported		Not listed	https://natura2000.eea.europa.eu/?query=Natura2000Sites_9883_0,SITECODE,HR3000030	European Environment Agency	2020-06-19	N2K_end2019_21-04-2020
129		555578594	HR3000020		Mala i Vela luka na poluotoku Sokol, Krk	Mala i Vela luka na poluotoku Sokol, Krk	Site of Community Importance (Habitats Directive)	Site of Community Importance (Habitats Directive)	Regional	Marine Natura 2000 site	Marine Protected Area	Not reported	Not reported	{HRV}	{MAD}	1.95	1.67	1.95	1.95	100	86	Designated	2014	Not reported	Not reported	Not reported		Not listed	https://natura2000.eea.europa.eu/?query=Natura2000Sites_9883_0,SITECODE,HR3000020	European Environment Agency	2020-06-19	N2K_end2019_21-04-2020
130	130	16179			Malostonski zaljev	Malostonski zaljev	Special Reserve (Croatia)	Posebni Rezervat	National	MPA with a national statute	Marine Protected Area	Main	IV - Habitat/species management area	{HRV}	{MAD}	56.62	54.96	148.99	148.99	38	37	Designated	1983	Government-delegated management	Public Institution for the Management of protected natural areas of Dubrovnik-Neretva County	Inexistent		Not listed	https://www.protectedplanet.net/16179	European Environment Agency	2020-06-18	CDDA_v18_29-05-2020
131	130	555578802	HR4000015		Malostonski zaljev	Malostonski zaljev	Site of Community Importance (Habitats Directive)	Site of Community Importance (Habitats Directive)	Regional	Marine Natura 2000 site	Marine Protected Area	Secondary	Not reported	{HRV}	{MAD}	57.17	54.44	57.17	57.17	100	95	Designated	2014	Not reported	Not reported	Not reported		Not listed	https://natura2000.eea.europa.eu/?query=Natura2000Sites_9883_0,SITECODE,HR4000015	European Environment Agency	2020-06-19	N2K_end2019_21-04-2020
132		555578724	HR3000173		Medulinski zaljev	Medulinski zaljev	Site of Community Importance (Habitats Directive)	Site of Community Importance (Habitats Directive)	Regional	Marine Natura 2000 site	Marine Protected Area	Not reported	Not reported	{HRV}	{MAD}	21.75	20.4	21.75	21.74	100	94	Designated	2014	Not reported	Not reported	Not reported		Not listed	https://natura2000.eea.europa.eu/?query=Natura2000Sites_9883_0,SITECODE,HR3000173	European Environment Agency	2020-06-19	N2K_end2019_21-04-2020
1758	1758	81197			Medvidina Pecina	Medvidina Peæina	Natural Monument (Croatia)	Spomenik Prirode	National	MPA with a national statute	Marine Protected Area	Main	Not reported	{HRV}	{MAD}				0.0			Designated	1967	Federal or national ministry or agency	Not reported	Not reported		Not listed	https://www.protectedplanet.net/81197	European Environment Agency	2021-01-21	CDDA_v18_29-05-2020 (1 meter buffer made by MedPAN to change the type of geometry: point to polygon)
1328		555578552	HR2001476		Medvjedina špilja	Medvjedina špilja	Site of Community Importance (Habitats Directive)	Site of Community Importance (Habitats Directive)	Regional	Marine Natura 2000 site	Marine Protected Area	Not reported	Not reported	{HRV}	{MAD}	0.01	0.01	0.01	0.01	100	100	Designated	2014	Not reported	Not reported	Not reported		Not listed	https://natura2000.eea.europa.eu/?query=Natura2000Sites_9883_0,SITECODE,HR2001476	European Environment Agency	2020-06-19	N2K_end2019_21-04-2020
1335		555578731	HR3000198		Medvjeđa pećina kod uvale Lučica (Lošinj)	Medvjeđa pećina kod uvale Lučica (Lošinj)	Site of Community Importance (Habitats Directive)	Site of Community Importance (Habitats Directive)	Regional	Marine Natura 2000 site	Marine Protected Area	Not reported	Not reported	{HRV}	{MAD}	0.01	0.01	0.01	0.01	100	100	Designated	2014	Not reported	Not reported	Not reported		Not listed	https://natura2000.eea.europa.eu/?query=Natura2000Sites_9883_0,SITECODE,HR3000198	European Environment Agency	2020-06-19	N2K_end2019_21-04-2020
1349		555578764	HR3000446		Medvjeđa špilja (morska)	Medvjeđa špilja (morska)	Site of Community Importance (Habitats Directive)	Site of Community Importance (Habitats Directive)	Regional	Marine Natura 2000 site	Marine Protected Area	Not reported	Not reported	{HRV}	{MAD}	0.01	0.0	0.01	0.01	100	0	Designated	2014	Not reported	Not reported	Not reported		Not listed	https://natura2000.eea.europa.eu/?query=Natura2000Sites_9883_0,SITECODE,HR3000446	European Environment Agency	2020-06-19	N2K_end2019_21-04-2020
133		555578669	HR3000103		Merara	Merara	Site of Community Importance (Habitats Directive)	Site of Community Importance (Habitats Directive)	Regional	Marine Natura 2000 site	Marine Protected Area	Not reported	Not reported	{HRV}	{MAD}	0.09	0.08	0.09	0.09	100	89	Designated	2014	Not reported	Not reported	Not reported		Not listed	https://natura2000.eea.europa.eu/?query=Natura2000Sites_9883_0,SITECODE,HR3000103	European Environment Agency	2020-06-19	N2K_end2019_21-04-2020
134	134	2520			Mljet	Mljet	National Park (Croatia)	Nacionalni Park	National	MPA with a national statute	Marine Protected Area	Main	II - National park	{HRV}	{MAD}	24.32	20.62	52.88	52.88	46	39	Designated	1960	Local communities	"Public Institution ""Mljet National Park"""	Inexistent		Not listed	http://np-mljet.hr	European Environment Agency	2020-06-18	CDDA_v18_29-05-2020
1324	1324	81178			Modra spilja	Modra spilja	Natural Monument (Croatia)	Spomenik Prirode	National	MPA with a national statute	Marine Protected Area	Main	Not reported	{HRV}	{MAD}	0.0	0.0	0.02	0.02	0	0	Designated	1951	Government-delegated management	"Public Institution for Management of protected areas in the County of Split-Dalmatia ""Sea and Karst"""	Inexistent		Not listed	https://www.protectedplanet.net/81178	European Environment Agency	2020-06-18	CDDA_v18_29-05-2020
135		555578625	HR3000056		More oko otoka Grujica	More oko otoka Grujica	Site of Community Importance (Habitats Directive)	Site of Community Importance (Habitats Directive)	Regional	Marine Natura 2000 site	Marine Protected Area	Not reported	Not reported	{HRV}	{MAD}	0.64	0.62	0.64	0.64	100	97	Designated	2014	Not reported	Not reported	Not reported		Not listed	https://natura2000.eea.europa.eu/?query=Natura2000Sites_9883_0,SITECODE,HR3000056	European Environment Agency	2020-06-19	N2K_end2019_21-04-2020
136		555578628	HR3000060		More oko otoka Škarda	More oko otoka Škarda	Site of Community Importance (Habitats Directive)	Site of Community Importance (Habitats Directive)	Regional	Marine Natura 2000 site	Marine Protected Area	Not reported	Not reported	{HRV}	{MAD}	5.23	4.82	5.23	5.22	100	92	Designated	2014	Not reported	Not reported	Not reported		Not listed	https://natura2000.eea.europa.eu/?query=Natura2000Sites_9883_0,SITECODE,HR3000060	European Environment Agency	2020-06-19	N2K_end2019_21-04-2020
137		555578776	HR3000460		Morinjski zaljev	Morinjski zaljev	Site of Community Importance (Habitats Directive)	Site of Community Importance (Habitats Directive)	Regional	Marine Natura 2000 site	Marine Protected Area	Not reported	Not reported	{HRV}	{MAD}	2.04	1.65	2.04	2.04	100	81	Designated	2014	Not reported	Not reported	Not reported		Not listed	https://natura2000.eea.europa.eu/?query=Natura2000Sites_9883_0,SITECODE,HR3000460	European Environment Agency	2020-06-19	N2K_end2019_21-04-2020
138		555578678	HR3000112		Mrduja	Mrduja	Site of Community Importance (Habitats Directive)	Site of Community Importance (Habitats Directive)	Regional	Marine Natura 2000 site	Marine Protected Area	Not reported	Not reported	{HRV}	{MAD}	0.82	0.71	0.82	0.83	100	87	Designated	2014	Not reported	Not reported	Not reported		Not listed	https://natura2000.eea.europa.eu/?query=Natura2000Sites_9883_0,SITECODE,HR3000112	European Environment Agency	2020-06-19	N2K_end2019_21-04-2020
139		555578670	HR3000104		Muljica V. more	Muljica V. more	Site of Community Importance (Habitats Directive)	Site of Community Importance (Habitats Directive)	Regional	Marine Natura 2000 site	Marine Protected Area	Not reported	Not reported	{HRV}	{MAD}	0.08	0.07	0.08	0.08	100	88	Designated	2014	Not reported	Not reported	Not reported		Not listed	https://natura2000.eea.europa.eu/?query=Natura2000Sites_9883_0,SITECODE,HR3000104	European Environment Agency	2020-06-19	N2K_end2019_21-04-2020
141		555578763	HR3000445		Murterski kanal	Murterski kanal	Site of Community Importance (Habitats Directive)	Site of Community Importance (Habitats Directive)	Regional	Marine Natura 2000 site	Marine Protected Area	Not reported	Not reported	{HRV}	{MAD}	5.96	5.66	5.96	5.96	100	95	Designated	2014	Not reported	Public Institution for Management of protected areas in Šibenik-Knin County	Not reported		Not listed	https://natura2000.eea.europa.eu/?query=Natura2000Sites_9883_0,SITECODE,HR3000445	European Environment Agency	2020-06-19	N2K_end2019_21-04-2020
142		555578672	HR3000106		Murvica	Murvica	Site of Community Importance (Habitats Directive)	Site of Community Importance (Habitats Directive)	Regional	Marine Natura 2000 site	Marine Protected Area	Not reported	Not reported	{HRV}	{MAD}	0.07	0.07	0.07	0.07	100	100	Designated	2014	Not reported	Not reported	Not reported		Not listed	https://natura2000.eea.europa.eu/?query=Natura2000Sites_9883_0,SITECODE,HR3000106	European Environment Agency	2020-06-19	N2K_end2019_21-04-2020
151		555577749	HR1000035		NP Kornati i PP Telašćica	NP Kornati i PP Telašćica	Special Protection Area (Birds Directive)	Special Protection Area (Birds Directive)	Regional	Marine Natura 2000 site	Marine Protected Area	Not reported	Not reported	{HRV}	{MAD}	211.42	202.18	285.7	285.69	74	71	Designated	2013	Not reported	Not reported	Not reported		Not listed	https://natura2000.eea.europa.eu/?query=Natura2000Sites_9883_0,SITECODE,HR1000035	European Environment Agency	2020-06-19	N2K_end2019_21-04-2020
143		555578202	HR2000604		Nacionalni park Brijuni	Nacionalni park Brijuni	Special Area of Conservation (Habitats Directive)	Special Area of Conservation (Habitats Directive)	Regional	Marine Natura 2000 site	Marine Protected Area	Not reported	Not reported	{HRV}	{MAD}	26.52	25.56	34.0	33.97	78	75	Designated	2014	Government-delegated management	"Public Institution ""Brijuni National Park"""	Not reported		Not listed	https://natura2000.eea.europa.eu/?query=Natura2000Sites_9883_0,SITECODE,HR2000604	European Environment Agency	2020-06-19	N2K_end2019_21-04-2020
144		555578793	HR4000001		Nacionalni park Kornati	Nacionalni park Kornati	Site of Community Importance (Habitats Directive)	Site of Community Importance (Habitats Directive)	Regional	Marine Natura 2000 site	Marine Protected Area	Not reported	Not reported	{HRV}	{MAD}	166.1	159.71	215.71	215.71	77	74	Designated	2014	Not reported	Not reported	Not reported		Not listed	https://natura2000.eea.europa.eu/?query=Natura2000Sites_9883_0,SITECODE,HR4000001	European Environment Agency	2020-06-19	N2K_end2019_21-04-2020
145	134	555578824	HR5000037		Nacionalni park Mljet	Nacionalni park Mljet	Special Area of Conservation (Habitats Directive)	Special Area of Conservation (Habitats Directive)	Regional	Marine Natura 2000 site	Marine Protected Area	Secondary	Not reported	{HRV}	{MAD}	24.32	20.62	52.88	52.88	46	39	Designated	2014	Not reported	Not reported	Not reported		Not listed	https://natura2000.eea.europa.eu/?query=Natura2000Sites_9883_0,SITECODE,HR5000037	European Environment Agency	2020-06-19	N2K_end2019_21-04-2020
146	146	81115			Neretva Delta	Ušće Neretve	Special Reserve (Croatia)	Posebni Rezervat	National	MPA with a national statute	Marine Protected Area	Main	IV - Habitat/species management area	{HRV}	{MAD}		5.21	7.76	7.76		67	Designated	1974	Sub-national ministry or agency	Public Institution for the Management of protected natural areas of Dubrovnik-Neretva County	In preparation / Not implemented		Not listed	https://www.protectedplanet.net/81115	Ministry of Economy and Sustainable development (Croatia)	2022-02-21	GIS layer received from the Ministry of Economy and Sustainable development the 17/11/2020
147		67869		585	Neretva River Delta	Neretva River Delta	Ramsar site	Ramsar site	International	Ramsar site	Site of conservation interest	Not reported	Not reported	{HRV}	{MAD}	10.08	10.31	127.42	129.23	8	8	Designated	1992	Not reported	Not reported	Not reported		Not listed	https://rsis.ramsar.org/ris/585	Ramsar Sites Information Service	2020-06-22	Ramsar_21-04-2020
1329		555578553	HR2001477		Nevjestina špilja	Nevjestina špilja	Site of Community Importance (Habitats Directive)	Site of Community Importance (Habitats Directive)	Regional	Marine Natura 2000 site	Marine Protected Area	Not reported	Not reported	{HRV}	{MAD}	0.01	0.0	0.01	0.01	100	0	Designated	2014	Not reported	Not reported	Not reported		Not listed	https://natura2000.eea.europa.eu/?query=Natura2000Sites_9883_0,SITECODE,HR2001477	European Environment Agency	2020-06-19	N2K_end2019_21-04-2020
148		555578727	HR3000176		Ninski zaljev	Ninski zaljev	Site of Community Importance (Habitats Directive)	Site of Community Importance (Habitats Directive)	Regional	Marine Natura 2000 site	Marine Protected Area	Not reported	Not reported	{HRV}	{MAD}	22.59	22.01	22.59	22.58	100	97	Designated	2014	Not reported	Not reported	Not reported		Not listed	https://natura2000.eea.europa.eu/?query=Natura2000Sites_9883_0,SITECODE,HR3000176	European Environment Agency	2020-06-19	N2K_end2019_21-04-2020
150			HR4000030		Novigradsko i Karinsko more	Novigradsko i Karinsko more	Site of Community Importance (Habitats Directive)	Site of Community Importance (Habitats Directive)	Regional	Marine Natura 2000 site	Marine Protected Area	Not reported	Not reported	{HRV}	{MAD}	35.89	34.57	37.39	37.39	96	92	Designated	2014	Not reported	Not reported	Not reported		Not listed	https://natura2000.eea.europa.eu/?query=Natura2000Sites_9883_0,SITECODE,HR4000030	European Environment Agency	2020-06-19	N2K_end2019_21-04-2020
152			HR3000029		Obala između rta Šilo i Vodotoč	Obala između rta Šilo i Vodotoč	Site of Community Importance (Habitats Directive)	Site of Community Importance (Habitats Directive)	Regional	Marine Natura 2000 site	Marine Protected Area	Not reported	Not reported	{HRV}	{MAD}	5.24	4.3	5.24	5.24	100	82	Designated	2014	Not reported	Not reported	Not reported		Not listed	https://natura2000.eea.europa.eu/?query=Natura2000Sites_9883_0,SITECODE,HR3000029	European Environment Agency	2020-06-19	N2K_end2019_21-04-2020
153			HR3000172		Obalna linija od luke Gonoturska do rta Vratnički	Obalna linija od luke Gonoturska do rta Vratnički	Site of Community Importance (Habitats Directive)	Site of Community Importance (Habitats Directive)	Regional	Marine Natura 2000 site	Marine Protected Area	Not reported	Not reported	{HRV}	{MAD}	42.63	40.99	42.63	42.63	100	96	Designated	2014	Not reported	Not reported	Not reported		Not listed	https://natura2000.eea.europa.eu/?query=Natura2000Sites_9883_0,SITECODE,HR3000172	European Environment Agency	2020-06-19	N2K_end2019_21-04-2020
155			HR3000052		Olib - podmorje	Olib - podmorje	Site of Community Importance (Habitats Directive)	Site of Community Importance (Habitats Directive)	Regional	Marine Natura 2000 site	Marine Protected Area	Not reported	Not reported	{HRV}	{MAD}	5.72	5.54	5.72	5.72	100	97	Designated	2014	Not reported	Not reported	Not reported		Not listed	https://natura2000.eea.europa.eu/?query=Natura2000Sites_9883_0,SITECODE,HR3000052	European Environment Agency	2020-06-19	N2K_end2019_21-04-2020
156			HR3000125		Osejava	Osejava	Site of Community Importance (Habitats Directive)	Site of Community Importance (Habitats Directive)	Regional	Marine Natura 2000 site	Marine Protected Area	Not reported	Not reported	{HRV}	{MAD}	0.16	0.15	0.16	0.16	100	94	Designated	2014	Not reported	Not reported	Not reported		Not listed	https://natura2000.eea.europa.eu/?query=Natura2000Sites_9883_0,SITECODE,HR3000125	European Environment Agency	2020-06-19	N2K_end2019_21-04-2020
159			HR3000114		Otoci Lukavci	Otoci Lukavci	Site of Community Importance (Habitats Directive)	Site of Community Importance (Habitats Directive)	Regional	Marine Natura 2000 site	Marine Protected Area	Not reported	Not reported	{HRV}	{MAD}	0.66	0.66	0.66	0.66	100	99	Designated	2014	Not reported	Not reported	Not reported		Not listed	https://natura2000.eea.europa.eu/?query=Natura2000Sites_9883_0,SITECODE,HR3000114	European Environment Agency	2020-06-19	N2K_end2019_21-04-2020
160			HR3000107		Otoci Orud i Mačaknar	Otoci Orud i Mačaknar	Site of Community Importance (Habitats Directive)	Site of Community Importance (Habitats Directive)	Regional	Marine Natura 2000 site	Marine Protected Area	Not reported	Not reported	{HRV}	{MAD}	0.78	0.69	0.78	0.78	100	88	Designated	2014	Not reported	Not reported	Not reported		Not listed	https://natura2000.eea.europa.eu/?query=Natura2000Sites_9883_0,SITECODE,HR3000107	European Environment Agency	2020-06-19	N2K_end2019_21-04-2020
161			HR3000462		Otoci rovinjskog područja - podmorje	Otoci rovinjskog područja - podmorje	Site of Community Importance (Habitats Directive)	Site of Community Importance (Habitats Directive)	Regional	Marine Natura 2000 site	Marine Protected Area	Not reported	Not reported	{HRV}	{MAD}	1.25	1.12	1.25	1.24	100	90	Designated	2014	Not reported	Not reported	Not reported		Not listed	https://natura2000.eea.europa.eu/?query=Natura2000Sites_9883_0,SITECODE,HR3000462	European Environment Agency	2020-06-19	N2K_end2019_21-04-2020
162			HR3000059		Otoci Škrda i Maun	Otoci Škrda i Maun	Site of Community Importance (Habitats Directive)	Site of Community Importance (Habitats Directive)	Regional	Marine Natura 2000 site	Marine Protected Area	Not reported	Not reported	{HRV}	{MAD}	6.07	5.18	6.07	6.07	100	85	Designated	2014	Not reported	Not reported	Not reported		Not listed	https://natura2000.eea.europa.eu/?query=Natura2000Sites_9883_0,SITECODE,HR3000059	European Environment Agency	2020-06-19	N2K_end2019_21-04-2020
171			HR3000135		Otok Hvar - od Uvale Dubovica do rta Nedjelja	Otok Hvar - od Uvale Dubovica do rta Nedjelja	Site of Community Importance (Habitats Directive)	Site of Community Importance (Habitats Directive)	Regional	Marine Natura 2000 site	Marine Protected Area	Not reported	Not reported	{HRV}	{MAD}	1.05	0.96	1.05	1.05	100	91	Designated	2014	Not reported	Not reported	Not reported		Not listed	https://natura2000.eea.europa.eu/?query=Natura2000Sites_9883_0,SITECODE,HR3000135	European Environment Agency	2020-06-19	N2K_end2019_21-04-2020
172			HR3000100		Otok Jabuka - podmorje	Otok Jabuka - podmorje	Site of Community Importance (Habitats Directive)	Site of Community Importance (Habitats Directive)	Regional	Marine Natura 2000 site	Marine Protected Area	Not reported	Not reported	{HRV}	{MAD}	1.13	1.13	1.13	1.13	100	100	Designated	2014	Not reported	Not reported	Not reported		Not listed	https://natura2000.eea.europa.eu/?query=Natura2000Sites_9883_0,SITECODE,HR3000100	European Environment Agency	2020-06-19	N2K_end2019_21-04-2020
173			HR3000075		Otok Jidula do rt Ovčjak; prolaz V. Ždrelac	Otok Jidula do rt Ovčjak; prolaz V. Ždrelac	Site of Community Importance (Habitats Directive)	Site of Community Importance (Habitats Directive)	Regional	Marine Natura 2000 site	Marine Protected Area	Not reported	Not reported	{HRV}	{MAD}	2.83	2.78	2.83	2.83	100	98	Designated	2014	Not reported	Not reported	Not reported		Not listed	https://natura2000.eea.europa.eu/?query=Natura2000Sites_9883_0,SITECODE,HR3000075	European Environment Agency	2020-06-19	N2K_end2019_21-04-2020
174			HR3000079		Otok Karantunić	Otok Karantunić	Site of Community Importance (Habitats Directive)	Site of Community Importance (Habitats Directive)	Regional	Marine Natura 2000 site	Marine Protected Area	Not reported	Not reported	{HRV}	{MAD}	0.17	0.15	0.17	0.17	100	88	Designated	2014	Not reported	Not reported	Not reported		Not listed	https://natura2000.eea.europa.eu/?query=Natura2000Sites_9883_0,SITECODE,HR3000079	European Environment Agency	2020-06-19	N2K_end2019_21-04-2020
175			HR3000153		Otok Korčula - od uvale Poplat do Vrhovnjaka	Otok Korčula - od uvale Poplat do Vrhovnjaka	Site of Community Importance (Habitats Directive)	Site of Community Importance (Habitats Directive)	Regional	Marine Natura 2000 site	Marine Protected Area	Not reported	Not reported	{HRV}	{MAD}	19.03	16.45	19.03	19.04	100	86	Designated	2014	Not reported	Not reported	Not reported		Not listed	https://natura2000.eea.europa.eu/?query=Natura2000Sites_9883_0,SITECODE,HR3000153	European Environment Agency	2020-06-19	N2K_end2019_21-04-2020
177			HR3000152		Otok Proizd i Privala na Korčuli	Otok Proizd i Privala na Korčuli	Site of Community Importance (Habitats Directive)	Site of Community Importance (Habitats Directive)	Regional	Marine Natura 2000 site	Marine Protected Area	Not reported	Not reported	{HRV}	{MAD}	6.39	6.14	6.39	6.39	100	96	Designated	2014	Not reported	Not reported	Not reported		Not listed	https://natura2000.eea.europa.eu/?query=Natura2000Sites_9883_0,SITECODE,HR3000152	European Environment Agency	2020-06-19	N2K_end2019_21-04-2020
181			HR3000078		Otok Tukošćak i o. Mrtonjak	Otok Tukošćak i o. Mrtonjak	Site of Community Importance (Habitats Directive)	Site of Community Importance (Habitats Directive)	Regional	Marine Natura 2000 site	Marine Protected Area	Not reported	Not reported	{HRV}	{MAD}	0.34	0.27	0.34	0.34	100	79	Designated	2014	Not reported	Not reported	Not reported		Not listed	https://natura2000.eea.europa.eu/?query=Natura2000Sites_9883_0,SITECODE,HR3000078	European Environment Agency	2020-06-19	N2K_end2019_21-04-2020
183			HR3000097		Otok Vis - podmorje	Otok Vis - podmorje	Site of Community Importance (Habitats Directive)	Site of Community Importance (Habitats Directive)	Regional	Marine Natura 2000 site	Marine Protected Area	Not reported	Not reported	{HRV}	{MAD}	29.77	27.64	29.77	29.78	100	93	Designated	2014	Not reported	Not reported	Not reported		Not listed	https://natura2000.eea.europa.eu/?query=Natura2000Sites_9883_0,SITECODE,HR3000097	European Environment Agency	2020-06-19	N2K_end2019_21-04-2020
184			HR3000085		Otok Vrgada SI strana s o. Kozina	Otok Vrgada SI strana s o. Kozina	Site of Community Importance (Habitats Directive)	Site of Community Importance (Habitats Directive)	Regional	Marine Natura 2000 site	Marine Protected Area	Not reported	Not reported	{HRV}	{MAD}	2.62	2.44	2.62	2.62	100	93	Designated	2014	Not reported	Not reported	Not reported		Not listed	https://natura2000.eea.europa.eu/?query=Natura2000Sites_9883_0,SITECODE,HR3000085	European Environment Agency	2020-06-19	N2K_end2019_21-04-2020
185			HR4000031		Otok Zeča	Otok Zeča	Site of Community Importance (Habitats Directive)	Site of Community Importance (Habitats Directive)	Regional	Marine Natura 2000 site	Marine Protected Area	Not reported	Not reported	{HRV}	{MAD}	2.68	2.38	5.25	5.25	51	45	Designated	2014	Not reported	Not reported	Not reported		Not listed	https://natura2000.eea.europa.eu/?query=Natura2000Sites_9883_0,SITECODE,HR4000031	European Environment Agency	2020-06-19	N2K_end2019_21-04-2020
163			HR3000474		Otočić Drvenik	Otočić Drvenik	Site of Community Importance (Habitats Directive)	Site of Community Importance (Habitats Directive)	Regional	Marine Natura 2000 site	Marine Protected Area	Not reported	Not reported	{HRV}	{MAD}	0.28	0.22	0.28	0.28	100	79	Designated	2014	Not reported	Not reported	Not reported		Not listed	https://natura2000.eea.europa.eu/?query=Natura2000Sites_9883_0,SITECODE,HR3000474	European Environment Agency	2020-06-19	N2K_end2019_21-04-2020
164			HR3000122		Otočić Galijula	Otočić Galijula	Site of Community Importance (Habitats Directive)	Site of Community Importance (Habitats Directive)	Regional	Marine Natura 2000 site	Marine Protected Area	Not reported	Not reported	{HRV}	{MAD}	0.89	0.89	0.89	0.89	100	100	Designated	2014	Not reported	Not reported	Not reported		Not listed	https://natura2000.eea.europa.eu/?query=Natura2000Sites_9883_0,SITECODE,HR3000122	European Environment Agency	2020-06-19	N2K_end2019_21-04-2020
187			HR3000040		Pag - od uvale Luka V. do rta Krištofor	Pag - od uvale Luka V. do rta Krištofor	Site of Community Importance (Habitats Directive)	Site of Community Importance (Habitats Directive)	Regional	Marine Natura 2000 site	Marine Protected Area	Not reported	Not reported	{HRV}	{MAD}	3.68	3.19	3.68	3.68	100	87	Designated	2014	Not reported	Not reported	Not reported		Not listed	https://natura2000.eea.europa.eu/?query=Natura2000Sites_9883_0,SITECODE,HR3000040	European Environment Agency	2020-06-19	N2K_end2019_21-04-2020
188			HR3000095		Pakleni otoci	Pakleni otoci	Site of Community Importance (Habitats Directive)	Site of Community Importance (Habitats Directive)	Regional	Marine Natura 2000 site	Marine Protected Area	Not reported	Not reported	{HRV}	{MAD}	19.97	18.82	19.97	19.97	100	94	Designated	2014	Not reported	Not reported	Not reported		Not listed	https://natura2000.eea.europa.eu/?query=Natura2000Sites_9883_0,SITECODE,HR3000095	European Environment Agency	2020-06-19	N2K_end2019_21-04-2020
190			HR3000121		Palagruža - podmorje I	Palagruža - podmorje I	Site of Community Importance (Habitats Directive)	Site of Community Importance (Habitats Directive)	Regional	Marine Natura 2000 site	Marine Protected Area	Not reported	Not reported	{HRV}	{MAD}	4.05	3.87	4.05	4.06	100	95	Designated	2014	Not reported	Not reported	Not reported		Not listed	https://natura2000.eea.europa.eu/?query=Natura2000Sites_9883_0,SITECODE,HR3000121	European Environment Agency	2020-06-19	N2K_end2019_21-04-2020
191	193		HR3000430		Pantan	Pantan	Site of Community Importance (Habitats Directive)	Site of Community Importance (Habitats Directive)	Regional	Marine Natura 2000 site	Marine Protected Area	Secondary	Not reported	{HRV}	{MAD}	0.15	0.07	0.48	0.48	31	15	Designated	2014	Not reported	Not reported	Not reported		Not listed	https://natura2000.eea.europa.eu/?query=Natura2000Sites_9883_0,SITECODE,HR3000430	European Environment Agency	2020-06-19	N2K_end2019_21-04-2020
193	193	377856			Pantan	Pantan	Special Reserve (Croatia)	Posebni Rezervat	National	MPA with a national statute	Marine Protected Area	Main	IV - Habitat/species management area	{HRV}	{MAD}	0.12	0.04	0.45	0.45	26	9	Designated	2001	Government-delegated management	"Public Institution for Management of protected areas in the County of Split-Dalmatia ""Sea and Karst"""	Inexistent		Not listed	https://www.protectedplanet.net/377856	European Environment Agency	2020-06-18	CDDA_v18_29-05-2020
192			HR3000459		Pantan - Divulje	Pantan - Divulje	Site of Community Importance (Habitats Directive)	Site of Community Importance (Habitats Directive)	Regional	Marine Natura 2000 site	Marine Protected Area	Not reported	Not reported	{HRV}	{MAD}	0.9	0.77	0.9	0.9	100	86	Designated	2014	Not reported	Not reported	Not reported		Not listed	https://natura2000.eea.europa.eu/?query=Natura2000Sites_9883_0,SITECODE,HR3000459	European Environment Agency	2020-06-19	N2K_end2019_21-04-2020
194	109	555578825	HR5000038		Park prirode Lastovsko otočje	Park prirode Lastovsko otočje	Special Area of Conservation (Habitats Directive)	Special Area of Conservation (Habitats Directive)	Regional	Marine Natura 2000 site	Marine Protected Area	Secondary	Not reported	{HRV}	{MAD}	142.88	140.56	195.72	195.75	73	72	Designated	2014	Not reported	Not reported	Not reported		Not listed	https://natura2000.eea.europa.eu/?query=Natura2000Sites_9883_0,SITECODE,HR5000038	European Environment Agency	2020-06-19	N2K_end2019_21-04-2020
195	264	555578794	HR4000002		Park prirode Telašćica	Park prirode Telašćica	Site of Community Importance (Habitats Directive)	Site of Community Importance (Habitats Directive)	Regional	Marine Natura 2000 site	Marine Protected Area	Secondary	Not reported	{HRV}	{MAD}	44.79	42.47	69.99	69.99	64	61	Designated	2014	Not reported	Not reported	Not reported		Not listed	https://natura2000.eea.europa.eu/?query=Natura2000Sites_9883_0,SITECODE,HR4000002	European Environment Agency	2020-06-19	N2K_end2019_21-04-2020
200		555578713	HR3000156		Pavja luka	Pavja luka	Site of Community Importance (Habitats Directive)	Site of Community Importance (Habitats Directive)	Regional	Marine Natura 2000 site	Marine Protected Area	Not reported	Not reported	{HRV}	{MAD}	0.09	0.03	0.09	0.09	100	33	Designated	2014	Not reported	Not reported	Not reported		Not listed	https://natura2000.eea.europa.eu/?query=Natura2000Sites_9883_0,SITECODE,HR3000156	European Environment Agency	2020-06-19	N2K_end2019_21-04-2020
197		555578614	HR3000041		Paška vrata	Paška vrata	Site of Community Importance (Habitats Directive)	Site of Community Importance (Habitats Directive)	Regional	Marine Natura 2000 site	Marine Protected Area	Not reported	Not reported	{HRV}	{MAD}	3.55	3.33	3.55	3.55	100	94	Designated	2014	Not reported	Not reported	Not reported		Not listed	https://natura2000.eea.europa.eu/?query=Natura2000Sites_9883_0,SITECODE,HR3000041	European Environment Agency	2020-06-19	N2K_end2019_21-04-2020
201		555578681	HR3000115		Pelegrin - podmorje	Pelegrin - podmorje	Site of Community Importance (Habitats Directive)	Site of Community Importance (Habitats Directive)	Regional	Marine Natura 2000 site	Marine Protected Area	Not reported	Not reported	{HRV}	{MAD}	1.73	1.38	1.73	1.73	100	80	Designated	2014	Not reported	Not reported	Not reported		Not listed	https://natura2000.eea.europa.eu/?query=Natura2000Sites_9883_0,SITECODE,HR3000115	European Environment Agency	2020-06-19	N2K_end2019_21-04-2020
202		555578708	HR3000150		Pelješac - od uvale Rasoka do rta Osičac	Pelješac - od uvale Rasoka do rta Osičac	Site of Community Importance (Habitats Directive)	Site of Community Importance (Habitats Directive)	Regional	Marine Natura 2000 site	Marine Protected Area	Not reported	Not reported	{HRV}	{MAD}	10.23	9.59	10.23	10.23	100	94	Designated	2014	Not reported	Not reported	Not reported		Not listed	https://natura2000.eea.europa.eu/?query=Natura2000Sites_9883_0,SITECODE,HR3000150	European Environment Agency	2020-06-19	N2K_end2019_21-04-2020
203		555578626	HR3000058		Planik i Planičić	Planik i Planičić	Site of Community Importance (Habitats Directive)	Site of Community Importance (Habitats Directive)	Regional	Marine Natura 2000 site	Marine Protected Area	Not reported	Not reported	{HRV}	{MAD}	3.79	3.57	3.79	3.78	100	94	Designated	2014	Not reported	Not reported	Not reported		Not listed	https://natura2000.eea.europa.eu/?query=Natura2000Sites_9883_0,SITECODE,HR3000058	European Environment Agency	2020-06-19	N2K_end2019_21-04-2020
204		555578629	HR3000061		Plićine oko Maslinjaka; Vodenjaka, Kamenjaka	Plićine oko Maslinjaka; Vodenjaka, Kamenjaka	Site of Community Importance (Habitats Directive)	Site of Community Importance (Habitats Directive)	Regional	Marine Natura 2000 site	Marine Protected Area	Not reported	Not reported	{HRV}	{MAD}	2.95	2.86	2.95	2.95	100	97	Designated	2014	Not reported	Not reported	Not reported		Not listed	https://natura2000.eea.europa.eu/?query=Natura2000Sites_9883_0,SITECODE,HR3000061	European Environment Agency	2020-06-19	N2K_end2019_21-04-2020
205		555578630	HR3000062		Plićine oko Tramerke	Plićine oko Tramerke	Site of Community Importance (Habitats Directive)	Site of Community Importance (Habitats Directive)	Regional	Marine Natura 2000 site	Marine Protected Area	Not reported	Not reported	{HRV}	{MAD}	12.86	12.74	12.86	12.86	100	99	Designated	2014	Not reported	Not reported	Not reported		Not listed	https://natura2000.eea.europa.eu/?query=Natura2000Sites_9883_0,SITECODE,HR3000062	European Environment Agency	2020-06-19	N2K_end2019_21-04-2020
206		555578578	HR3000002		Plomin - Moščenička draga	Plomin - Moščenička draga	Site of Community Importance (Habitats Directive)	Site of Community Importance (Habitats Directive)	Regional	Marine Natura 2000 site	Marine Protected Area	Not reported	Not reported	{HRV}	{MAD}	1.72	1.24	1.72	1.71	100	73	Designated	2014	Not reported	Not reported	Not reported		Not listed	https://natura2000.eea.europa.eu/?query=Natura2000Sites_9883_0,SITECODE,HR3000002	European Environment Agency	2020-06-19	N2K_end2019_21-04-2020
209		555578783	HR3000467		Podmorje Kostrene	Podmorje Kostrene	Site of Community Importance (Habitats Directive)	Site of Community Importance (Habitats Directive)	Regional	Marine Natura 2000 site	Marine Protected Area	Not reported	Not reported	{HRV}	{MAD}	0.71	0.68	0.71	0.71	100	96	Designated	2014	Not reported	Not reported	Not reported		Not listed	https://natura2000.eea.europa.eu/?query=Natura2000Sites_9883_0,SITECODE,HR3000467	European Environment Agency	2020-06-19	N2K_end2019_21-04-2020
216		555578590	HR3000016		Podmorje Plavnika i Kormata	Podmorje Plavnika i Kormata	Site of Community Importance (Habitats Directive)	Site of Community Importance (Habitats Directive)	Regional	Marine Natura 2000 site	Marine Protected Area	Not reported	Not reported	{HRV}	{MAD}	5.42	4.91	5.42	5.42	100	91	Designated	2014	Not reported	Not reported	Not reported		Not listed	https://natura2000.eea.europa.eu/?query=Natura2000Sites_9883_0,SITECODE,HR3000016	European Environment Agency	2020-06-19	N2K_end2019_21-04-2020
218		555578600	HR3000027		Podmorje Trstenika	Podmorje Trstenika	Site of Community Importance (Habitats Directive)	Site of Community Importance (Habitats Directive)	Regional	Marine Natura 2000 site	Marine Protected Area	Not reported	Not reported	{HRV}	{MAD}	4.87	4.71	4.87	4.87	100	97	Designated	2014	Not reported	Not reported	Not reported		Not listed	https://natura2000.eea.europa.eu/?query=Natura2000Sites_9883_0,SITECODE,HR3000027	European Environment Agency	2020-06-19	N2K_end2019_21-04-2020
207		555578781	HR3000465		Podmorje istočne obale otoka Krka	Podmorje istočne obale otoka Krka	Site of Community Importance (Habitats Directive)	Site of Community Importance (Habitats Directive)	Regional	Marine Natura 2000 site	Marine Protected Area	Not reported	Not reported	{HRV}	{MAD}	3.87	3.53	3.87	3.87	100	91	Designated	2014	Not reported	Not reported	Not reported		Not listed	https://natura2000.eea.europa.eu/?query=Natura2000Sites_9883_0,SITECODE,HR3000465	European Environment Agency	2020-06-19	N2K_end2019_21-04-2020
208		555578786	HR3000470		Podmorje kod Rabca	Podmorje kod Rabca	Site of Community Importance (Habitats Directive)	Site of Community Importance (Habitats Directive)	Regional	Marine Natura 2000 site	Marine Protected Area	Not reported	Not reported	{HRV}	{MAD}	0.23	0.2	0.23	0.23	100	87	Designated	2014	Not reported	Not reported	Not reported		Not listed	https://natura2000.eea.europa.eu/?query=Natura2000Sites_9883_0,SITECODE,HR3000470	European Environment Agency	2020-06-19	N2K_end2019_21-04-2020
210		555578788	HR3000472		Podmorje oko rta Ćuf na Krku	Podmorje oko rta Ćuf na Krku	Site of Community Importance (Habitats Directive)	Site of Community Importance (Habitats Directive)	Regional	Marine Natura 2000 site	Marine Protected Area	Not reported	Not reported	{HRV}	{MAD}	0.53	0.45	0.53	0.53	100	85	Designated	2014	Not reported	Not reported	Not reported		Not listed	https://natura2000.eea.europa.eu/?query=Natura2000Sites_9883_0,SITECODE,HR3000472	European Environment Agency	2020-06-19	N2K_end2019_21-04-2020
212		555578596	HR3000022		Podmorje otoka Grgur i Goli	Podmorje otoka Grgur i Goli	Site of Community Importance (Habitats Directive)	Site of Community Importance (Habitats Directive)	Regional	Marine Natura 2000 site	Marine Protected Area	Not reported	Not reported	{HRV}	{MAD}	9.64	8.94	9.64	9.63	100	93	Designated	2014	Not reported	Not reported	Not reported		Not listed	https://natura2000.eea.europa.eu/?query=Natura2000Sites_9883_0,SITECODE,HR3000022	European Environment Agency	2020-06-19	N2K_end2019_21-04-2020
213	229	555578595	HR3000021		Podmorje otoka Prvić	Podmorje otoka Prvić	Site of Community Importance (Habitats Directive)	Site of Community Importance (Habitats Directive)	Regional	Marine Natura 2000 site	Marine Protected Area	Secondary	Not reported	{HRV}	{MAD}	6.93	6.13	6.93	6.92	100	88	Designated	2014	Not reported	Not reported	Not reported		Not listed	https://natura2000.eea.europa.eu/?query=Natura2000Sites_9883_0,SITECODE,HR3000021	European Environment Agency	2020-06-19	N2K_end2019_21-04-2020
214		555578591	HR3000017		Podmorje otoka Suska	Podmorje otoka Suska	Site of Community Importance (Habitats Directive)	Site of Community Importance (Habitats Directive)	Regional	Marine Natura 2000 site	Marine Protected Area	Not reported	Not reported	{HRV}	{MAD}	3.54	3.22	3.54	3.53	100	91	Designated	2014	Not reported	Not reported	Not reported		Not listed	https://natura2000.eea.europa.eu/?query=Natura2000Sites_9883_0,SITECODE,HR3000017	European Environment Agency	2020-06-19	N2K_end2019_21-04-2020
215		555578592	HR3000018		Podmorje otoka Unije	Podmorje otoka Unije	Site of Community Importance (Habitats Directive)	Site of Community Importance (Habitats Directive)	Regional	Marine Natura 2000 site	Marine Protected Area	Not reported	Not reported	{HRV}	{MAD}	9.83	8.64	9.83	9.82	100	88	Designated	2014	Not reported	Not reported	Not reported		Not listed	https://natura2000.eea.europa.eu/?query=Natura2000Sites_9883_0,SITECODE,HR3000018	European Environment Agency	2020-06-19	N2K_end2019_21-04-2020
211		555578679	HR3000113		Podmorje otočića Mrduja	Podmorje otočića Mrduja	Site of Community Importance (Habitats Directive)	Site of Community Importance (Habitats Directive)	Regional	Marine Natura 2000 site	Marine Protected Area	Not reported	Not reported	{HRV}	{MAD}	0.05	0.05	0.05	0.05	100	100	Designated	2014	Not reported	Not reported	Not reported		Not listed	https://natura2000.eea.europa.eu/?query=Natura2000Sites_9883_0,SITECODE,HR3000113	European Environment Agency	2020-06-19	N2K_end2019_21-04-2020
217		555578784	HR3000468		Podmorje poluotoka Lopar - Rab	Podmorje poluotoka Lopar - Rab	Site of Community Importance (Habitats Directive)	Site of Community Importance (Habitats Directive)	Regional	Marine Natura 2000 site	Marine Protected Area	Not reported	Not reported	{HRV}	{MAD}	11.11	10.04	11.11	11.11	100	90	Designated	2014	Not reported	Not reported	Not reported		Not listed	https://natura2000.eea.europa.eu/?query=Natura2000Sites_9883_0,SITECODE,HR3000468	European Environment Agency	2020-06-19	N2K_end2019_21-04-2020
220		555578780	HR3000464		Područje oko rta Tatinja - Hvar	Područje oko rta Tatinja - Hvar	Site of Community Importance (Habitats Directive)	Site of Community Importance (Habitats Directive)	Regional	Marine Natura 2000 site	Marine Protected Area	Not reported	Not reported	{HRV}	{MAD}	2.35	2.11	2.35	2.35	100	90	Designated	2014	Not reported	Not reported	Not reported		Not listed	https://natura2000.eea.europa.eu/?query=Natura2000Sites_9883_0,SITECODE,HR3000464	European Environment Agency	2020-06-19	N2K_end2019_21-04-2020
224		555578725	HR3000174		Pomerski zaljev	Pomerski zaljev	Site of Community Importance (Habitats Directive)	Site of Community Importance (Habitats Directive)	Regional	Marine Natura 2000 site	Marine Protected Area	Not reported	Not reported	{HRV}	{MAD}	0.69	0.63	0.69	0.68	100	91	Designated	2014	Not reported	Not reported	Not reported		Not listed	https://natura2000.eea.europa.eu/?query=Natura2000Sites_9883_0,SITECODE,HR3000174	European Environment Agency	2020-06-19	N2K_end2019_21-04-2020
226		555578624	HR3000054		Premuda - vanjska strana	Premuda - vanjska strana	Site of Community Importance (Habitats Directive)	Site of Community Importance (Habitats Directive)	Regional	Marine Natura 2000 site	Marine Protected Area	Not reported	Not reported	{HRV}	{MAD}	9.91	9.26	9.91	9.91	100	93	Designated	2014	Not reported	Not reported	Not reported		Not listed	https://natura2000.eea.europa.eu/?query=Natura2000Sites_9883_0,SITECODE,HR3000054	European Environment Agency	2020-06-19	N2K_end2019_21-04-2020
228		555578631	HR3000063		Prolaz između Zapuntela i Ista	Prolaz između Zapuntela i Ista	Site of Community Importance (Habitats Directive)	Site of Community Importance (Habitats Directive)	Regional	Marine Natura 2000 site	Marine Protected Area	Not reported	Not reported	{HRV}	{MAD}	5.42	4.92	5.42	5.42	100	91	Designated	2014	Not reported	Not reported	Not reported		Not listed	https://natura2000.eea.europa.eu/?query=Natura2000Sites_9883_0,SITECODE,HR3000063	European Environment Agency	2020-06-19	N2K_end2019_21-04-2020
229	229	63669			Prviæ i Grgurov kanal	Prviæ i Grgurov kanal	Special Reserve (Croatia)	Posebni Rezervat	National	MPA with a national statute	Marine Protected Area	Main	IV - Habitat/species management area	{HRV}	{MAD}	44.93	44.13	57.6	57.59	78	77	Designated	1972	Local communities	"Public Institution ""Priroda"""	Inexistent		Not listed	https://www.protectedplanet.net/63669	European Environment Agency	2020-06-18	CDDA_v18_29-05-2020
231		555578644	HR3000076		Punta Parda	Punta Parda	Site of Community Importance (Habitats Directive)	Site of Community Importance (Habitats Directive)	Regional	Marine Natura 2000 site	Marine Protected Area	Not reported	Not reported	{HRV}	{MAD}	0.79	0.75	0.79	0.79	100	95	Designated	2014	Not reported	Not reported	Not reported		Not listed	https://natura2000.eea.europa.eu/?query=Natura2000Sites_9883_0,SITECODE,HR3000076	European Environment Agency	2020-06-19	N2K_end2019_21-04-2020
232		555578711	HR3000154		Pupnatska luka	Pupnatska luka	Site of Community Importance (Habitats Directive)	Site of Community Importance (Habitats Directive)	Regional	Marine Natura 2000 site	Marine Protected Area	Not reported	Not reported	{HRV}	{MAD}	0.14	0.08	0.14	0.14	100	57	Designated	2014	Not reported	Not reported	Not reported		Not listed	https://natura2000.eea.europa.eu/?query=Natura2000Sites_9883_0,SITECODE,HR3000154	European Environment Agency	2020-06-19	N2K_end2019_21-04-2020
230		555577753	HR1000039		Pučinski otoci	Pučinski otoci	Special Protection Area (Birds Directive)	Special Protection Area (Birds Directive)	Regional	Marine Natura 2000 site	Marine Protected Area	Not reported	Not reported	{HRV}	{MAD}	25.36	22.82	126.78	126.77	20	18	Designated	2013	Not reported	Not reported	Not reported		Not listed	https://natura2000.eea.europa.eu/?query=Natura2000Sites_9883_0,SITECODE,HR1000039	European Environment Agency	2020-06-19	N2K_end2019_21-04-2020
233		555578621	HR3000051		Ražanac M. i V.	Ražanac M. i V.	Site of Community Importance (Habitats Directive)	Site of Community Importance (Habitats Directive)	Regional	Marine Natura 2000 site	Marine Protected Area	Not reported	Not reported	{HRV}	{MAD}	1.33	1.28	1.33	1.33	100	96	Designated	2014	Not reported	Not reported	Not reported		Not listed	https://natura2000.eea.europa.eu/?query=Natura2000Sites_9883_0,SITECODE,HR3000051	European Environment Agency	2020-06-19	N2K_end2019_21-04-2020
234		555578677	HR3000111		Recetinovac	Recetinovac	Site of Community Importance (Habitats Directive)	Site of Community Importance (Habitats Directive)	Regional	Marine Natura 2000 site	Marine Protected Area	Not reported	Not reported	{HRV}	{MAD}	0.3	0.24	0.3	0.3	100	80	Designated	2014	Not reported	Not reported	Not reported		Not listed	https://natura2000.eea.europa.eu/?query=Natura2000Sites_9883_0,SITECODE,HR3000111	European Environment Agency	2020-06-19	N2K_end2019_21-04-2020
1682	1682	16516			Rijeka Dubrovaèka	Rijeka Dubrovaèka	Significant Landscape (Croatia)	Značajni Krajobraz	National	MPA with a national statute	Marine Protected Area	Main	V - Protected landscape/seascape	{HRV}	{MAD}	1.25	0.89	4.8	4.79	26	19	Designated	1964	Not reported	Not reported	Not reported		Not listed	https://www.protectedplanet.net/16516	European Environment Agency	2020-06-18	CDDA_v18_29-05-2020
235		555578642	HR3000074		Rivanjski kanal sa Sestricama	Rivanjski kanal sa Sestricama	Site of Community Importance (Habitats Directive)	Site of Community Importance (Habitats Directive)	Regional	Marine Natura 2000 site	Marine Protected Area	Not reported	Not reported	{HRV}	{MAD}	11.11	10.75	11.11	11.11	100	97	Designated	2014	Not reported	Not reported	Not reported		Not listed	https://natura2000.eea.europa.eu/?query=Natura2000Sites_9883_0,SITECODE,HR3000074	European Environment Agency	2020-06-19	N2K_end2019_21-04-2020
236		555578649	HR3000081		Rončić	Rončić	Site of Community Importance (Habitats Directive)	Site of Community Importance (Habitats Directive)	Regional	Marine Natura 2000 site	Marine Protected Area	Not reported	Not reported	{HRV}	{MAD}	0.07	0.06	0.07	0.07	100	86	Designated	2014	Not reported	Not reported	Not reported		Not listed	https://natura2000.eea.europa.eu/?query=Natura2000Sites_9883_0,SITECODE,HR3000081	European Environment Agency	2020-06-19	N2K_end2019_21-04-2020
237		555578771	HR3000455		Rt Gomilica - Brač	Rt Gomilica - Brač	Site of Community Importance (Habitats Directive)	Site of Community Importance (Habitats Directive)	Regional	Marine Natura 2000 site	Marine Protected Area	Not reported	Not reported	{HRV}	{MAD}	1.91	1.74	1.91	1.91	100	91	Designated	2014	Not reported	Not reported	Not reported		Not listed	https://natura2000.eea.europa.eu/?query=Natura2000Sites_9883_0,SITECODE,HR3000455	European Environment Agency	2020-06-19	N2K_end2019_21-04-2020
238		555578715	HR3000162		Rt Rukavac - Rt Marčuleti	Rt Rukavac - Rt Marčuleti	Site of Community Importance (Habitats Directive)	Site of Community Importance (Habitats Directive)	Regional	Marine Natura 2000 site	Marine Protected Area	Not reported	Not reported	{HRV}	{MAD}	1.75	1.58	1.75	1.75	100	90	Designated	2014	Not reported	Not reported	Not reported		Not listed	https://natura2000.eea.europa.eu/?query=Natura2000Sites_9883_0,SITECODE,HR3000162	European Environment Agency	2020-06-19	N2K_end2019_21-04-2020
239		555577748	HR1000034		S dio zadarskog  arhipelaga	S dio zadarskog  arhipelaga	Special Protection Area (Birds Directive)	Special Protection Area (Birds Directive)	Regional	Marine Natura 2000 site	Marine Protected Area	Not reported	Not reported	{HRV}	{MAD}	44.37	36.86	130.5	130.42	34	28	Designated	2013	Not reported	Not reported	Not reported		Not listed	https://natura2000.eea.europa.eu/?query=Natura2000Sites_9883_0,SITECODE,HR1000034	European Environment Agency	2020-06-19	N2K_end2019_21-04-2020
261		555577737	HR1000023		SZ Dalmacija i Pag	SZ Dalmacija i Pag	Special Protection Area (Birds Directive)	Special Protection Area (Birds Directive)	Regional	Marine Natura 2000 site	Marine Protected Area	Not reported	Not reported	{HRV}	{MAD}	239.57	235.49	598.93	598.85	40	39	Designated	2013	Not reported	Not reported	Not reported		Not listed	https://natura2000.eea.europa.eu/?query=Natura2000Sites_9883_0,SITECODE,HR1000023	European Environment Agency	2020-06-19	N2K_end2019_21-04-2020
262		555577751	HR1000037		SZ dio NP Mljet	SZ dio NP Mljet	Special Protection Area (Birds Directive)	Special Protection Area (Birds Directive)	Regional	Marine Natura 2000 site	Marine Protected Area	Not reported	Not reported	{HRV}	{MAD}	15.14	13.83	16.46	16.46	92	84	Designated	2013	Not reported	Not reported	Not reported		Not listed	https://natura2000.eea.europa.eu/?query=Natura2000Sites_9883_0,SITECODE,HR1000037	European Environment Agency	2020-06-19	N2K_end2019_21-04-2020
242		555578755	HR3000437		Sedlo - podmorje	Sedlo - podmorje	Site of Community Importance (Habitats Directive)	Site of Community Importance (Habitats Directive)	Regional	Marine Natura 2000 site	Marine Protected Area	Not reported	Not reported	{HRV}	{MAD}	0.59	0.58	0.59	0.59	100	98	Designated	2014	Not reported	Not reported	Not reported		Not listed	https://natura2000.eea.europa.eu/?query=Natura2000Sites_9883_0,SITECODE,HR3000437	European Environment Agency	2020-06-19	N2K_end2019_21-04-2020
244		555578623	HR3000053		Silba - podmorje	Silba - podmorje	Site of Community Importance (Habitats Directive)	Site of Community Importance (Habitats Directive)	Regional	Marine Natura 2000 site	Marine Protected Area	Not reported	Not reported	{HRV}	{MAD}	9.89	9.06	9.89	9.88	100	92	Designated	2014	Not reported	Not reported	Not reported		Not listed	https://natura2000.eea.europa.eu/?query=Natura2000Sites_9883_0,SITECODE,HR3000053	European Environment Agency	2020-06-19	N2K_end2019_21-04-2020
245		555578808	HR4000025		Silbanski grebeni	Silbanski grebeni	Site of Community Importance (Habitats Directive)	Site of Community Importance (Habitats Directive)	Regional	Marine Natura 2000 site	Marine Protected Area	Not reported	Not reported	{HRV}	{MAD}	2.07	2.0	2.44	2.44	85	82	Designated	2014	Not reported	Not reported	Not reported		Not listed	https://natura2000.eea.europa.eu/?query=Natura2000Sites_9883_0,SITECODE,HR4000025	European Environment Agency	2020-06-19	N2K_end2019_21-04-2020
332	332	377980			Sitsko-žutska otoèna skupina	Sitsko-žutska otoèna skupina	Significant Landscape (Croatia)	Značajni Krajobraz	National	MPA with a national statute	Marine Protected Area	Main	V - Protected landscape/seascape	{HRV}	{MAD}	81.07	78.49	100.09	100.08	81	78	Designated	1967	Government-delegated management	Public Institution Nature of Šibenik-Knin County	Inexistent		Not listed	https://www.protectedplanet.net/377980	European Environment Agency	2020-06-18	CDDA_v18_29-05-2020
247		555578719	HR3000166		Sjeverna obala od rta Pusta u uvali Sobra do rta Stoba kod uvale Okuklje s otocima i akvatorijem	Sjeverna obala od rta Pusta u uvali Sobra do rta Stoba kod uvale Okuklje s otocima i akvatorijem	Site of Community Importance (Habitats Directive)	Site of Community Importance (Habitats Directive)	Regional	Marine Natura 2000 site	Marine Protected Area	Not reported	Not reported	{HRV}	{MAD}	2.45	2.09	2.45	2.45	100	85	Designated	2014	Not reported	Not reported	Not reported		Not listed	https://natura2000.eea.europa.eu/?query=Natura2000Sites_9883_0,SITECODE,HR3000166	European Environment Agency	2020-06-19	N2K_end2019_21-04-2020
252		555577750	HR1000036		Srednjedalmatinski otoci i Pelješac	Srednjedalmatinski otoci i Pelješac	Special Protection Area (Birds Directive)	Special Protection Area (Birds Directive)	Regional	Marine Natura 2000 site	Marine Protected Area	Not reported	Not reported	{HRV}	{MAD}	49.55	54.73	825.82	825.92	6	7	Designated	2013	Not reported	Not reported	Not reported		Not listed	https://natura2000.eea.europa.eu/?query=Natura2000Sites_9883_0,SITECODE,HR1000036	European Environment Agency	2020-06-19	N2K_end2019_21-04-2020
253		555578616	HR3000043		Stara Povljana	Stara Povljana	Site of Community Importance (Habitats Directive)	Site of Community Importance (Habitats Directive)	Regional	Marine Natura 2000 site	Marine Protected Area	Not reported	Not reported	{HRV}	{MAD}	0.85	0.72	0.85	0.85	100	85	Designated	2014	Not reported	Not reported	Not reported		Not listed	https://natura2000.eea.europa.eu/?query=Natura2000Sites_9883_0,SITECODE,HR3000043	European Environment Agency	2020-06-19	N2K_end2019_21-04-2020
254		555578716	HR3000163		Stonski kanal	Stonski kanal	Site of Community Importance (Habitats Directive)	Site of Community Importance (Habitats Directive)	Regional	Marine Natura 2000 site	Marine Protected Area	Not reported	Not reported	{HRV}	{MAD}	5.69	5.12	5.69	5.69	100	90	Designated	2014	Not reported	Not reported	Not reported		Not listed	https://natura2000.eea.europa.eu/?query=Natura2000Sites_9883_0,SITECODE,HR3000163	European Environment Agency	2020-06-19	N2K_end2019_21-04-2020
256		555578597	HR3000024		Supetarska draga na Rabu	Supetarska draga na Rabu	Site of Community Importance (Habitats Directive)	Site of Community Importance (Habitats Directive)	Regional	Marine Natura 2000 site	Marine Protected Area	Not reported	Not reported	{HRV}	{MAD}	4.24	3.55	4.24	4.24	100	84	Designated	2014	Not reported	Not reported	Not reported		Not listed	https://natura2000.eea.europa.eu/?query=Natura2000Sites_9883_0,SITECODE,HR3000024	European Environment Agency	2020-06-19	N2K_end2019_21-04-2020
257		555578604	HR3000031		Sv. Juraj - otočić Lisac	Sv. Juraj - otočić Lisac	Site of Community Importance (Habitats Directive)	Site of Community Importance (Habitats Directive)	Regional	Marine Natura 2000 site	Marine Protected Area	Not reported	Not reported	{HRV}	{MAD}	0.49	0.42	0.49	0.49	100	86	Designated	2014	Not reported	Not reported	Not reported		Not listed	https://natura2000.eea.europa.eu/?query=Natura2000Sites_9883_0,SITECODE,HR3000031	European Environment Agency	2020-06-19	N2K_end2019_21-04-2020
259		555578717	HR3000164		Sveti Andrija - podmorje	Sveti Andrija - podmorje	Site of Community Importance (Habitats Directive)	Site of Community Importance (Habitats Directive)	Regional	Marine Natura 2000 site	Marine Protected Area	Not reported	Not reported	{HRV}	{MAD}	0.27	0.22	0.27	0.27	100	81	Designated	2014	Not reported	Not reported	Not reported		Not listed	https://natura2000.eea.europa.eu/?query=Natura2000Sites_9883_0,SITECODE,HR3000164	European Environment Agency	2020-06-19	N2K_end2019_21-04-2020
260		555578688	HR3000124		Sveti Petar	Sveti Petar	Site of Community Importance (Habitats Directive)	Site of Community Importance (Habitats Directive)	Regional	Marine Natura 2000 site	Marine Protected Area	Not reported	Not reported	{HRV}	{MAD}	0.06	0.05	0.06	0.06	97	83	Designated	2014	Not reported	Not reported	Not reported		Not listed	https://natura2000.eea.europa.eu/?query=Natura2000Sites_9883_0,SITECODE,HR3000124	European Environment Agency	2020-06-19	N2K_end2019_21-04-2020
264	264	63664			Telašćica	Telašćica	Significant Landscape (Croatia)	Značajni Krajobraz	National	MPA with a national statute	Marine Protected Area	Main	V - Protected landscape/seascape	{HRV}	{MAD}	44.8	42.47	69.99	69.99	64	61	Designated	1988	Government-delegated management	The bodies of the Foundation are the Governing Council and the Director. President and members of the Governing Council are appointed and dismissed by the minister responsible for nature Protection.	Partially implemented		Not listed	http://pp-telascica.hr	European Environment Agency	2020-06-18	CDDA_v18_29-05-2020
265		555578761	HR3000443		Tetovišnjak - podmorje	Tetovišnjak - podmorje	Site of Community Importance (Habitats Directive)	Site of Community Importance (Habitats Directive)	Regional	Marine Natura 2000 site	Marine Protected Area	Not reported	Not reported	{HRV}	{MAD}	5.15	5.0	5.15	5.15	100	97	Designated	2014	Not reported	Not reported	Not reported		Not listed	https://natura2000.eea.europa.eu/?query=Natura2000Sites_9883_0,SITECODE,HR3000443	European Environment Agency	2020-06-19	N2K_end2019_21-04-2020
266		555578692	HR3000128		U. Ramova; u. Krvavica	U. Ramova; u. Krvavica	Site of Community Importance (Habitats Directive)	Site of Community Importance (Habitats Directive)	Regional	Marine Natura 2000 site	Marine Protected Area	Not reported	Not reported	{HRV}	{MAD}	0.44	0.39	0.44	0.44	100	89	Designated	2014	Not reported	Not reported	Not reported		Not listed	https://natura2000.eea.europa.eu/?query=Natura2000Sites_9883_0,SITECODE,HR3000128	European Environment Agency	2020-06-19	N2K_end2019_21-04-2020
271		555578639	HR3000071		Uvala Brbišćica	Uvala Brbišćica	Site of Community Importance (Habitats Directive)	Site of Community Importance (Habitats Directive)	Regional	Marine Natura 2000 site	Marine Protected Area	Not reported	Not reported	{HRV}	{MAD}	0.38	0.21	0.38	0.38	100	55	Designated	2014	Not reported	Not reported	Not reported		Not listed	https://natura2000.eea.europa.eu/?query=Natura2000Sites_9883_0,SITECODE,HR3000071	European Environment Agency	2020-06-19	N2K_end2019_21-04-2020
272		555578700	HR3000137		Uvala Bristova - Hvar	Uvala Bristova - Hvar	Site of Community Importance (Habitats Directive)	Site of Community Importance (Habitats Directive)	Regional	Marine Natura 2000 site	Marine Protected Area	Not reported	Not reported	{HRV}	{MAD}	0.1	0.07	0.1	0.1	100	70	Designated	2014	Not reported	Not reported	Not reported		Not listed	https://natura2000.eea.europa.eu/?query=Natura2000Sites_9883_0,SITECODE,HR3000137	European Environment Agency	2020-06-19	N2K_end2019_21-04-2020
273		555578612	HR3000039		Uvala Caska - od Metajne do rta Hanzina	Uvala Caska - od Metajne do rta Hanzina	Site of Community Importance (Habitats Directive)	Site of Community Importance (Habitats Directive)	Regional	Marine Natura 2000 site	Marine Protected Area	Not reported	Not reported	{HRV}	{MAD}	9.14	8.67	9.14	9.14	100	95	Designated	2014	Not reported	Not reported	Not reported		Not listed	https://natura2000.eea.europa.eu/?query=Natura2000Sites_9883_0,SITECODE,HR3000039	European Environment Agency	2020-06-19	N2K_end2019_21-04-2020
274		555578618	HR3000045		Uvala Dinjiška	Uvala Dinjiška	Site of Community Importance (Habitats Directive)	Site of Community Importance (Habitats Directive)	Regional	Marine Natura 2000 site	Marine Protected Area	Not reported	Not reported	{HRV}	{MAD}	2.33	2.15	2.33	2.33	100	92	Designated	2014	Not reported	Not reported	Not reported		Not listed	https://natura2000.eea.europa.eu/?query=Natura2000Sites_9883_0,SITECODE,HR3000045	European Environment Agency	2020-06-19	N2K_end2019_21-04-2020
275		555578792	HR3000476		Uvala Divna - Pelješac	Uvala Divna - Pelješac	Site of Community Importance (Habitats Directive)	Site of Community Importance (Habitats Directive)	Regional	Marine Natura 2000 site	Marine Protected Area	Not reported	Not reported	{HRV}	{MAD}	0.2	0.14	0.2	0.2	100	70	Designated	2014	Not reported	Not reported	Not reported		Not listed	https://natura2000.eea.europa.eu/?query=Natura2000Sites_9883_0,SITECODE,HR3000476	European Environment Agency	2020-06-19	N2K_end2019_21-04-2020
1345		555578741	HR3000351		Uvala Drašnica - vrulja	Uvala Drašnica - vrulja	Site of Community Importance (Habitats Directive)	Site of Community Importance (Habitats Directive)	Regional	Marine Natura 2000 site	Marine Protected Area	Not reported	Not reported	{HRV}	{MAD}	0.01	0.01	0.01	0.01	100	100	Designated	2014	Not reported	Not reported	Not reported		Not listed	https://natura2000.eea.europa.eu/?query=Natura2000Sites_9883_0,SITECODE,HR3000351	European Environment Agency	2020-06-19	N2K_end2019_21-04-2020
276		555578636	HR3000068		Uvala Golubinka - rt Lopata	Uvala Golubinka - rt Lopata	Site of Community Importance (Habitats Directive)	Site of Community Importance (Habitats Directive)	Regional	Marine Natura 2000 site	Marine Protected Area	Not reported	Not reported	{HRV}	{MAD}	0.41	0.15	0.41	0.41	100	37	Designated	2014	Not reported	Not reported	Not reported		Not listed	https://natura2000.eea.europa.eu/?query=Natura2000Sites_9883_0,SITECODE,HR3000068	European Environment Agency	2020-06-19	N2K_end2019_21-04-2020
277		555578654	HR3000088		Uvala Grebaštica	Uvala Grebaštica	Site of Community Importance (Habitats Directive)	Site of Community Importance (Habitats Directive)	Regional	Marine Natura 2000 site	Marine Protected Area	Not reported	Not reported	{HRV}	{MAD}	3.66	3.27	3.66	3.66	100	89	Designated	2014	Not reported	Not reported	Not reported		Not listed	https://natura2000.eea.europa.eu/?query=Natura2000Sites_9883_0,SITECODE,HR3000088	European Environment Agency	2020-06-19	N2K_end2019_21-04-2020
278		555578605	HR3000032		Uvala Ivanča	Uvala Ivanča	Site of Community Importance (Habitats Directive)	Site of Community Importance (Habitats Directive)	Regional	Marine Natura 2000 site	Marine Protected Area	Not reported	Not reported	{HRV}	{MAD}	0.18	0.12	0.18	0.18	100	67	Designated	2014	Not reported	Not reported	Not reported		Not listed	https://natura2000.eea.europa.eu/?query=Natura2000Sites_9883_0,SITECODE,HR3000032	European Environment Agency	2020-06-19	N2K_end2019_21-04-2020
279		555578610	HR3000037		Uvala Jurišnica	Uvala Jurišnica	Site of Community Importance (Habitats Directive)	Site of Community Importance (Habitats Directive)	Regional	Marine Natura 2000 site	Marine Protected Area	Not reported	Not reported	{HRV}	{MAD}	0.23	0.19	0.23	0.23	100	83	Designated	2014	Not reported	Not reported	Not reported		Not listed	https://natura2000.eea.europa.eu/?query=Natura2000Sites_9883_0,SITECODE,HR3000037	European Environment Agency	2020-06-19	N2K_end2019_21-04-2020
280		555578693	HR3000129		Uvala Klokun	Uvala Klokun	Site of Community Importance (Habitats Directive)	Site of Community Importance (Habitats Directive)	Regional	Marine Natura 2000 site	Marine Protected Area	Not reported	Not reported	{HRV}	{MAD}	0.35	0.34	0.35	0.35	100	97	Designated	2014	Not reported	Not reported	Not reported		Not listed	https://natura2000.eea.europa.eu/?query=Natura2000Sites_9883_0,SITECODE,HR3000129	European Environment Agency	2020-06-19	N2K_end2019_21-04-2020
281		555578608	HR3000035		Uvala Krivača	Uvala Krivača	Site of Community Importance (Habitats Directive)	Site of Community Importance (Habitats Directive)	Regional	Marine Natura 2000 site	Marine Protected Area	Not reported	Not reported	{HRV}	{MAD}	0.37	0.31	0.37	0.37	100	84	Designated	2014	Not reported	Not reported	Not reported		Not listed	https://natura2000.eea.europa.eu/?query=Natura2000Sites_9883_0,SITECODE,HR3000035	European Environment Agency	2020-06-19	N2K_end2019_21-04-2020
282		555578697	HR3000134		Uvala Lovrečina	Uvala Lovrečina	Site of Community Importance (Habitats Directive)	Site of Community Importance (Habitats Directive)	Regional	Marine Natura 2000 site	Marine Protected Area	Not reported	Not reported	{HRV}	{MAD}	0.09	0.06	0.09	0.09	100	67	Designated	2014	Not reported	Not reported	Not reported		Not listed	https://natura2000.eea.europa.eu/?query=Natura2000Sites_9883_0,SITECODE,HR3000134	European Environment Agency	2020-06-19	N2K_end2019_21-04-2020
283		555578703	HR3000140		Uvala M. Moševčica - Hvar	Uvala M. Moševčica - Hvar	Site of Community Importance (Habitats Directive)	Site of Community Importance (Habitats Directive)	Regional	Marine Natura 2000 site	Marine Protected Area	Not reported	Not reported	{HRV}	{MAD}	0.03	0.02	0.03	0.03	100	67	Designated	2014	Not reported	Not reported	Not reported		Not listed	https://natura2000.eea.europa.eu/?query=Natura2000Sites_9883_0,SITECODE,HR3000140	European Environment Agency	2020-06-19	N2K_end2019_21-04-2020
284		555578702	HR3000139		Uvala M. Pogorila - Hvar	Uvala M. Pogorila - Hvar	Site of Community Importance (Habitats Directive)	Site of Community Importance (Habitats Directive)	Regional	Marine Natura 2000 site	Marine Protected Area	Not reported	Not reported	{HRV}	{MAD}	0.06	0.05	0.06	0.06	100	83	Designated	2014	Not reported	Not reported	Not reported		Not listed	https://natura2000.eea.europa.eu/?query=Natura2000Sites_9883_0,SITECODE,HR3000139	European Environment Agency	2020-06-19	N2K_end2019_21-04-2020
285		555578653	HR3000086		Uvala Makirina	Uvala Makirina	Site of Community Importance (Habitats Directive)	Site of Community Importance (Habitats Directive)	Regional	Marine Natura 2000 site	Marine Protected Area	Not reported	Not reported	{HRV}	{MAD}	0.37	0.27	0.37	0.37	100	73	Designated	2014	Not reported	Not reported	Not reported		Not listed	https://natura2000.eea.europa.eu/?query=Natura2000Sites_9883_0,SITECODE,HR3000086	European Environment Agency	2020-06-19	N2K_end2019_21-04-2020
287		555578606	HR3000033		Uvala Malin; uvala Duboka	Uvala Malin; uvala Duboka	Site of Community Importance (Habitats Directive)	Site of Community Importance (Habitats Directive)	Regional	Marine Natura 2000 site	Marine Protected Area	Not reported	Not reported	{HRV}	{MAD}	1.54	1.38	1.54	1.54	100	90	Designated	2014	Not reported	Not reported	Not reported		Not listed	https://natura2000.eea.europa.eu/?query=Natura2000Sites_9883_0,SITECODE,HR3000033	European Environment Agency	2020-06-19	N2K_end2019_21-04-2020
288		555578777	HR3000461		Uvala Modrič	Uvala Modrič	Site of Community Importance (Habitats Directive)	Site of Community Importance (Habitats Directive)	Regional	Marine Natura 2000 site	Marine Protected Area	Not reported	Not reported	{HRV}	{MAD}	0.1	0.07	0.1	0.1	100	70	Designated	2014	Not reported	Not reported	Not reported		Not listed	https://natura2000.eea.europa.eu/?query=Natura2000Sites_9883_0,SITECODE,HR3000461	European Environment Agency	2020-06-19	N2K_end2019_21-04-2020
289		555578712	HR3000155		Uvala Orlanduša	Uvala Orlanduša	Site of Community Importance (Habitats Directive)	Site of Community Importance (Habitats Directive)	Regional	Marine Natura 2000 site	Marine Protected Area	Not reported	Not reported	{HRV}	{MAD}	0.07	0.01	0.07	0.07	100	14	Designated	2014	Not reported	Not reported	Not reported		Not listed	https://natura2000.eea.europa.eu/?query=Natura2000Sites_9883_0,SITECODE,HR3000155	European Environment Agency	2020-06-19	N2K_end2019_21-04-2020
291	107	555578779	HR3000463		Uvala Remac	Uvala Remac	Site of Community Importance (Habitats Directive)	Site of Community Importance (Habitats Directive)	Regional	Marine Natura 2000 site	Marine Protected Area	Secondary	Not reported	{HRV}	{MAD}	0.22	0.16	0.22	0.22	100	73	Designated	2014	Not reported	Not reported	Not reported		Not listed	https://natura2000.eea.europa.eu/?query=Natura2000Sites_9883_0,SITECODE,HR3000463	European Environment Agency	2020-06-19	N2K_end2019_21-04-2020
292		555578648	HR3000080		Uvala Sabuša	Uvala Sabuša	Site of Community Importance (Habitats Directive)	Site of Community Importance (Habitats Directive)	Regional	Marine Natura 2000 site	Marine Protected Area	Not reported	Not reported	{HRV}	{MAD}	0.65	0.63	0.65	0.65	100	97	Designated	2014	Not reported	Not reported	Not reported		Not listed	https://natura2000.eea.europa.eu/?query=Natura2000Sites_9883_0,SITECODE,HR3000080	European Environment Agency	2020-06-19	N2K_end2019_21-04-2020
293		555578637	HR3000069		Uvala Sakarun	Uvala Sakarun	Site of Community Importance (Habitats Directive)	Site of Community Importance (Habitats Directive)	Regional	Marine Natura 2000 site	Marine Protected Area	Not reported	Not reported	{HRV}	{MAD}	4.39	3.69	4.39	4.38	100	84	Designated	2014	Not reported	Not reported	Not reported		Not listed	https://natura2000.eea.europa.eu/?query=Natura2000Sites_9883_0,SITECODE,HR3000069	European Environment Agency	2020-06-19	N2K_end2019_21-04-2020
295		555578718	HR3000165		Uvala Slano	Uvala Slano	Site of Community Importance (Habitats Directive)	Site of Community Importance (Habitats Directive)	Regional	Marine Natura 2000 site	Marine Protected Area	Not reported	Not reported	{HRV}	{MAD}	1.33	1.16	1.33	1.33	100	87	Designated	2014	Not reported	Not reported	Not reported		Not listed	https://natura2000.eea.europa.eu/?query=Natura2000Sites_9883_0,SITECODE,HR3000165	European Environment Agency	2020-06-19	N2K_end2019_21-04-2020
296		555578593	HR3000019		Uvala Soline	Uvala Soline	Site of Community Importance (Habitats Directive)	Site of Community Importance (Habitats Directive)	Regional	Marine Natura 2000 site	Marine Protected Area	Not reported	Not reported	{HRV}	{MAD}	0.53	0.42	0.53	0.53	100	79	Designated	2014	Not reported	Not reported	Not reported		Not listed	https://natura2000.eea.europa.eu/?query=Natura2000Sites_9883_0,SITECODE,HR3000019	European Environment Agency	2020-06-19	N2K_end2019_21-04-2020
297		555578730	HR3000180		Uvala Stara Novalja	Uvala Stara Novalja	Site of Community Importance (Habitats Directive)	Site of Community Importance (Habitats Directive)	Regional	Marine Natura 2000 site	Marine Protected Area	Not reported	Not reported	{HRV}	{MAD}	2.86	2.63	2.86	2.86	100	92	Designated	2014	Not reported	Not reported	Not reported		Not listed	https://natura2000.eea.europa.eu/?query=Natura2000Sites_9883_0,SITECODE,HR3000180	European Environment Agency	2020-06-19	N2K_end2019_21-04-2020
298		555578656	HR3000090		Uvala Stivančica	Uvala Stivančica	Site of Community Importance (Habitats Directive)	Site of Community Importance (Habitats Directive)	Regional	Marine Natura 2000 site	Marine Protected Area	Not reported	Not reported	{HRV}	{MAD}	0.57	0.5	0.57	0.57	100	88	Designated	2014	Not reported	Not reported	Not reported		Not listed	https://natura2000.eea.europa.eu/?query=Natura2000Sites_9883_0,SITECODE,HR3000090	European Environment Agency	2020-06-19	N2K_end2019_21-04-2020
299		555578651	HR3000084		Uvala Sv. Ante	Uvala Sv. Ante	Site of Community Importance (Habitats Directive)	Site of Community Importance (Habitats Directive)	Regional	Marine Natura 2000 site	Marine Protected Area	Not reported	Not reported	{HRV}	{MAD}	0.22	0.13	0.22	0.22	100	59	Designated	2014	Not reported	Not reported	Not reported		Not listed	https://natura2000.eea.europa.eu/?query=Natura2000Sites_9883_0,SITECODE,HR3000084	European Environment Agency	2020-06-19	N2K_end2019_21-04-2020
300		555578657	HR3000091		Uvala Tijašnica	Uvala Tijašnica	Site of Community Importance (Habitats Directive)	Site of Community Importance (Habitats Directive)	Regional	Marine Natura 2000 site	Marine Protected Area	Not reported	Not reported	{HRV}	{MAD}	0.54	0.49	0.54	0.54	100	91	Designated	2014	Not reported	Not reported	Not reported		Not listed	https://natura2000.eea.europa.eu/?query=Natura2000Sites_9883_0,SITECODE,HR3000091	European Environment Agency	2020-06-19	N2K_end2019_21-04-2020
301		555578694	HR3000130		Uvala V. Duba	Uvala V. Duba	Site of Community Importance (Habitats Directive)	Site of Community Importance (Habitats Directive)	Regional	Marine Natura 2000 site	Marine Protected Area	Not reported	Not reported	{HRV}	{MAD}	0.06	0.05	0.06	0.06	100	83	Designated	2014	Not reported	Not reported	Not reported		Not listed	https://natura2000.eea.europa.eu/?query=Natura2000Sites_9883_0,SITECODE,HR3000130	European Environment Agency	2020-06-19	N2K_end2019_21-04-2020
302		555578704	HR3000141		Uvala V. Moševčica - Hvar	Uvala V. Moševčica - Hvar	Site of Community Importance (Habitats Directive)	Site of Community Importance (Habitats Directive)	Regional	Marine Natura 2000 site	Marine Protected Area	Not reported	Not reported	{HRV}	{MAD}	0.04	0.03	0.04	0.04	100	75	Designated	2014	Not reported	Not reported	Not reported		Not listed	https://natura2000.eea.europa.eu/?query=Natura2000Sites_9883_0,SITECODE,HR3000141	European Environment Agency	2020-06-19	N2K_end2019_21-04-2020
303		555578701	HR3000138		Uvala V. Pogorila - Hvar	Uvala V. Pogorila - Hvar	Site of Community Importance (Habitats Directive)	Site of Community Importance (Habitats Directive)	Regional	Marine Natura 2000 site	Marine Protected Area	Not reported	Not reported	{HRV}	{MAD}	0.04	0.02	0.04	0.04	100	50	Designated	2014	Not reported	Not reported	Not reported		Not listed	https://natura2000.eea.europa.eu/?query=Natura2000Sites_9883_0,SITECODE,HR3000138	European Environment Agency	2020-06-19	N2K_end2019_21-04-2020
304		555578617	HR3000044		Uvala Vlašići	Uvala Vlašići	Site of Community Importance (Habitats Directive)	Site of Community Importance (Habitats Directive)	Regional	Marine Natura 2000 site	Marine Protected Area	Not reported	Not reported	{HRV}	{MAD}	0.61	0.51	0.61	0.61	100	84	Designated	2014	Not reported	Not reported	Not reported		Not listed	https://natura2000.eea.europa.eu/?query=Natura2000Sites_9883_0,SITECODE,HR3000044	European Environment Agency	2020-06-19	N2K_end2019_21-04-2020
305		555578699	HR3000136		Uvala Vlaška - Hvar	Uvala Vlaška - Hvar	Site of Community Importance (Habitats Directive)	Site of Community Importance (Habitats Directive)	Regional	Marine Natura 2000 site	Marine Protected Area	Not reported	Not reported	{HRV}	{MAD}	0.15	0.13	0.15	0.15	100	87	Designated	2014	Not reported	Not reported	Not reported		Not listed	https://natura2000.eea.europa.eu/?query=Natura2000Sites_9883_0,SITECODE,HR3000136	European Environment Agency	2020-06-19	N2K_end2019_21-04-2020
306		555578687	HR3000123		Uvala Vrulja kod Brela	Uvala Vrulja kod Brela	Site of Community Importance (Habitats Directive)	Site of Community Importance (Habitats Directive)	Regional	Marine Natura 2000 site	Marine Protected Area	Not reported	Not reported	{HRV}	{MAD}	0.3	0.24	0.3	0.3	100	80	Designated	2014	Not reported	Not reported	Not reported		Not listed	https://natura2000.eea.europa.eu/?query=Natura2000Sites_9883_0,SITECODE,HR3000123	European Environment Agency	2020-06-19	N2K_end2019_21-04-2020
307		555578609	HR3000036		Uvala Vrulja u Velebitskom kanalu	Uvala Vrulja u Velebitskom kanalu	Site of Community Importance (Habitats Directive)	Site of Community Importance (Habitats Directive)	Regional	Marine Natura 2000 site	Marine Protected Area	Not reported	Not reported	{HRV}	{MAD}	0.15	0.11	0.15	0.15	100	73	Designated	2014	Not reported	Not reported	Not reported		Not listed	https://natura2000.eea.europa.eu/?query=Natura2000Sites_9883_0,SITECODE,HR3000036	European Environment Agency	2020-06-19	N2K_end2019_21-04-2020
308		555578640	HR3000072		Uvala Zagračina	Uvala Zagračina	Site of Community Importance (Habitats Directive)	Site of Community Importance (Habitats Directive)	Regional	Marine Natura 2000 site	Marine Protected Area	Not reported	Not reported	{HRV}	{MAD}	0.16	0.12	0.16	0.16	100	75	Designated	2014	Not reported	Not reported	Not reported		Not listed	https://natura2000.eea.europa.eu/?query=Natura2000Sites_9883_0,SITECODE,HR3000072	European Environment Agency	2020-06-19	N2K_end2019_21-04-2020
309	1290	555578607	HR3000034		Uvala Zavratnica	Uvala Zavratnica	Site of Community Importance (Habitats Directive)	Site of Community Importance (Habitats Directive)	Regional	Marine Natura 2000 site	Marine Protected Area	Secondary	Not reported	{HRV}	{MAD}	0.19	0.12	0.19	0.19	100	63	Designated	2014	Not reported	Not reported	Not reported		Not listed	https://natura2000.eea.europa.eu/?query=Natura2000Sites_9883_0,SITECODE,HR3000034	European Environment Agency	2020-06-19	N2K_end2019_21-04-2020
294		555578787	HR3000471		Uvala Škvaranska - Uvala Sv. Marina	Uvala Škvaranska - Uvala Sv. Marina	Site of Community Importance (Habitats Directive)	Site of Community Importance (Habitats Directive)	Regional	Marine Natura 2000 site	Marine Protected Area	Not reported	Not reported	{HRV}	{MAD}	0.87	0.73	0.87	0.87	100	84	Designated	2014	Not reported	Not reported	Not reported		Not listed	https://natura2000.eea.europa.eu/?query=Natura2000Sites_9883_0,SITECODE,HR3000471	European Environment Agency	2020-06-19	N2K_end2019_21-04-2020
310		555578705	HR3000142		Uvale Divlja mala i Divlja vela - Hvar	Uvale Divlja mala i Divlja vela - Hvar	Site of Community Importance (Habitats Directive)	Site of Community Importance (Habitats Directive)	Regional	Marine Natura 2000 site	Marine Protected Area	Not reported	Not reported	{HRV}	{MAD}	0.1	0.07	0.1	0.1	100	70	Designated	2014	Not reported	Not reported	Not reported		Not listed	https://natura2000.eea.europa.eu/?query=Natura2000Sites_9883_0,SITECODE,HR3000142	European Environment Agency	2020-06-19	N2K_end2019_21-04-2020
311		555578745	HR3000415		Uvale Jaz; Soline i Sulinj na Krku	Uvale Jaz; Soline i Sulinj na Krku	Site of Community Importance (Habitats Directive)	Site of Community Importance (Habitats Directive)	Regional	Marine Natura 2000 site	Marine Protected Area	Not reported	Not reported	{HRV}	{MAD}	3.44	3.16	3.44	3.44	100	92	Designated	2014	Not reported	Not reported	Not reported		Not listed	https://natura2000.eea.europa.eu/?query=Natura2000Sites_9883_0,SITECODE,HR3000415	European Environment Agency	2020-06-19	N2K_end2019_21-04-2020
312		555578706	HR3000143		Uvale Kruševa; Pokrvenik i Zaraće - Hvar	Uvale Kruševa; Pokrvenik i Zaraće - Hvar	Site of Community Importance (Habitats Directive)	Site of Community Importance (Habitats Directive)	Regional	Marine Natura 2000 site	Marine Protected Area	Not reported	Not reported	{HRV}	{MAD}	2.28	2.16	2.28	2.28	100	95	Designated	2014	Not reported	Not reported	Not reported		Not listed	https://natura2000.eea.europa.eu/?query=Natura2000Sites_9883_0,SITECODE,HR3000143	European Environment Agency	2020-06-19	N2K_end2019_21-04-2020
314		555578707	HR3000149		Uvale Prapratna i Makarac - Hvar	Uvale Prapratna i Makarac - Hvar	Site of Community Importance (Habitats Directive)	Site of Community Importance (Habitats Directive)	Regional	Marine Natura 2000 site	Marine Protected Area	Not reported	Not reported	{HRV}	{MAD}	0.23	0.19	0.23	0.23	100	83	Designated	2014	Not reported	Not reported	Not reported		Not listed	https://natura2000.eea.europa.eu/?query=Natura2000Sites_9883_0,SITECODE,HR3000149	European Environment Agency	2020-06-19	N2K_end2019_21-04-2020
315		555578611	HR3000038		Uvale Svetojanj V. i M.; uvala Lusk	Uvale Svetojanj V. i M.; uvala Lusk	Site of Community Importance (Habitats Directive)	Site of Community Importance (Habitats Directive)	Regional	Marine Natura 2000 site	Marine Protected Area	Not reported	Not reported	{HRV}	{MAD}	0.43	0.27	0.43	0.43	100	63	Designated	2014	Not reported	Not reported	Not reported		Not listed	https://natura2000.eea.europa.eu/?query=Natura2000Sites_9883_0,SITECODE,HR3000038	European Environment Agency	2020-06-19	N2K_end2019_21-04-2020
316		555578757	HR3000439		Uvale Tratinska i Balun	Uvale Tratinska i Balun	Site of Community Importance (Habitats Directive)	Site of Community Importance (Habitats Directive)	Regional	Marine Natura 2000 site	Marine Protected Area	Not reported	Not reported	{HRV}	{MAD}	0.47	0.36	0.47	0.47	100	77	Designated	2014	Not reported	Not reported	Not reported		Not listed	https://natura2000.eea.europa.eu/?query=Natura2000Sites_9883_0,SITECODE,HR3000439	European Environment Agency	2020-06-19	N2K_end2019_21-04-2020
317		555578695	HR3000131		Uvale Vira donja i Vira gornja	Uvale Vira donja i Vira gornja	Site of Community Importance (Habitats Directive)	Site of Community Importance (Habitats Directive)	Regional	Marine Natura 2000 site	Marine Protected Area	Not reported	Not reported	{HRV}	{MAD}	0.13	0.1	0.13	0.13	100	77	Designated	2014	Not reported	Not reported	Not reported		Not listed	https://natura2000.eea.europa.eu/?query=Natura2000Sites_9883_0,SITECODE,HR3000131	European Environment Agency	2020-06-19	N2K_end2019_21-04-2020
313		555578655	HR3000089		Uvale oko rta Ploča	Uvale oko rta Ploča	Site of Community Importance (Habitats Directive)	Site of Community Importance (Habitats Directive)	Regional	Marine Natura 2000 site	Marine Protected Area	Not reported	Not reported	{HRV}	{MAD}	1.9	1.67	1.9	1.9	100	88	Designated	2014	Not reported	Not reported	Not reported		Not listed	https://natura2000.eea.europa.eu/?query=Natura2000Sites_9883_0,SITECODE,HR3000089	European Environment Agency	2020-06-19	N2K_end2019_21-04-2020
267		555578690	HR3000126		Ušće Cetine	Ušće Cetine	Site of Community Importance (Habitats Directive)	Site of Community Importance (Habitats Directive)	Regional	Marine Natura 2000 site	Marine Protected Area	Not reported	Not reported	{HRV}	{MAD}	6.67	6.38	6.67	6.67	100	96	Designated	2014	Not reported	Not reported	Not reported		Not listed	https://natura2000.eea.europa.eu/?query=Natura2000Sites_9883_0,SITECODE,HR3000126	European Environment Agency	2020-06-19	N2K_end2019_21-04-2020
268		555578722	HR3000171		Ušće Krke	Ušće Krke	Site of Community Importance (Habitats Directive)	Site of Community Importance (Habitats Directive)	Regional	Marine Natura 2000 site	Marine Protected Area	Not reported	Not reported	{HRV}	{MAD}	6.19	19.03	44.24	44.24	14	43	Designated	2014	Not reported	Not reported	Not reported		Not listed	https://natura2000.eea.europa.eu/?query=Natura2000Sites_9883_0,SITECODE,HR3000171	European Environment Agency	2020-06-19	N2K_end2019_21-04-2020
269		555578754	HR3000433		Ušće Mirne	Ušće Mirne	Site of Community Importance (Habitats Directive)	Site of Community Importance (Habitats Directive)	Regional	Marine Natura 2000 site	Marine Protected Area	Not reported	Not reported	{HRV}	{MAD}	0.58	0.47	1.15	1.15	50	41	Designated	2014	Not reported	Not reported	Not reported		Not listed	https://natura2000.eea.europa.eu/?query=Natura2000Sites_9883_0,SITECODE,HR3000433	European Environment Agency	2020-06-19	N2K_end2019_21-04-2020
270		555578753	HR3000432		Ušće Raše	Ušće Raše	Site of Community Importance (Habitats Directive)	Site of Community Importance (Habitats Directive)	Regional	Marine Natura 2000 site	Marine Protected Area	Not reported	Not reported	{HRV}	{MAD}	0.38	0.34	0.44	0.44	87	77	Designated	2014	Not reported	Not reported	Not reported		Not listed	https://natura2000.eea.europa.eu/?query=Natura2000Sites_9883_0,SITECODE,HR3000432	European Environment Agency	2020-06-19	N2K_end2019_21-04-2020
318		555578650	HR3000082		V. i M. Skala	V. i M. Skala	Site of Community Importance (Habitats Directive)	Site of Community Importance (Habitats Directive)	Regional	Marine Natura 2000 site	Marine Protected Area	Not reported	Not reported	{HRV}	{MAD}	0.58	0.52	0.58	0.58	100	90	Designated	2014	Not reported	Not reported	Not reported		Not listed	https://natura2000.eea.europa.eu/?query=Natura2000Sites_9883_0,SITECODE,HR3000082	European Environment Agency	2020-06-19	N2K_end2019_21-04-2020
319		555578589	HR3000015		V. i M. Srakane	V. i M. Srakane	Site of Community Importance (Habitats Directive)	Site of Community Importance (Habitats Directive)	Regional	Marine Natura 2000 site	Marine Protected Area	Not reported	Not reported	{HRV}	{MAD}	2.65	2.28	2.65	2.65	100	86	Designated	2014	Not reported	Not reported	Not reported		Not listed	https://natura2000.eea.europa.eu/?query=Natura2000Sites_9883_0,SITECODE,HR3000015	European Environment Agency	2020-06-19	N2K_end2019_21-04-2020
322		555578620	HR3000050		Vinjerac - Masleničko ždrilo	Vinjerac - Masleničko ždrilo	Site of Community Importance (Habitats Directive)	Site of Community Importance (Habitats Directive)	Regional	Marine Natura 2000 site	Marine Protected Area	Not reported	Not reported	{HRV}	{MAD}	3.61	3.46	3.61	3.61	100	96	Designated	2014	Not reported	Not reported	Not reported		Not listed	https://natura2000.eea.europa.eu/?query=Natura2000Sites_9883_0,SITECODE,HR3000050	European Environment Agency	2020-06-19	N2K_end2019_21-04-2020
323		555578785	HR3000469		Viški akvatorij	Viški akvatorij	Site of Community Importance (Habitats Directive)	Site of Community Importance (Habitats Directive)	Regional	Marine Natura 2000 site	Marine Protected Area	Not reported	Not reported	{HRV}	{MAD}	518.77	518.89	518.77	518.86	100	100	Designated	2014	Not reported	Not reported	Not reported		Not listed	https://natura2000.eea.europa.eu/?query=Natura2000Sites_9883_0,SITECODE,HR3000469	European Environment Agency	2020-06-19	N2K_end2019_21-04-2020
324		555578579	HR3000003		Vrsarski otoci	Vrsarski otoci	Site of Community Importance (Habitats Directive)	Site of Community Importance (Habitats Directive)	Regional	Marine Natura 2000 site	Marine Protected Area	Not reported	Not reported	{HRV}	{MAD}	8.82	8.33	8.82	8.81	100	95	Designated	2014	Not reported	Not reported	Not reported		Not listed	https://natura2000.eea.europa.eu/?query=Natura2000Sites_9883_0,SITECODE,HR3000003	European Environment Agency	2020-06-19	N2K_end2019_21-04-2020
1339		555578735	HR3000279		Vrulja Plantaža	Vrulja Plantaža	Site of Community Importance (Habitats Directive)	Site of Community Importance (Habitats Directive)	Regional	Marine Natura 2000 site	Marine Protected Area	Not reported	Not reported	{HRV}	{MAD}	0.01	0.01	0.01	0.01	100	100	Designated	2014	Not reported	Not reported	Not reported		Not listed	https://natura2000.eea.europa.eu/?query=Natura2000Sites_9883_0,SITECODE,HR3000279	European Environment Agency	2020-06-19	N2K_end2019_21-04-2020
1340		555578736	HR3000280		Vrulja Zečica	Vrulja Zečica	Site of Community Importance (Habitats Directive)	Site of Community Importance (Habitats Directive)	Regional	Marine Natura 2000 site	Marine Protected Area	Not reported	Not reported	{HRV}	{MAD}	0.01	0.01	0.01	0.01	100	100	Designated	2014	Not reported	Not reported	Not reported		Not listed	https://natura2000.eea.europa.eu/?query=Natura2000Sites_9883_0,SITECODE,HR3000280	European Environment Agency	2020-06-19	N2K_end2019_21-04-2020
325		555578638	HR3000070		Z. obala Dugog otoka	Z. obala Dugog otoka	Site of Community Importance (Habitats Directive)	Site of Community Importance (Habitats Directive)	Regional	Marine Natura 2000 site	Marine Protected Area	Not reported	Not reported	{HRV}	{MAD}	6.63	5.88	6.63	6.63	100	89	Designated	2014	Not reported	Not reported	Not reported		Not listed	https://natura2000.eea.europa.eu/?query=Natura2000Sites_9883_0,SITECODE,HR3000070	European Environment Agency	2020-06-19	N2K_end2019_21-04-2020
326		555578598	HR3000025		Zaljev Kampor na Rabu	Zaljev Kampor na Rabu	Site of Community Importance (Habitats Directive)	Site of Community Importance (Habitats Directive)	Regional	Marine Natura 2000 site	Marine Protected Area	Not reported	Not reported	{HRV}	{MAD}	2.24	1.97	2.24	2.24	100	88	Designated	2014	Not reported	Not reported	Not reported		Not listed	https://natura2000.eea.europa.eu/?query=Natura2000Sites_9883_0,SITECODE,HR3000025	European Environment Agency	2020-06-19	N2K_end2019_21-04-2020
328		555578746	HR3000417		Zaljev Sv. Eufemije na Rabu	Zaljev Sv. Eufemije na Rabu	Site of Community Importance (Habitats Directive)	Site of Community Importance (Habitats Directive)	Regional	Marine Natura 2000 site	Marine Protected Area	Not reported	Not reported	{HRV}	{MAD}	1.1	0.92	1.1	1.1	100	84	Designated	2014	Not reported	Not reported	Not reported		Not listed	https://natura2000.eea.europa.eu/?query=Natura2000Sites_9883_0,SITECODE,HR3000417	European Environment Agency	2020-06-19	N2K_end2019_21-04-2020
1290	1290	81191			Zavratnica	Zavratnica	Significant Landscape (Croatia)	Značajni Krajobraz	National	MPA with a national statute	Marine Protected Area	Main	V - Protected landscape/seascape	{HRV}	{MAD}	0.08	0.04	0.41	0.41	20	10	Designated	1964	Not reported	Regional authorities (Counties)	Not reported		Not listed	https://www.protectedplanet.net/81191	European Environment Agency	2020-06-18	CDDA_v18_29-05-2020
1759	1759	81199			Zelena Spilja	Spilja Na Otoku Ravniku	Natural Monument (Croatia)	Spomenik Prirode	National	MPA with a national statute	Marine Protected Area	Main	Not reported	{HRV}	{MAD}				0.0			Designated	1967	Federal or national ministry or agency	Not reported	Not reported		Not listed	https://www.protectedplanet.net/81199	European Environment Agency	2021-01-21	CDDA_v18_29-05-2020 (1 meter buffer made by MedPAN to change the type of geometry: point to polygon)
330		555578684	HR3000120		Zlatni rat na Braču - podmorje	Zlatni rat na Braču - podmorje	Site of Community Importance (Habitats Directive)	Site of Community Importance (Habitats Directive)	Regional	Marine Natura 2000 site	Marine Protected Area	Not reported	Not reported	{HRV}	{MAD}	0.57	0.47	0.57	0.57	100	82	Designated	2014	Not reported	Not reported	Not reported		Not listed	https://natura2000.eea.europa.eu/?query=Natura2000Sites_9883_0,SITECODE,HR3000120	European Environment Agency	2020-06-19	N2K_end2019_21-04-2020
1683	1683	81173			Zræe	Zræe	Significant Landscape (Croatia)	Značajni Krajobraz	National	MPA with a national statute	Marine Protected Area	Main	V - Protected landscape/seascape	{HRV}	{MAD}	1.54	1.5	3.59	3.59	43	42	Designated	1988	Not reported	Regional authorities (Counties)	Not reported		Not listed	https://www.protectedplanet.net/81173	European Environment Agency	2020-06-18	CDDA_v18_29-05-2020
58		555578782	HR3000466		Čiovo od uvale Orlice do rta Čiova	Čiovo od uvale Orlice do rta Čiova	Site of Community Importance (Habitats Directive)	Site of Community Importance (Habitats Directive)	Regional	Marine Natura 2000 site	Marine Protected Area	Not reported	Not reported	{HRV}	{MAD}	2.22	1.72	2.22	2.22	100	77	Designated	2014	Not reported	Not reported	Not reported		Not listed	https://natura2000.eea.europa.eu/?query=Natura2000Sites_9883_0,SITECODE,HR3000466	European Environment Agency	2020-06-19	N2K_end2019_21-04-2020
251		555578774	HR3000458		Šolta od uvale Šipkova do Grčkog rata	Šolta od uvale Šipkova do Grčkog rata	Site of Community Importance (Habitats Directive)	Site of Community Importance (Habitats Directive)	Regional	Marine Natura 2000 site	Marine Protected Area	Not reported	Not reported	{HRV}	{MAD}	1.3	1.06	1.3	1.3	100	82	Designated	2014	Not reported	Not reported	Not reported		Not listed	https://natura2000.eea.europa.eu/?query=Natura2000Sites_9883_0,SITECODE,HR3000458	European Environment Agency	2020-06-19	N2K_end2019_21-04-2020
1336		555578732	HR3000208		Špilja kod iškog Mrtovnjaka	Špilja kod iškog Mrtovnjaka	Site of Community Importance (Habitats Directive)	Site of Community Importance (Habitats Directive)	Regional	Marine Natura 2000 site	Marine Protected Area	Not reported	Not reported	{HRV}	{MAD}	0.01	0.01	0.01	0.01	100	100	Designated	2014	Not reported	Not reported	Not reported		Not listed	https://natura2000.eea.europa.eu/?query=Natura2000Sites_9883_0,SITECODE,HR3000208	European Environment Agency	2020-06-19	N2K_end2019_21-04-2020
1330		555578554	HR2001478		Špilja pod Neharom	Špilja pod Neharom	Site of Community Importance (Habitats Directive)	Site of Community Importance (Habitats Directive)	Regional	Marine Natura 2000 site	Marine Protected Area	Not reported	Not reported	{HRV}	{MAD}	0.01	0.01	0.01	0.01	100	100	Designated	2014	Not reported	Not reported	Not reported		Not listed	https://natura2000.eea.europa.eu/?query=Natura2000Sites_9883_0,SITECODE,HR2001478	European Environment Agency	2020-06-19	N2K_end2019_21-04-2020
1337		555578733	HR3000247		Špilja podno Kostrija (Vrbnička špilja)	Špilja podno Kostrija (Vrbnička špilja)	Site of Community Importance (Habitats Directive)	Site of Community Importance (Habitats Directive)	Regional	Marine Natura 2000 site	Marine Protected Area	Not reported	Not reported	{HRV}	{MAD}	0.01	0.01	0.01	0.01	100	100	Designated	2014	Not reported	Not reported	Not reported		Not listed	https://natura2000.eea.europa.eu/?query=Natura2000Sites_9883_0,SITECODE,HR3000247	European Environment Agency	2020-06-19	N2K_end2019_21-04-2020
1331		555578555	HR2001479		Špilje od Konjavca	Špilje od Konjavca	Site of Community Importance (Habitats Directive)	Site of Community Importance (Habitats Directive)	Regional	Marine Natura 2000 site	Marine Protected Area	Not reported	Not reported	{HRV}	{MAD}	0.01	0.01	0.01	0.01	100	100	Designated	2014	Not reported	Not reported	Not reported		Not listed	https://natura2000.eea.europa.eu/?query=Natura2000Sites_9883_0,SITECODE,HR2001479	European Environment Agency	2020-06-19	N2K_end2019_21-04-2020
1332		555578556	HR2001480		Špiljica u luci Trstena	Špiljica u luci Trstena	Site of Community Importance (Habitats Directive)	Site of Community Importance (Habitats Directive)	Regional	Marine Natura 2000 site	Marine Protected Area	Not reported	Not reported	{HRV}	{MAD}	0.01	0.0	0.01	0.01	100	0	Designated	2014	Not reported	Not reported	Not reported		Not listed	https://natura2000.eea.europa.eu/?query=Natura2000Sites_9883_0,SITECODE,HR2001480	European Environment Agency	2020-06-19	N2K_end2019_21-04-2020
1333		555578557	HR2001481		Špiljice kod mola od Orašca	Špiljice kod mola od Orašca	Site of Community Importance (Habitats Directive)	Site of Community Importance (Habitats Directive)	Regional	Marine Natura 2000 site	Marine Protected Area	Not reported	Not reported	{HRV}	{MAD}	0.01	0.01	0.01	0.01	100	100	Designated	2014	Not reported	Not reported	Not reported		Not listed	https://natura2000.eea.europa.eu/?query=Natura2000Sites_9883_0,SITECODE,HR2001481	European Environment Agency	2020-06-19	N2K_end2019_21-04-2020
179			HR3000119		Šćedro - podmorje	Šćedro - podmorje	Site of Community Importance (Habitats Directive)	Site of Community Importance (Habitats Directive)	Regional	Marine Natura 2000 site	Marine Protected Area	Not reported	Not reported	{HRV}	{MAD}	4.93	4.58	4.93	5.0	100	92	Designated	2014	Not reported	Not reported	Not reported		Not listed	https://natura2000.eea.europa.eu/?query=Natura2000Sites_9883_0,SITECODE,HR3000119	European Environment Agency	2020-06-19	N2K_end2019_21-04-2020
329		555578758	HR3000440		Žirje - Kabal	Žirje - Kabal	Site of Community Importance (Habitats Directive)	Site of Community Importance (Habitats Directive)	Regional	Marine Natura 2000 site	Marine Protected Area	Not reported	Not reported	{HRV}	{MAD}	2.98	2.47	2.98	2.98	100	83	Designated	2014	Not reported	Not reported	Not reported		Not listed	https://natura2000.eea.europa.eu/?query=Natura2000Sites_9883_0,SITECODE,HR3000440	European Environment Agency	2020-06-19	N2K_end2019_21-04-2020
1761	1761	555651616			Holot Nizzanim (harhava)	חולות ניצנים	Nature Reserve (Israel)	שמורת טבע	National	MPA with a national statute	Marine Protected Area	Main	Not reported	{ISR}	{MAL}	0.72	0.47	7.58	20.27	9	2	Designated	2005	Federal or national ministry or agency	Israel Nature and Park Authority	Not reported		Not listed	https://www.protectedplanet.net/555651616	Israel Nature and Parks Authority	2022-02-22	Polygon downloaded from Protected Planet in February 2022.
611	611	14992			Iyye Hof Dor U-Ma'agan Mikha'el	איי חוף דור ומעגן מיכאל	Nature Reserve (Israel)	שמורת טבע	National	MPA with a national statute	Marine Protected Area	Main	III - Natural monument or feature	{ISR}	{MAL}	0.02	0.0	0.02	0.02	100	0	Designated	1964	Not reported	Israel Nature and Park Authority	Not reported		Not listed	https://www.protectedplanet.net/14992	Israel Nature and Parks Authority	2011-01-12	Polygon provided to MedPAN by the Israel Nature and Park Authority in December 2011.
615	1744				Iyye Hof Rosh Ha-Niqra	איי חוף ראש הנקרה	Nature Reserve (Israel)	שמורת טבע	National	MPA with a national statute	Marine Protected Area	Secondary	Not reported	{ISR}	{MAL}	0.31	0.31	0.31	0.31	100	100	Designated	1965	Not reported	Israel Nature and Park Authority	Not reported		Not listed		Israel Nature and Parks Authority	2011-01-12	Polygon provided to MedPAN by the Israel Nature and Park Authority in December 2011.
614	1744				Rosh Haniqra – Akhziv	ראש הנקרה – אכזיב	Marine Protected Area (Israel)	אזור מוגן ימי	National	MPA with a national statute	Marine Protected Area	Secondary	Not reported	{ISR}	{MAL}	11.16	10.88	11.16	11.15	100	98	Designated	2005	Not reported	Israel Nature and Park Authority	Not reported		Not listed		Israel Nature and Parks Authority	2022-02-22	Polygon provided to MedPAN by the Israel Nature and Park Authority in October 2021.
619	619	555549332			Shiqmona	שקמונה	Nature Reserve (Israel)	שמורת טבע	National	MPA with a national statute	Marine Protected Area	Main	II - National park	{ISR}	{MAL}	1.67	1.61	1.68	1.74	99	93	Designated	2008	Federal or national ministry or agency	Israel Nature and Park Authority	Partially implemented		Not listed	https://www.protectedplanet.net/555549332	Israel Nature and Parks Authority	2011-01-12	Polygon provided to MedPAN by the Israel Nature and Park Authority in December 2011.
623	623	13744			Yam Dor Ha-Bonim	ים דור הבונים	Nature Reserve (Israel)	שמורת טבע	National	MPA with a national statute	Marine Protected Area	Main	IV - Habitat/species management area	{ISR}	{MAL}	5.23	4.47	5.23	5.11	100	87	Designated	2005	Not reported	Israel Nature and Park Authority	Not reported		Not listed	https://www.protectedplanet.net/13744	Israel Nature and Parks Authority	2022-02-22	Polygon provided to MedPAN by the Israel Nature and Park Authority in October 2021.
624	623				Yam Dor Ha-Bonim	ים דור הבונים	Marine Protected Area (Israel)	אזור מוגן ימי	National	MPA with a national statute	Marine Protected Area	Secondary	Not reported	{ISR}	{MAL}	12.6	11.2	12.6	12.59	100	89	Designated	2002	Not reported	Israel Nature and Park Authority	Not reported		Not listed		Israel Nature and Parks Authority	2011-01-12	Polygon provided to MedPAN by the Israel Nature and Park Authority in December 2011.
625	625	317000			Yam Evtah	ים אבטח	Nature Reserve (Israel)	שמורת טבע	National	MPA with a national statute	Marine Protected Area	Main	II - National park	{ISR}	{MAL}	1.34	0.67	1.34	1.33	100	50	Designated	2003	Not reported	Israel Nature and Park Authority	Not reported		Not listed	https://www.protectedplanet.net/317000	Israel Nature and Parks Authority	2011-01-12	Polygon provided to MedPAN by the Israel Nature and Park Authority in December 2011.
627	627	555651607			Yam Gador	ים גדור	Nature Reserve (Israel)	שמורת טבע	National	MPA with a national statute	Marine Protected Area	Main	II - National park	{ISR}	{MAL}	0.84	0.33	0.84	0.83	100	40	Designated	2004	Not reported	Israel Nature and Park Authority	Not reported		Not listed	https://www.protectedplanet.net/555651607	Israel Nature and Parks Authority	2022-02-22	Polygon provided to MedPAN by the Israel Nature and Park Authority in October 2021.
1744	1744				Yam Rosh Haniqra – Akhziv	ים ראש הנקרה – אכזיב	Nature Reserve (Israel)	שמורת טבע	National	MPA with a national statute	Marine Protected Area	Main	Not reported	{ISR}	{MAL}	100.0	99.67	100.0	100.06	100	100	Designated	2019	Not reported	Israel Nature and Park Authority	Not reported		Not listed		Israel Nature and Parks Authority	2022-02-22	Polygon provided to MedPAN by the Israel Nature and Park Authority in October 2021.
618	618	555549318			Yam Shiqma	ים שקמה	Nature Reserve (Israel)	שמורת טבע	National	MPA with a national statute	Marine Protected Area	Main	II - National park	{ISR}	{MAL}	1.03	0.55	1.03	1.1	100	50	Designated	2005	Not reported	Israel Nature and Park Authority	Not reported		Not listed	https://www.protectedplanet.net/555549318	Israel Nature and Parks Authority	2011-01-12	Polygon provided to MedPAN by the Israel Nature and Park Authority in December 2011.
1511	1511				East of Malta Bank (Strait of Sicily)	East of Malta Bank (Strait of Sicily)	Protection of Essential Fish Habitats (EFH)	Protection of Essential Fish Habitats (EFH)	Regional	Fisheries Restricted Area (EFH)	OECM (potential)	Main	Not applicable	{ITA,MLT}	{MAD}	644.0	644.38	644.0	644.39	100	100	Designated	2016	Not reported	Not reported	Not reported		Not listed	http://www.fao.org/gfcm/data/maps/fras	General Fisheries Commission for the Mediterranean (GFCM)	2021-01-22	Data downloaded from the GFCM website in January 2021 (http://www.fao.org/gfcm/data/map-fisheries-restricted-areas/en).
635		555529506	IT9210015		Acquafredda di Maratea	Acquafredda di Maratea	Special Area of Conservation (Habitats Directive)	Special Area of Conservation (Habitats Directive)	Regional	Marine Natura 2000 site	Marine Protected Area	Not reported	Not reported	{ITA}	{MWE}	3.31	3.12	5.52	5.53	60	56	Designated	2017	Not reported	Not reported	Not reported		Not listed	https://natura2000.eea.europa.eu/?query=Natura2000Sites_9883_0,SITECODE,IT9210015	European Environment Agency	2020-06-19	N2K_end2019_21-04-2020
636		555529483	IT9150011		Alimini	Alimini	Special Area of Conservation (Habitats Directive)	Special Area of Conservation (Habitats Directive)	Regional	Marine Natura 2000 site	Marine Protected Area	Not reported	Not reported	{ITA}	{MAD}	22.3	23.15	37.16	37.11	60	62	Designated	2018	Not reported	Regione Puglia	Fully implemented	https://www.regione.puglia.it/	Not listed	https://natura2000.eea.europa.eu/?query=Natura2000Sites_9883_0,SITECODE,IT9150011	European Environment Agency	2020-06-19	N2K_end2019_21-04-2020
637		555529475	IT9150003		Aquatina di Frigole	Aquatina di Frigole	Special Area of Conservation (Habitats Directive)	Special Area of Conservation (Habitats Directive)	Regional	Marine Natura 2000 site	Marine Protected Area	Not reported	Not reported	{ITA}	{MAD}	30.05	30.66	31.63	31.59	95	97	Designated	2018	Not reported	Regione Puglia	Fully implemented	https://www.regione.puglia.it/	Not listed	https://natura2000.eea.europa.eu/?query=Natura2000Sites_9883_0,SITECODE,IT9150003	European Environment Agency	2020-06-19	N2K_end2019_21-04-2020
642	638		ITB010008		Arcipelago La Maddalena	Arcipelago La Maddalena	SPA (Birds Directive) + pSCI (Habitats Directive)	SPA (Birds Directive) + pSCI (Habitats Directive)	Regional	Marine Natura 2000 site	Marine Protected Area	Secondary	Not reported	{ITA}	{MWE}	165.93	160.36	210.04	210.2	79	76	Designated	2009	Not reported	Not reported	Not reported		Not listed	https://natura2000.eea.europa.eu/?query=Natura2000Sites_9883_0,SITECODE,ITB010008	European Environment Agency	2020-06-19	N2K_end2019_21-04-2020
644	644	32674			Arcipelago Toscano	Arcipelago Toscano	National Park (Italy)	Parco Nazionale	National	MPA with a national statute	Marine Protected Area	Main	II - National park	{ITA}	{MWE}	566.89	559.8	736.22	730.08	77	77	Designated	1996	Not reported	Arcipelago Toscano National Park	Not reported		Candidate	http://www.islepark.it	European Environment Agency	2013-01-07	CDDA_v11 (v18 is incomplete)
639		555540555	ITA010027		Arcipelago delle Egadi - area marina e terrestre	Arcipelago delle Egadi - area marina e terrestre	Special Protection Area (Birds Directive)	Special Protection Area (Birds Directive)	Regional	Marine Natura 2000 site	Marine Protected Area	Not reported	Not reported	{ITA}	{MWE}	449.11	445.07	482.91	482.6	93	92	Designated	2005	Not reported	Not reported	Not reported		Not listed	https://natura2000.eea.europa.eu/?query=Natura2000Sites_9883_0,SITECODE,ITA010027	European Environment Agency	2020-06-19	N2K_end2019_21-04-2020
640		555540569	ITA030044		Arcipelago delle Eolie - area marina e terrestre	Arcipelago delle Eolie - area marina e terrestre	Special Protection Area (Birds Directive)	Special Protection Area (Birds Directive)	Regional	Marine Natura 2000 site	Marine Protected Area	Not reported	Not reported	{ITA}	{MWE}	330.91	324.67	418.87	419.2	79	77	Designated	2006	Not reported	"Azienda FF.DD
Provincia di Messina"	Not reported		Not listed	https://natura2000.eea.europa.eu/?query=Natura2000Sites_9883_0,SITECODE,ITA030044	European Environment Agency	2020-06-19	N2K_end2019_21-04-2020
641		555540570	ITA040013		Arcipelago delle Pelagie - area marina e terrestre	Arcipelago delle Pelagie - area marina e terrestre	Special Protection Area (Birds Directive)	Special Protection Area (Birds Directive)	Regional	Marine Natura 2000 site	Marine Protected Area	Not reported	Not reported	{ITA}	{MIC}	3337.18	3851.45	3880.44	3879.4	86	99	Designated	2005	Not reported	"Area marina protetta ""Isole Pelagie"" Istituita con D.M. 21 Ottobre 2002, 
Ente gestore provvisorio Comune di Lampedusa e Comune di Linosa."	Not reported		Not listed	https://natura2000.eea.europa.eu/?query=Natura2000Sites_9883_0,SITECODE,ITA040013	European Environment Agency	2020-06-19	N2K_end2019_21-04-2020
638	638	166438			Arcipelago di La Maddalena	Arcipelago di La Maddalena	National Park (Italy)	Parco Nazionale	National	MPA with a national statute	Marine Protected Area	Main	II - National park	{ITA}	{MWE}	151.1	145.17	201.46	201.66	75	72	Designated	1996	Not reported	Arcipelago della Maddalena National Park	Not reported		Not listed	http://www.lamaddalenapark.it	European Environment Agency	2013-01-07	CDDA_v11 (v18 is incomplete)
1684		555703312	ITA090031		Area Marina di Capo Passero	Area Marina di Capo Passero	Special Protection Area (Birds Directive)	Special Protection Area (Birds Directive)	Regional	Marine Natura 2000 site	Marine Protected Area	Not reported	Not reported	{ITA}	{MIC}	743.51	741.98	743.51	744.1	100	100	Designated	2019	Not reported	Not reported	Not reported		Not listed	https://natura2000.eea.europa.eu/?query=Natura2000Sites_9883_0,SITECODE,ITA090031	European Environment Agency	2020-06-19	N2K_end2019_21-04-2020
645		555578838	IT3340007		Area marina di Miramare	Area marina di Miramare	Proposed Site of Community Importance (Habitats Directive)	Proposed Site of Community Importance (Habitats Directive)	Regional	Marine Natura 2000 proposed site	Site of conservation interest	Not reported	Not reported	{ITA}	{MAD}	0.25	0.21	0.25	0.25	99	84	Proposed	2011	Not reported	Regione Autonoma Friuli Venezia Giulia – Direzione Centrale risorse rurali, agroalimentari e forestali – Servizio caccia, risorse ittiche e biodiversità	Not reported		Not listed	https://natura2000.eea.europa.eu/?query=Natura2000Sites_9883_0,SITECODE,IT3340007	European Environment Agency	2020-06-19	N2K_end2019_21-04-2020
646		555540258	IT3341002		Aree Carsiche della Venezia Giulia	Aree Carsiche della Venezia Giulia	Special Protection Area (Birds Directive)	Special Protection Area (Birds Directive)	Regional	Marine Natura 2000 site	Marine Protected Area	Not reported	Not reported	{ITA}	{MAD}	2.44	1.41	121.89	121.96	2	1	Designated	2005	Not reported	Not reported	Not reported		Not listed	https://natura2000.eea.europa.eu/?query=Natura2000Sites_9883_0,SITECODE,IT3341002	European Environment Agency	2020-06-19	N2K_end2019_21-04-2020
647	647	182720			Baia	Baia	Underwater Park (Italy)	Parco Sommerso	National	MPA with a national statute	Marine Protected Area	Main	IV - Habitat/species management area	{ITA}	{MWE}	1.77	1.72	1.77	1.83	100	94	Designated	2002	Not reported	Soprintendenza per i Beni Archeologici di Napoli	Not reported		Not listed	https://www.protectedplanet.net/182720	Ministry of the Environment	2016-06-28	GIS layer digitised by MedPAN using QGis 2.8.5 according to the coordinates provided in the Decreto del 7 agosto 2002 establishing the MPA. Coordinates were shifted to fit the coastline.
1685		555703306	ITA010033		Banchi di Marettimo	Banchi di Marettimo	Proposed Site of Community Importance (Habitats Directive)	Proposed Site of Community Importance (Habitats Directive)	Regional	Marine Natura 2000 proposed site	Site of conservation interest	Not reported	Not reported	{ITA}	{MWE}	61.69	61.64	61.69	61.64	100	100	Proposed	2019	Not reported	Not reported	Not reported		Not listed	https://natura2000.eea.europa.eu/?query=Natura2000Sites_9883_0,SITECODE,ITA010033	European Environment Agency	2020-06-19	N2K_end2019_21-04-2020
648		555529938	ITB020012		Berchida e Bidderosa	Berchida e Bidderosa	Special Area of Conservation (Habitats Directive)	Special Area of Conservation (Habitats Directive)	Regional	Marine Natura 2000 site	Marine Protected Area	Not reported	Not reported	{ITA}	{MWE}	8.25	8.34	26.6	26.62	31	31	Designated	2017	Not reported	Regione Autonoma della Sardegna	Fully implemented	http://buras.regione.sardegna.it/custom/frontend/viewPart.xhtml?partId=4ee5f3e3-8c20-45e9-9c8e-19b6571c32d8	Not listed	https://natura2000.eea.europa.eu/?query=Natura2000Sites_9883_0,SITECODE,ITB020012	European Environment Agency	2020-06-19	N2K_end2019_21-04-2020
649		555540578	ITA070029		Biviere di Lentini, tratto mediano e foce del Fiume Simeto e area antistante la foce	Biviere di Lentini, tratto mediano e foce del Fiume Simeto e area antistante la foce	Special Protection Area (Birds Directive)	Special Protection Area (Birds Directive)	Regional	Marine Natura 2000 site	Marine Protected Area	Not reported	Not reported	{ITA}	{MIC}	37.78	17.73	61.94	61.99	61	29	Designated	2005	Not reported	Provincia di Catania	Not reported		Not listed	https://natura2000.eea.europa.eu/?query=Natura2000Sites_9883_0,SITECODE,ITA070029	European Environment Agency	2020-06-19	N2K_end2019_21-04-2020
651			IT9220055		Bosco Pantano di Policoro e Costa Ionica Foce Sinni	Bosco Pantano di Policoro e Costa Ionica Foce Sinni	SPA (Birds Directive) + SAC (Habitats Directive)	SPA (Birds Directive) + SAC (Habitats Directive)	Regional	Marine Natura 2000 site	Marine Protected Area	Not reported	Not reported	{ITA}	{MIC}	6.64	7.08	17.94	17.95	37	39	Designated	1999	Not reported	Not reported	Not reported		Not listed	https://natura2000.eea.europa.eu/?query=Natura2000Sites_9883_0,SITECODE,IT9220055	European Environment Agency	2020-06-19	N2K_end2019_21-04-2020
652		555529466	IT9140001		Bosco Tramazzone	Bosco Tramazzone	Special Area of Conservation (Habitats Directive)	Special Area of Conservation (Habitats Directive)	Regional	Marine Natura 2000 site	Marine Protected Area	Not reported	Not reported	{ITA}	{MAD}	41.86	42.78	44.06	44.03	95	97	Designated	2018	Not reported	Regione Puglia	Not reported		Not listed	https://natura2000.eea.europa.eu/?query=Natura2000Sites_9883_0,SITECODE,IT9140001	European Environment Agency	2020-06-19	N2K_end2019_21-04-2020
650			IT4060007		Bosco di Volano	Bosco di Volano	SPA (Birds Directive) + pSCI (Habitats Directive)	SPA (Birds Directive) + pSCI (Habitats Directive)	Regional	Marine Natura 2000 site	Marine Protected Area	Not reported	Not reported	{ITA}	{MAD}	1.2	1.71	4.0	4.0	30	43	Designated	1999	Not reported	Not reported	Not reported		Not listed	https://natura2000.eea.europa.eu/?query=Natura2000Sites_9883_0,SITECODE,IT4060007	European Environment Agency	2020-06-19	N2K_end2019_21-04-2020
653		555529978	ITB040051		Bruncu de Su Monte Moru - Geremeas (Mari Pintau)	Bruncu de Su Monte Moru - Geremeas (Mari Pintau)	Special Area of Conservation (Habitats Directive)	Special Area of Conservation (Habitats Directive)	Regional	Marine Natura 2000 site	Marine Protected Area	Not reported	Not reported	{ITA}	{MWE}	1.2	1.14	1.39	1.39	86	82	Designated	2017	Not reported	Regione Autonoma della Sardegna	Fully implemented	http://buras.regione.sardegna.it/custom/frontend/viewPart.xhtml?partId=4ee5f3e3-8c20-45e9-9c8e-19b6571c32d8	Not listed	https://natura2000.eea.europa.eu/?query=Natura2000Sites_9883_0,SITECODE,ITB040051	European Environment Agency	2020-06-19	N2K_end2019_21-04-2020
1686		555529752	ITA020009		Cala Rossa e Capo Rama	Cala Rossa e Capo Rama	Special Area of Conservation (Habitats Directive)	Special Area of Conservation (Habitats Directive)	Regional	Marine Natura 2000 site	Marine Protected Area	Not reported	Not reported	{ITA}	{MWE}	0.3	0.02	2.0	2.0	15	1	Designated	2017	Not reported	Not reported	Not reported		Not listed	https://natura2000.eea.europa.eu/?query=Natura2000Sites_9883_0,SITECODE,ITA020009	European Environment Agency	2020-06-19	N2K_end2019_21-04-2020
654		555529679	IT9350144		Calanchi di Palizzi Marina	Calanchi di Palizzi Marina	Special Area of Conservation (Habitats Directive)	Special Area of Conservation (Habitats Directive)	Regional	Marine Natura 2000 site	Marine Protected Area	Not reported	Not reported	{ITA}	{MIC}	8.87	8.62	11.09	11.1	80	78	Designated	2017	Not reported	Provincia di Reggio Calabria	Fully implemented	http://www.regione.calabria.it/ambiente/index.php?option=com_content&task=view&id=250&Itemid=100	Not listed	https://natura2000.eea.europa.eu/?query=Natura2000Sites_9883_0,SITECODE,IT9350144	European Environment Agency	2020-06-19	N2K_end2019_21-04-2020
1687		555540589	ITB013044		Capo Caccia	Capo Caccia	Special Protection Area (Birds Directive)	Special Protection Area (Birds Directive)	Regional	Marine Natura 2000 site	Marine Protected Area	Not reported	Not reported	{ITA}	{MWE}	18.83	17.99	41.84	41.86	45	43	Designated	2009	Not reported	Regione Autonoma della Sardegna	Not reported		Not listed	https://natura2000.eea.europa.eu/?query=Natura2000Sites_9883_0,SITECODE,ITB013044	European Environment Agency	2020-06-19	N2K_end2019_21-04-2020
657		555529930	ITB010042		Capo Caccia (con le Isole Foradada e Piana) e Punta del Giglio	Capo Caccia (con le Isole Foradada e Piana) e Punta del Giglio	Proposed Site of Community Importance (Habitats Directive)	Proposed Site of Community Importance (Habitats Directive)	Regional	Marine Natura 2000 proposed site	Site of conservation interest	Not reported	Not reported	{ITA}	{MWE}	36.31	35.04	74.1	74.15	49	47	Proposed	1995	Not reported	Regione Autonoma della Sardegna	Fully implemented	http://buras.regione.sardegna.it/custom/frontend/viewPart.xhtml?partId=f1566057-71c1-4f28-a170-4abe3c32e673	Not listed	https://natura2000.eea.europa.eu/?query=Natura2000Sites_9883_0,SITECODE,ITB010042	European Environment Agency	2020-06-19	N2K_end2019_21-04-2020
655	655	182732			Capo Caccia - Isola Piana	Capo Caccia - Isola Piana	Marine Protected Area (Italy)	Area Marina Protetta	National	MPA with a national statute	Marine Protected Area	Main	IV - Habitat/species management area	{ITA}	{MWE}	26.31	25.24	26.31	26.38	100	96	Designated	2002	Not reported	City of Alghero	Not reported		Not listed	http://www.ampcapocaccia.it	European Environment Agency	2020-06-30	CDDA_v18_29-05-2020
656	655	555547510			Capo Caccia-Isola Piana Marine Protected Area	Capo Caccia-Isola Piana Marine Protected Area	SPAMI	Specially Protected Area of Mediterranean Importance	Regional	SPAMI	Marine Protected Area	Secondary	Not assigned	{ITA}	{MWE}	26.31	25.24	26.31	26.38	100	96	Adopted	2009	Not reported	Ministero dell'Ambiente e della Tutela del Territorio e del Mare	Not reported		Not listed	http://www.rac-spa.org/sites/default/files/doc_spamis/spamis/11_capo_caccia.pdf	European Environment Agency	2020-01-07	GIS layer identical to that of the Marine Protected Area (WDPA ID: 182732)
658	658	178838			Capo Carbonara	Capo Carbonara	Marine Protected Area (Italy)	Area Marina Protetta	National	MPA with a national statute	Marine Protected Area	Main	IV - Habitat/species management area	{ITA}	{MWE}	143.61	142.25	143.61	143.29	100	99	Designated	1999	Local communities	Municipality of Villasimius	Partially implemented		Not listed	http://www.ampcapocarbonara.it	Ministry of the Environment	2016-08-06	GIS layer digitised by MedPAN using QGis 2.8.5 according to the coordinates provided in the Decreto del 7 febbraio 2012 updating the MPA creation decree.
659	658	555547505			Capo Carbonara Marine Protected Area	Capo Carbonara Marine Protected Area	SPAMI	Specially Protected Area of Mediterranean Importance	Regional	SPAMI	Marine Protected Area	Secondary	Not assigned	{ITA}	{MWE}	85.98	85.28	85.98	86.35	100	99	Adopted	2012	Not reported	Ministero dell'Ambiente e della Tutela del Territorio e del Mare	Not reported		Not listed	http://rac-spa.org/spami	European Environment Agency	2020-01-07	GIS layer identical to the zones A, B and C of the Marine Protected Area (WDPA ID: 178838)
1688		555540611	ITB043028		Capo Carbonara e stagno di Notteri - Punta Molentis	Capo Carbonara e stagno di Notteri - Punta Molentis	Special Protection Area (Birds Directive)	Special Protection Area (Birds Directive)	Regional	Marine Natura 2000 site	Marine Protected Area	Not reported	Not reported	{ITA}	{MWE}	3.9	4.13	8.67	8.68	45	48	Designated	2009	Not reported	Regione Autonoma della Sardegna	Not reported		Not listed	https://natura2000.eea.europa.eu/?query=Natura2000Sites_9883_0,SITECODE,ITB043028	European Environment Agency	2020-06-19	N2K_end2019_21-04-2020
661		555529927	ITB010009		Capo Figari e Isola Figarolo	Capo Figari e Isola Figarolo	Special Area of Conservation (Habitats Directive)	Special Area of Conservation (Habitats Directive)	Regional	Marine Natura 2000 site	Marine Protected Area	Not reported	Not reported	{ITA}	{MWE}	4.17	3.88	8.51	8.52	49	46	Designated	2017	Not reported	Regione Autonoma della Sardegna	Not reported		Not listed	https://natura2000.eea.europa.eu/?query=Natura2000Sites_9883_0,SITECODE,ITB010009	European Environment Agency	2020-06-19	N2K_end2019_21-04-2020
662		555540587	ITB013018		Capo Figari, Cala Sabina, Punta Canigione e Isola Figarolo	Capo Figari, Cala Sabina, Punta Canigione e Isola Figarolo	Special Protection Area (Birds Directive)	Special Protection Area (Birds Directive)	Regional	Marine Natura 2000 site	Marine Protected Area	Not reported	Not reported	{ITA}	{MWE}	34.86	34.24	40.54	40.57	86	84	Designated	2009	Not reported	Regione Autonoma della Sardegna	Not reported		Not listed	https://natura2000.eea.europa.eu/?query=Natura2000Sites_9883_0,SITECODE,ITB013018	European Environment Agency	2020-06-19	N2K_end2019_21-04-2020
663	663	182731			Capo Gallo - Isola delle Femmine	Capo Gallo - Isola delle Femmine	Marine Protected Area (Italy)	Area Marina Protetta	National	MPA with a national statute	Marine Protected Area	Main	IV - Habitat/species management area	{ITA}	{MWE}	21.73	21.26	21.73	21.8	100	98	Designated	2002	Not reported	Ministero dell'Ambiente e della Tutela del Territorio e del Mare	Not reported		Not listed	http://www.ampcapogallo-isola.gov.it	European Environment Agency	2020-06-30	CDDA_v18_29-05-2020
1689	1689	555691182			Capo Milazzo	Capo Milazzo	Marine Protected Area (Italy)	Area Marina Protetta	National	MPA with a national statute	Marine Protected Area	Main	IV - Habitat/species management area	{ITA}	{MWE}	0.75	7.38	0.75	7.5	100	98	Designated	2018	Not reported	Not reported	Not reported		Not listed	https://www.protectedplanet.net/555691182	European Environment Agency	2020-01-07	CDDA_v18_29-05-2020
664		55529976	ITB040030		Capo Pecora	Capo Pecora	Special Area of Conservation (Habitats Directive)	Special Area of Conservation (Habitats Directive)	Regional	Marine Natura 2000 site	Marine Protected Area	Not reported	Not reported	{ITA}	{MWE}	3.82	3.56	38.23	38.26	10	9	Designated	2017	Not reported	Not reported	Not reported		Not listed	https://natura2000.eea.europa.eu/?query=Natura2000Sites_9883_0,SITECODE,ITB040030	European Environment Agency	2020-06-19	N2K_end2019_21-04-2020
665	665	13168			Capo Rizzuto	Capo Rizzuto	Marine Protected Area (Italy)	Area Marina Protetta	National	MPA with a national statute	Marine Protected Area	Main	IV - Habitat/species management area	{ITA}	{MIC}	147.21	152.94	147.21	154.63	100	99	Designated	1991	Local communities	Regione Calabria - Environment Departement	Partially implemented		Not listed	http://www.ampcaporizzuto.it	European Environment Agency	2020-06-30	CDDA_v18_29-05-2020
666		555529676	IT9350141		Capo S. Giovanni	Capo S. Giovanni	Special Area of Conservation (Habitats Directive)	Special Area of Conservation (Habitats Directive)	Regional	Marine Natura 2000 site	Marine Protected Area	Not reported	Not reported	{ITA}	{MIC}	2.86	2.92	3.41	3.41	84	86	Designated	2017	Not reported	Provincia di Reggio Calabria	Fully implemented	http://www.regione.calabria.it/ambiente/index.php?option=com_content&task=view&id=250&Itemid=100	Not listed	https://natura2000.eea.europa.eu/?query=Natura2000Sites_9883_0,SITECODE,IT9350141	European Environment Agency	2020-06-19	N2K_end2019_21-04-2020
667		555529677	IT9350142		Capo Spartivento	Capo Spartivento	Special Area of Conservation (Habitats Directive)	Special Area of Conservation (Habitats Directive)	Regional	Marine Natura 2000 site	Marine Protected Area	Not reported	Not reported	{ITA}	{MIC}	2.56	2.85	3.65	3.65	70	78	Designated	2017	Not reported	Provincia di Reggio Calabria	Fully implemented	http://www.regione.calabria.it/ambiente/index.php?option=com_content&task=view&id=250&Itemid=100	Not listed	https://natura2000.eea.europa.eu/?query=Natura2000Sites_9883_0,SITECODE,IT9350142	European Environment Agency	2020-06-19	N2K_end2019_21-04-2020
668	1690	555529926	ITB010007		Capo Testa	Capo Testa	Special Area of Conservation (Habitats Directive)	Special Area of Conservation (Habitats Directive)	Regional	Marine Natura 2000 site	Marine Protected Area	Secondary	Not reported	{ITA}	{MWE}	8.88	8.5	12.16	12.17	73	70	Designated	2017	Not reported	Regione Autonoma della Sardegna	Fully implemented	http://buras.regione.sardegna.it/custom/frontend/viewPart.xhtml?partId=f1566057-71c1-4f28-a170-4abe3c32e673	Not listed	https://natura2000.eea.europa.eu/?query=Natura2000Sites_9883_0,SITECODE,ITB010007	European Environment Agency	2020-06-19	N2K_end2019_21-04-2020
1690	1690	555641768			Capo Testa - Punta Falcone	Capo Testa - Punta Falcone	Marine Protected Area (Italy)	Area Marina Protetta	National	MPA with a national statute	Marine Protected Area	Main	IV - Habitat/species management area	{ITA}	{MWE}	51.42	50.7	51.42	50.72	100	100	Designated	2018	Not reported	Ministero dell'Ambiente e della Tutela del Territorio e del Mare	Not reported		Not listed	https://www.protectedplanet.net/555641768	Ministry of the Environment	2020-07-16	GIS layer digitised by MedPAN using QGis 3.10.7 according to the coordinates provided in the Decreto del 17 maggio 2018, n.102.
660		555529988	ITB042216		Capo di Pula	Capo di Pula	Special Area of Conservation (Habitats Directive)	Special Area of Conservation (Habitats Directive)	Regional	Marine Natura 2000 site	Marine Protected Area	Not reported	Not reported	{ITA}	{MWE}	14.66	14.8	15.76	15.78	93	94	Designated	2017	Not reported	Regione Autonoma della Sardegna, Assessorato della difesa dell'Ambiente	Fully implemented	http://buras.regione.sardegna.it/custom/frontend/viewPart.xhtml?partId=4ee5f3e3-8c20-45e9-9c8e-19b6571c32d8	Not listed	https://natura2000.eea.europa.eu/?query=Natura2000Sites_9883_0,SITECODE,ITB042216	European Environment Agency	2020-06-19	N2K_end2019_21-04-2020
669		555528725	IT3340006		Carso Triestino e Goriziano	Carso Triestino e Goriziano	Special Area of Conservation (Habitats Directive)	Special Area of Conservation (Habitats Directive)	Regional	Marine Natura 2000 site	Marine Protected Area	Not reported	Not reported	{ITA}	{MAD}	1.93	1.4	96.48	96.53	2	1	Designated	2013	Not reported	Not reported	Not reported		Not listed	https://natura2000.eea.europa.eu/?query=Natura2000Sites_9883_0,SITECODE,IT3340006	European Environment Agency	2020-06-19	N2K_end2019_21-04-2020
670		555528724	IT3330007		Cavana di Monfalcone	Cavana di Monfalcone	Special Area of Conservation (Habitats Directive)	Special Area of Conservation (Habitats Directive)	Regional	Marine Natura 2000 site	Marine Protected Area	Not reported	Not reported	{ITA}	{MAD}	0.16	0.15	1.33	1.33	12	11	Designated	2013	Not reported	Not reported	Not reported		Not listed	https://natura2000.eea.europa.eu/?query=Natura2000Sites_9883_0,SITECODE,IT3330007	European Environment Agency	2020-06-19	N2K_end2019_21-04-2020
671	671	13160			Cinque Terre	Cinque Terre	Marine Protected Area (Italy)	Area Marina Protetta	National	MPA with a national statute	Marine Protected Area	Main	IV - Habitat/species management area	{ITA}	{MWE}	45.91	47.96	45.91	48.61	100	99	Designated	1997	Not reported	Cinque Terre National Park	Partially implemented		Not listed	http://www.parconazionale5terre.it/index.php	Ministry of the Environment	2016-10-06	GIS layer digitised by MedPAN using QGis 2.8.5 according to the coordinates provided in the Decreto del 20 luglio 2011 modifying the MPA (Aggiornamento dell'area marina protetta Cinque Terre).
1691		555528984	IT5310006		Colle S. Bartolo	Colle S. Bartolo	Special Area of Conservation (Habitats Directive)	Special Area of Conservation (Habitats Directive)	Regional	Marine Natura 2000 site	Marine Protected Area	Not reported	Not reported	{ITA}	{MAD}	6.92	6.84	11.93	11.93	58	57	Designated	2016	Not reported	Regione Autonoma della Sardegna	Not reported		Not listed	https://natura2000.eea.europa.eu/?query=Natura2000Sites_9883_0,SITECODE,IT5310006	European Environment Agency	2020-06-19	N2K_end2019_21-04-2020
1692		555540411	IT5310024		Colle San Bartolo e litorale pesarese	Colle San Bartolo e litorale pesarese	Special Protection Area (Birds Directive)	Special Protection Area (Birds Directive)	Regional	Marine Natura 2000 site	Marine Protected Area	Not reported	Not reported	{ITA}	{MAD}	8.87	9.25	40.31	40.32	22	23	Designated	2003	Not reported	Not reported	Not reported		Not listed	https://natura2000.eea.europa.eu/?query=Natura2000Sites_9883_0,SITECODE,IT5310024	European Environment Agency	2020-06-19	N2K_end2019_21-04-2020
672		555540601	ITB034004		Corru S'Ittiri, stagno di S. Giovanni e Marceddì	Corru S'Ittiri, stagno di S. Giovanni e Marceddì	Special Protection Area (Birds Directive)	Special Protection Area (Birds Directive)	Regional	Marine Natura 2000 site	Marine Protected Area	Not reported	Not reported	{ITA}	{MWE}	22.81	22.84	26.52	26.54	86	86	Designated	2009	Not reported	Regione Autonoma della Sardegna	Not reported		Not listed	https://natura2000.eea.europa.eu/?query=Natura2000Sites_9883_0,SITECODE,ITB034004	European Environment Agency	2020-06-19	N2K_end2019_21-04-2020
677		555529536	IT9220080		Costa Ionica Foce Agri	Costa Ionica Foce Agri	Special Area of Conservation (Habitats Directive)	Special Area of Conservation (Habitats Directive)	Regional	Marine Natura 2000 site	Marine Protected Area	Not reported	Not reported	{ITA}	{MIC}	12.08	16.63	24.15	24.15	50	69	Designated	2017	Not reported	Not reported	Not reported		Not listed	https://natura2000.eea.europa.eu/?query=Natura2000Sites_9883_0,SITECODE,IT9220080	European Environment Agency	2020-06-19	N2K_end2019_21-04-2020
678		555529537	IT9220085		Costa Ionica Foce Basento	Costa Ionica Foce Basento	Special Area of Conservation (Habitats Directive)	Special Area of Conservation (Habitats Directive)	Regional	Marine Natura 2000 site	Marine Protected Area	Not reported	Not reported	{ITA}	{MIC}	8.5	8.69	13.93	13.93	61	62	Designated	2017	Not reported	La Riserva Statale è gestita dal  Corpo Forestale dello Stato - Ufficio Territoriale per la Biodiversità -Potenza.	Not reported		Not listed	https://natura2000.eea.europa.eu/?query=Natura2000Sites_9883_0,SITECODE,IT9220085	European Environment Agency	2020-06-19	N2K_end2019_21-04-2020
679		555529538	IT9220090		Costa Ionica Foce Bradano	Costa Ionica Foce Bradano	Special Area of Conservation (Habitats Directive)	Special Area of Conservation (Habitats Directive)	Regional	Marine Natura 2000 site	Marine Protected Area	Not reported	Not reported	{ITA}	{MIC}	6.59	6.69	11.56	11.56	57	58	Designated	2017	Not reported	La Riserva Statale è gestita dal  Corpo Forestale dello Stato - Ufficio Territoriale per la Biodiversità -Potenza.	Not reported		Not listed	https://natura2000.eea.europa.eu/?query=Natura2000Sites_9883_0,SITECODE,IT9220090	European Environment Agency	2020-06-19	N2K_end2019_21-04-2020
680		555529539	IT9220095		Costa Ionica Foce Cavone	Costa Ionica Foce Cavone	Special Area of Conservation (Habitats Directive)	Special Area of Conservation (Habitats Directive)	Regional	Marine Natura 2000 site	Marine Protected Area	Not reported	Not reported	{ITA}	{MIC}	14.92	15.05	20.44	20.44	73	74	Designated	2017	Not reported	Not reported	Not reported		Not listed	https://natura2000.eea.europa.eu/?query=Natura2000Sites_9883_0,SITECODE,IT9220095	European Environment Agency	2020-06-19	N2K_end2019_21-04-2020
1696		555529474	IT9150002		Costa Otranto - Santa Maria di Leuca	Costa Otranto - Santa Maria di Leuca	Special Area of Conservation (Habitats Directive)	Special Area of Conservation (Habitats Directive)	Regional	Marine Natura 2000 site	Marine Protected Area	Not reported	Not reported	{ITA}	{MAD,MIC}	42.04	40.4	60.93	60.85	69	66	Designated	2018	Not reported	Regione Puglia - Sezione Tutela e Valorizzazione del Paesaggio - Servizio Parchi e Tutela Biodiversità	Not reported		Not listed	https://natura2000.eea.europa.eu/?query=Natura2000Sites_9883_0,SITECODE,IT9150002	European Environment Agency	2020-06-19	N2K_end2019_21-04-2020
684		555540553	IT9350300		Costa Viola	Costa Viola	Special Protection Area (Birds Directive)	Special Protection Area (Birds Directive)	Regional	Marine Natura 2000 site	Marine Protected Area	Not reported	Not reported	{ITA}	{MIC,MWE}	108.87	107.59	294.25	294.46	37	37	Designated	2005	Not reported	Provincia di Reggio Calabria	Not reported		Not listed	https://natura2000.eea.europa.eu/?query=Natura2000Sites_9883_0,SITECODE,IT9350300	European Environment Agency	2020-06-19	N2K_end2019_21-04-2020
1697		555529693	IT9350158		Costa Viola e Monte S. Elia	Costa Viola e Monte S. Elia	Special Area of Conservation (Habitats Directive)	Special Area of Conservation (Habitats Directive)	Regional	Marine Natura 2000 site	Marine Protected Area	Not reported	Not reported	{ITA}	{MWE}	1.07	0.73	4.46	4.46	24	16	Designated	2017	Not reported	Provincia di Reggio Calabria	Not reported		Not listed	https://natura2000.eea.europa.eu/?query=Natura2000Sites_9883_0,SITECODE,IT9350158	European Environment Agency	2020-06-19	N2K_end2019_21-04-2020
673	673	390449			Costa degli Infreschi e della Masseta	Costa degli Infreschi e della Masseta	Marine Protected Area (Italy)	Area Marina Protetta	National	MPA with a national statute	Marine Protected Area	Main	IV - Habitat/species management area	{ITA}	{MWE}	23.32	22.57	23.32	23.31	100	97	Designated	2009	Not reported	National Park of Cilento, Vallo di Diano e Alburni	Not reported		Not listed	http://www.cilentoediano.it/sito/arre-marine-protette/infreschi	European Environment Agency	2020-06-30	CDDA_v18_29-05-2020
1693		555624506	IT5340022		Costa del Piceno - San Nicola a mare	Costa del Piceno - San Nicola a mare	Proposed Site of Community Importance (Habitats Directive)	Proposed Site of Community Importance (Habitats Directive)	Regional	Marine Natura 2000 proposed site	Site of conservation interest	Not reported	Not reported	{ITA}	{MAD}	0.43	0.43	0.43	0.43	100	100	Proposed	2017	Not reported	Provincia di Ascoli Piceno.	Not reported		Not listed	https://natura2000.eea.europa.eu/?query=Natura2000Sites_9883_0,SITECODE,IT5340022	European Environment Agency	2020-06-19	N2K_end2019_21-04-2020
674		555529968	ITB040021		Costa di Cagliari	Costa di Cagliari	Special Area of Conservation (Habitats Directive)	Special Area of Conservation (Habitats Directive)	Regional	Marine Natura 2000 site	Marine Protected Area	Not reported	Not reported	{ITA}	{MWE}	1.05	0.94	26.24	26.26	4	4	Designated	2019	Not reported	Not reported	Not reported		Not listed	https://natura2000.eea.europa.eu/?query=Natura2000Sites_9883_0,SITECODE,ITB040021	European Environment Agency	2020-06-19	N2K_end2019_21-04-2020
1694		555540599	ITB033036		Costa di Cuglieri	Costa di Cuglieri	Special Protection Area (Birds Directive)	Special Protection Area (Birds Directive)	Regional	Marine Natura 2000 site	Marine Protected Area	Not reported	Not reported	{ITA}	{MWE}	5.12	4.99	28.45	28.47	18	18	Designated	2009	Not reported	Regione Autonoma della Sardegna	Not reported		Not listed	https://natura2000.eea.europa.eu/?query=Natura2000Sites_9883_0,SITECODE,ITB033036	European Environment Agency	2020-06-19	N2K_end2019_21-04-2020
675		555529975	ITB040029		Costa di Nebida	Costa di Nebida	Special Area of Conservation (Habitats Directive)	Special Area of Conservation (Habitats Directive)	Regional	Marine Natura 2000 site	Marine Protected Area	Not reported	Not reported	{ITA}	{MWE}	9.28	8.63	84.33	84.39	11	10	Designated	2017	Not reported	Not reported	Not reported		Not listed	https://natura2000.eea.europa.eu/?query=Natura2000Sites_9883_0,SITECODE,ITB040029	European Environment Agency	2020-06-19	N2K_end2019_21-04-2020
1695		555540594	ITB023037		Costa e Entroterra di Bosa, Suni e Montresta	Costa e Entroterra di Bosa, Suni e Montresta	Special Protection Area (Birds Directive)	Special Protection Area (Birds Directive)	Regional	Marine Natura 2000 site	Marine Protected Area	Not reported	Not reported	{ITA}	{MWE}	3.29	2.97	82.22	82.28	4	4	Designated	2009	Not reported	Not reported	Not reported		Not listed	https://natura2000.eea.europa.eu/?query=Natura2000Sites_9883_0,SITECODE,ITB023037	European Environment Agency	2020-06-19	N2K_end2019_21-04-2020
676		555540613	ITB043035		Costa e Entroterra tra Punta Cannoni e Punta delle Oche - Isola di San Pietro	Costa e Entroterra tra Punta Cannoni e Punta delle Oche - Isola di San Pietro	Special Protection Area (Birds Directive)	Special Protection Area (Birds Directive)	Regional	Marine Natura 2000 site	Marine Protected Area	Not reported	Not reported	{ITA}	{MWE}	3.06	2.19	19.11	19.12	16	11	Designated	2009	Not reported	Regione Autonoma della Sardegna	Not reported		Not listed	https://natura2000.eea.europa.eu/?query=Natura2000Sites_9883_0,SITECODE,ITB043035	European Environment Agency	2020-06-19	N2K_end2019_21-04-2020
682		555529000	IT5320005		Costa tra Ancona e Portonovo	Costa tra Ancona e Portonovo	Special Area of Conservation (Habitats Directive)	Special Area of Conservation (Habitats Directive)	Regional	Marine Natura 2000 site	Marine Protected Area	Not reported	Not reported	{ITA}	{MAD}	1.63	1.56	4.66	4.66	35	33	Designated	2016	Not reported	Ente Parco Naturale regionale del Conero	Not reported		Not listed	https://natura2000.eea.europa.eu/?query=Natura2000Sites_9883_0,SITECODE,IT5320005	European Environment Agency	2020-06-19	N2K_end2019_21-04-2020
685		555529931	ITB010043		Coste e Isolette a Nord Ovest della Sardegna	Coste e Isolette a Nord Ovest della Sardegna	Special Area of Conservation (Habitats Directive)	Special Area of Conservation (Habitats Directive)	Regional	Marine Natura 2000 site	Marine Protected Area	Not reported	Not reported	{ITA}	{MWE}	16.46	15.78	37.41	37.43	44	42	Designated	2017	Not reported	Regione Autonoma della Sardegna	Fully implemented	http://buras.regione.sardegna.it/custom/frontend/viewPart.xhtml?partId=4ee5f3e3-8c20-45e9-9c8e-19b6571c32d8	Not listed	https://natura2000.eea.europa.eu/?query=Natura2000Sites_9883_0,SITECODE,ITB010043	European Environment Agency	2020-06-19	N2K_end2019_21-04-2020
1698		555529365	IT8030006		Costiera amalfitana tra Nerano e Positano	Costiera amalfitana tra Nerano e Positano	Special Area of Conservation (Habitats Directive)	Special Area of Conservation (Habitats Directive)	Regional	Marine Natura 2000 site	Marine Protected Area	Not reported	Not reported	{ITA}	{MWE}	0.1	0.23	9.8	9.81	1	2	Designated	2019	Not reported	Not reported	Not reported		Not listed	https://natura2000.eea.europa.eu/?query=Natura2000Sites_9883_0,SITECODE,IT8030006	European Environment Agency	2020-06-19	N2K_end2019_21-04-2020
686		555530004	ITB042250		Da Is Arenas a Tonnara (Marina di Gonnesa)	Da Is Arenas a Tonnara (Marina di Gonnesa)	Special Area of Conservation (Habitats Directive)	Special Area of Conservation (Habitats Directive)	Regional	Marine Natura 2000 site	Marine Protected Area	Not reported	Not reported	{ITA}	{MWE}	3.19	3.41	5.32	5.32	60	64	Designated	2017	Not reported	Regione Autonoma della Sardegna	Fully implemented	http://buras.regione.sardegna.it/custom/frontend/viewPart.xhtml?partId=f117f059-91f6-4511-9d73-7aec4142748b	Not listed	https://natura2000.eea.europa.eu/?query=Natura2000Sites_9883_0,SITECODE,ITB042250	European Environment Agency	2020-06-19	N2K_end2019_21-04-2020
687		555529979	ITB040071		Da Piscinas a Riu Scivu	Da Piscinas a Riu Scivu	Special Area of Conservation (Habitats Directive)	Special Area of Conservation (Habitats Directive)	Regional	Marine Natura 2000 site	Marine Protected Area	Not reported	Not reported	{ITA}	{MWE}	4.64	4.65	28.99	29.01	16	16	Designated	2017	Not reported	Regione Autonoma della Sardegna	Fully implemented	http://buras.regione.sardegna.it/custom/frontend/viewPart.xhtml?partId=f1566057-71c1-4f28-a170-4abe3c32e673	Not listed	https://natura2000.eea.europa.eu/?query=Natura2000Sites_9883_0,SITECODE,ITB040071	European Environment Agency	2020-06-19	N2K_end2019_21-04-2020
688		555540249	IT3270023		Delta del Po	Delta del Po	Special Protection Area (Birds Directive)	Special Protection Area (Birds Directive)	Regional	Marine Natura 2000 site	Marine Protected Area	Not reported	Not reported	{ITA}	{MAD}	2.5	115.14	250.12	249.89	1	46	Designated	2005	Not reported	Ente Parco Regionale Veneto del Delta del Po	Not reported		Not listed	https://natura2000.eea.europa.eu/?query=Natura2000Sites_9883_0,SITECODE,IT3270023	European Environment Agency	2020-06-19	N2K_end2019_21-04-2020
689		555528673	IT3270017		Delta del Po: tratto terminale e delta veneto	Delta del Po: tratto terminale e delta veneto	Special Area of Conservation (Habitats Directive)	Special Area of Conservation (Habitats Directive)	Regional	Marine Natura 2000 site	Marine Protected Area	Not reported	Not reported	{ITA}	{MAD}	2.54	109.74	253.62	253.4	1	43	Designated	2018	Not reported	Not reported	Not reported		Not listed	https://natura2000.eea.europa.eu/?query=Natura2000Sites_9883_0,SITECODE,IT3270017	European Environment Agency	2020-06-19	N2K_end2019_21-04-2020
690		555529461	IT9130003		Duna di Campomarino	Duna di Campomarino	Special Area of Conservation (Habitats Directive)	Special Area of Conservation (Habitats Directive)	Regional	Marine Natura 2000 site	Marine Protected Area	Not reported	Not reported	{ITA}	{MIC}	16.61	16.98	18.46	18.45	90	92	Designated	2018	Not reported	Regione Puglia	Not reported		Not listed	https://natura2000.eea.europa.eu/?query=Natura2000Sites_9883_0,SITECODE,IT9130003	European Environment Agency	2020-06-19	N2K_end2019_21-04-2020
691			IT4060012		Dune di San Giuseppe	Dune di San Giuseppe	SPA (Birds Directive) + SAC (Habitats Directive)	SPA (Birds Directive) + SAC (Habitats Directive)	Regional	Marine Natura 2000 site	Marine Protected Area	Not reported	Not reported	{ITA}	{MAD}	0.1	0.19	0.73	0.73	14	26	Designated	1999	Not reported	Not reported	Not reported		Not listed	https://natura2000.eea.europa.eu/?query=Natura2000Sites_9883_0,SITECODE,IT4060012	European Environment Agency	2020-06-19	N2K_end2019_21-04-2020
1512	1512				East of Adventure Bank (Strait of Sicily)	East of Adventure Bank (Strait of Sicily)	Protection of Essential Fish Habitats (EFH)	Protection of Essential Fish Habitats (EFH)	Regional	Fisheries Restricted Area (EFH)	OECM (potential)	Main	Not applicable	{ITA}	{MIC}	811.0	811.03	811.0	811.03	100	100	Designated	2016	Not reported	Not reported	Not reported		Not listed	http://www.fao.org/gfcm/data/maps/fras	General Fisheries Commission for the Mediterranean (GFCM)	2021-01-22	Data downloaded from the GFCM website in January 2021 (http://www.fao.org/gfcm/data/map-fisheries-restricted-areas/en).
1699	811				Egadi Islands Marine Protected Area	Egadi Islands Marine Protected Area	SPAMI	Specially Protected Area of Mediterranean Importance	Regional	SPAMI	Marine Protected Area	Secondary	Not assigned	{ITA}	{MWE}	539.92	538.12	539.92	541.12	100	99	Adopted	2019	Not reported	Not reported	Not reported		Not listed	http://rac-spa.org/spami	European Environment Agency	2020-01-07	GIS layer identical to that of the Marine Protected Area (WDPA ID: 13170)
692		555529942	ITB020041		Entroterra e zona costiera tra Bosa, Capo Marargiu e Porto Tangone	Entroterra e zona costiera tra Bosa, Capo Marargiu e Porto Tangone	Special Area of Conservation (Habitats Directive)	Special Area of Conservation (Habitats Directive)	Regional	Marine Natura 2000 site	Marine Protected Area	Not reported	Not reported	{ITA}	{MWE}	11.85	11.09	296.25	296.48	4	4	Designated	2017	Not reported	Not reported	Not reported		Not listed	https://natura2000.eea.europa.eu/?query=Natura2000Sites_9883_0,SITECODE,ITB020041	European Environment Agency	2020-06-19	N2K_end2019_21-04-2020
1700	1700	178863			Falesie di Duino	Falesie di Duino	Nature Reserve (Italy)	Riserva Naturale	National	MPA with a national statute	Marine Protected Area	Main	IV - Habitat/species management area	{ITA}	{MAD}	0.63	0.58	1.7	1.1	37	53	Designated	1996	Not reported	Amministrazione Regionale/Provinciale	Not reported		Not listed	https://www.falesiediduino.it/	European Environment Agency	2020-01-07	CDDA_v18_29-05-2020
1701		555529401	IT8050010		Fasce litoranee a destra e a sinistra del Fiume Sele	Fasce litoranee a destra e a sinistra del Fiume Sele	Special Area of Conservation (Habitats Directive)	Special Area of Conservation (Habitats Directive)	Regional	Marine Natura 2000 site	Marine Protected Area	Not reported	Not reported	{ITA}	{MWE}	0.63	0.87	6.3	6.3	10	14	Designated	2019	Not reported	Not reported	Not reported		Not listed	https://natura2000.eea.europa.eu/?query=Natura2000Sites_9883_0,SITECODE,IT8050010	European Environment Agency	2020-06-19	N2K_end2019_21-04-2020
1702		555529680	IT9350145		Fiumara Amendolea (incluso Roghudi, Chorio e Rota Greco)	Fiumara Amendolea (incluso Roghudi, Chorio e Rota Greco)	Special Area of Conservation (Habitats Directive)	Special Area of Conservation (Habitats Directive)	Regional	Marine Natura 2000 site	Marine Protected Area	Not reported	Not reported	{ITA}	{MIC}	7.33	7.1	15.6	15.61	47	45	Designated	2018	Not reported	Provincia di Reggio Calabria	Fully implemented	http://www.regione.calabria.it/ambiente/index.php?option=com_content&task=view&id=250&Itemid=100	Not listed	https://natura2000.eea.europa.eu/?query=Natura2000Sites_9883_0,SITECODE,IT9350145	European Environment Agency	2020-06-19	N2K_end2019_21-04-2020
1704		555529352	IT8010028		Foce Volturno - Variconi	Foce Volturno - Variconi	Special Area of Conservation (Habitats Directive)	Special Area of Conservation (Habitats Directive)	Regional	Marine Natura 2000 site	Marine Protected Area	Not reported	Not reported	{ITA}	{MWE}	0.3	1.02	3.03	3.03	10	34	Designated	2019	Not reported	Not reported	Not reported		Not listed	https://natura2000.eea.europa.eu/?query=Natura2000Sites_9883_0,SITECODE,IT8010028	European Environment Agency	2020-06-19	N2K_end2019_21-04-2020
694		555529965	ITB040018		Foce del Flumendosa - Sa Praia	Foce del Flumendosa - Sa Praia	Special Area of Conservation (Habitats Directive)	Special Area of Conservation (Habitats Directive)	Regional	Marine Natura 2000 site	Marine Protected Area	Not reported	Not reported	{ITA}	{MWE}	1.25	1.43	5.19	5.19	24	28	Designated	2019	Not reported	Regione Autonoma della Sardegna	Fully implemented	http://buras.regione.sardegna.it/custom/frontend/viewPart.xhtml?partId=4ee5f3e3-8c20-45e9-9c8e-19b6571c32d8	Not listed	https://natura2000.eea.europa.eu/?query=Natura2000Sites_9883_0,SITECODE,ITB040018	European Environment Agency	2020-06-19	N2K_end2019_21-04-2020
695		555540237	IT3250040		Foce del Tagliamento	Foce del Tagliamento	Special Protection Area (Birds Directive)	Special Protection Area (Birds Directive)	Regional	Marine Natura 2000 site	Marine Protected Area	Not reported	Not reported	{ITA}	{MAD}	0.0	0.5	2.8	2.79	0	18	Designated	2003	Not reported	Azienda Regionale Veneto Agricoltura	Not reported		Not listed	https://natura2000.eea.europa.eu/?query=Natura2000Sites_9883_0,SITECODE,IT3250040	European Environment Agency	2020-06-19	N2K_end2019_21-04-2020
1703	1703	178854			Foce dell' Isonzo	Foce dell' Isonzo	Nature Reserve (Italy)	Riserva Naturale	National	MPA with a national statute	Marine Protected Area	Main	IV - Habitat/species management area	{ITA}	{MAD}	11.39	14.18	35.6	24.61	32	58	Designated	1996	Not reported	Amministrazione Regionale/Provinciale	Not reported		Not listed	https://www.protectedplanet.net/178854	European Environment Agency	2020-01-07	CDDA_v18_29-05-2020
696			IT3330005		Foce dell'Isonzo - Isola della Cona	Foce dell'Isonzo - Isola della Cona	SPA (Birds Directive) + SAC (Habitats Directive)	SPA (Birds Directive) + SAC (Habitats Directive)	Regional	Marine Natura 2000 site	Marine Protected Area	Not reported	Not reported	{ITA}	{MAD}	11.74	13.96	26.68	26.69	44	52	Designated	2000	Not reported	Not reported	Not reported		Not listed	https://natura2000.eea.europa.eu/?query=Natura2000Sites_9883_0,SITECODE,IT3330005	European Environment Agency	2020-06-19	N2K_end2019_21-04-2020
698		555529924	ITB010004		Foci del Coghinas	Foci del Coghinas	Special Area of Conservation (Habitats Directive)	Special Area of Conservation (Habitats Directive)	Regional	Marine Natura 2000 site	Marine Protected Area	Not reported	Not reported	{ITA}	{MWE}	6.99	8.0	22.55	22.57	31	35	Designated	2017	Not reported	Regione Autonoma della Sardegna	Fully implemented	http://buras.regione.sardegna.it/custom/frontend/viewPart.xhtml?partId=f1566057-71c1-4f28-a170-4abe3c32e673	Not listed	https://natura2000.eea.europa.eu/?query=Natura2000Sites_9883_0,SITECODE,ITB010004	European Environment Agency	2020-06-19	N2K_end2019_21-04-2020
1705	1705	178890			Foci dello Stella	Foci dello Stella	Nature Reserve (Italy)	Riserva Naturale	National	MPA with a national statute	Marine Protected Area	Main	IV - Habitat/species management area	{ITA}	{MAD}	0.0	11.49	13.77	14.05	0	82	Designated	1996	Not reported	Amministrazione Regionale/Provinciale	Not reported		Not listed	https://www.protectedplanet.net/178890	European Environment Agency	2020-01-07	CDDA_v18_29-05-2020
701		555528287	IT1344273		Fondali Anzo	Fondali Anzo	Special Area of Conservation (Habitats Directive)	Special Area of Conservation (Habitats Directive)	Regional	Marine Natura 2000 site	Marine Protected Area	Not reported	Not reported	{ITA}	{MWE}	0.43	0.39	0.43	0.43	100	91	Designated	2016	Not reported	Regione Liguria	Not reported		Not listed	https://natura2000.eea.europa.eu/?query=Natura2000Sites_9883_0,SITECODE,IT1344273	European Environment Agency	2020-06-19	N2K_end2019_21-04-2020
702		555528251	IT1332477		Fondali Arenzano - Punta Ivrea	Fondali Arenzano - Punta Ivrea	Special Area of Conservation (Habitats Directive)	Special Area of Conservation (Habitats Directive)	Regional	Marine Natura 2000 site	Marine Protected Area	Not reported	Not reported	{ITA}	{MWE}	3.06	3.03	3.06	3.06	100	99	Designated	2016	Not reported	Regione Liguria	Not reported		Not listed	https://natura2000.eea.europa.eu/?query=Natura2000Sites_9883_0,SITECODE,IT1332477	European Environment Agency	2020-06-19	N2K_end2019_21-04-2020
703		555528196	IT1315973		Fondali Arma di Taggia - Punta San Martino	Fondali Arma di Taggia - Punta San Martino	Special Area of Conservation (Habitats Directive)	Special Area of Conservation (Habitats Directive)	Regional	Marine Natura 2000 site	Marine Protected Area	Not reported	Not reported	{ITA}	{MWE}	4.5	4.46	4.5	4.5	100	99	Designated	2016	Not reported	Regione Liguria	Not reported		Not listed	https://natura2000.eea.europa.eu/?query=Natura2000Sites_9883_0,SITECODE,IT1315973	European Environment Agency	2020-06-19	N2K_end2019_21-04-2020
704		555528253	IT1332576		Fondali Boccadasse - Nervi	Fondali Boccadasse - Nervi	Special Area of Conservation (Habitats Directive)	Special Area of Conservation (Habitats Directive)	Regional	Marine Natura 2000 site	Marine Protected Area	Not reported	Not reported	{ITA}	{MWE}	5.26	5.26	5.26	5.27	100	100	Designated	2016	Not reported	Regione Liguria	Not reported		Not listed	https://natura2000.eea.europa.eu/?query=Natura2000Sites_9883_0,SITECODE,IT1332576	European Environment Agency	2020-06-19	N2K_end2019_21-04-2020
705		555528184	IT1315670		Fondali Capo Berta - Diano Marina - Capo Mimosa	Fondali Capo Berta - Diano Marina - Capo Mimosa	Special Area of Conservation (Habitats Directive)	Special Area of Conservation (Habitats Directive)	Regional	Marine Natura 2000 site	Marine Protected Area	Not reported	Not reported	{ITA}	{MWE}	15.18	15.19	15.18	15.19	100	100	Designated	2016	Not reported	Regione Liguria 	Not reported		Not listed	https://natura2000.eea.europa.eu/?query=Natura2000Sites_9883_0,SITECODE,IT1315670	European Environment Agency	2020-06-19	N2K_end2019_21-04-2020
706		555529661	IT9340094		Fondali Capo Cozzo - S. Irene	Fondali Capo Cozzo - S. Irene	Special Area of Conservation (Habitats Directive)	Special Area of Conservation (Habitats Directive)	Regional	Marine Natura 2000 site	Marine Protected Area	Not reported	Not reported	{ITA}	{MWE}	10.58	10.56	10.58	10.59	100	100	Designated	2017	Not reported	Capitaneria di Porto di Vibo Valentia. Ambito Portuale di Vibo Valentia Marina. Tel.0963/572004.	Not reported		Not listed	https://natura2000.eea.europa.eu/?query=Natura2000Sites_9883_0,SITECODE,IT9340094	European Environment Agency	2020-06-19	N2K_end2019_21-04-2020
707		555528232	IT1325675		Fondali Capo Mele - Alassio	Fondali Capo Mele - Alassio	Special Area of Conservation (Habitats Directive)	Special Area of Conservation (Habitats Directive)	Regional	Marine Natura 2000 site	Marine Protected Area	Not reported	Not reported	{ITA}	{MWE}	2.06	2.06	2.06	2.06	100	100	Designated	2016	Not reported	Regione Liguria	Not reported		Not listed	https://natura2000.eea.europa.eu/?query=Natura2000Sites_9883_0,SITECODE,IT1325675	European Environment Agency	2020-06-19	N2K_end2019_21-04-2020
708		555528199	IT1316175		Fondali Capo Mortola - San Gaetano	Fondali Capo Mortola - San Gaetano	Special Area of Conservation (Habitats Directive)	Special Area of Conservation (Habitats Directive)	Regional	Marine Natura 2000 site	Marine Protected Area	Not reported	Not reported	{ITA}	{MWE}	3.39	3.27	3.39	3.39	100	96	Designated	2016	Not reported	Università degli Studi di Genova 	Not reported		Not listed	https://natura2000.eea.europa.eu/?query=Natura2000Sites_9883_0,SITECODE,IT1316175	European Environment Agency	2020-06-19	N2K_end2019_21-04-2020
714		555529583	IT9310048		Fondali Crosia-Pietrapaola-Cariati	Fondali Crosia-Pietrapaola-Cariati	Special Area of Conservation (Habitats Directive)	Special Area of Conservation (Habitats Directive)	Regional	Marine Natura 2000 site	Marine Protected Area	Not reported	Not reported	{ITA}	{MIC}	43.95	43.96	43.95	43.96	100	100	Designated	2017	Not reported	Provincia di Cosenza	Fully implemented	http://www.regione.calabria.it/ambiente/index.php?option=com_content&task=view&id=191&Itemid=79	Not listed	https://natura2000.eea.europa.eu/?query=Natura2000Sites_9883_0,SITECODE,IT9310048	European Environment Agency	2020-06-19	N2K_end2019_21-04-2020
737		555528223	IT1324172		Fondali Finale Ligure	Fondali Finale Ligure	Special Area of Conservation (Habitats Directive)	Special Area of Conservation (Habitats Directive)	Regional	Marine Natura 2000 site	Marine Protected Area	Not reported	Not reported	{ITA}	{MWE}	0.48	0.37	0.48	0.48	100	77	Designated	2016	Not reported	Regione Liguria	Not reported		Not listed	https://natura2000.eea.europa.eu/?query=Natura2000Sites_9883_0,SITECODE,IT1324172	European Environment Agency	2020-06-19	N2K_end2019_21-04-2020
738		555529897	ITA080010		Fondali Foce del Fiume Irminio	Fondali Foce del Fiume Irminio	Proposed Site of Community Importance (Habitats Directive)	Proposed Site of Community Importance (Habitats Directive)	Regional	Marine Natura 2000 proposed site	Site of conservation interest	Not reported	Not reported	{ITA}	{MIC}	15.14	15.01	15.14	15.15	100	99	Proposed	1995	Not reported	Not reported	Not reported		Not listed	https://natura2000.eea.europa.eu/?query=Natura2000Sites_9883_0,SITECODE,ITA080010	European Environment Agency	2020-06-19	N2K_end2019_21-04-2020
739		555528257	IT1332673		Fondali Golfo di Rapallo	Fondali Golfo di Rapallo	Special Area of Conservation (Habitats Directive)	Special Area of Conservation (Habitats Directive)	Regional	Marine Natura 2000 site	Marine Protected Area	Not reported	Not reported	{ITA}	{MWE}	0.99	0.94	0.99	0.99	100	95	Designated	2016	Not reported	Regione Liguria	Not reported		Not listed	https://natura2000.eea.europa.eu/?query=Natura2000Sites_9883_0,SITECODE,IT1332673	European Environment Agency	2020-06-19	N2K_end2019_21-04-2020
740		555529572	IT9310036		Fondali Isola di Cirella-Diamante	Fondali Isola di Cirella-Diamante	Special Area of Conservation (Habitats Directive)	Special Area of Conservation (Habitats Directive)	Regional	Marine Natura 2000 site	Marine Protected Area	Not reported	Not reported	{ITA}	{MWE}	3.24	3.22	3.24	3.24	100	99	Designated	2017	Not reported	Provincia di Cosenza	Fully implemented	http://www.regione.calabria.it/ambiente/index.php?option=com_content&task=view&id=191&Itemid=79	Not listed	https://natura2000.eea.europa.eu/?query=Natura2000Sites_9883_0,SITECODE,IT9310036	European Environment Agency	2020-06-19	N2K_end2019_21-04-2020
741		555529571	IT9310035		Fondali Isola di Dino-Capo Scalea	Fondali Isola di Dino-Capo Scalea	Special Area of Conservation (Habitats Directive)	Special Area of Conservation (Habitats Directive)	Regional	Marine Natura 2000 site	Marine Protected Area	Not reported	Not reported	{ITA}	{MWE}	3.99	3.84	3.99	3.99	100	96	Designated	2017	Not reported	Provincia di Cosenza	Fully implemented	http://www.regione.calabria.it/ambiente/index.php?option=com_content&task=view&id=191&Itemid=79	Not listed	https://natura2000.eea.europa.eu/?query=Natura2000Sites_9883_0,SITECODE,IT9310035	European Environment Agency	2020-06-19	N2K_end2019_21-04-2020
742		555528297	IT1345175		Fondali Isole Palmaria - Tino - Tinetto	Fondali Isole Palmaria - Tino - Tinetto	Special Area of Conservation (Habitats Directive)	Special Area of Conservation (Habitats Directive)	Regional	Marine Natura 2000 site	Marine Protected Area	Not reported	Not reported	{ITA}	{MWE}	0.14	0.12	0.14	0.14	100	86	Designated	2016	Not reported	Comune di Portovenere, ente gestore del Parco Naturale Regionale di Portovenere	Not reported		Not listed	https://natura2000.eea.europa.eu/?query=Natura2000Sites_9883_0,SITECODE,IT1345175	European Environment Agency	2020-06-19	N2K_end2019_21-04-2020
743		555528229	IT1324973		Fondali Loano - Albenga	Fondali Loano - Albenga	Special Area of Conservation (Habitats Directive)	Special Area of Conservation (Habitats Directive)	Regional	Marine Natura 2000 site	Marine Protected Area	Not reported	Not reported	{ITA}	{MWE}	5.41	5.41	5.41	5.41	100	100	Designated	2016	Not reported	Regione Liguria	Not reported		Not listed	https://natura2000.eea.europa.eu/?query=Natura2000Sites_9883_0,SITECODE,IT1324973	European Environment Agency	2020-06-19	N2K_end2019_21-04-2020
744		555578853	IT8030040		Fondali Marini di Baia	Fondali Marini di Baia	Proposed Site of Community Importance (Habitats Directive)	Proposed Site of Community Importance (Habitats Directive)	Regional	Marine Natura 2000 proposed site	Site of conservation interest	Not reported	Not reported	{ITA}	{MWE}	1.8	1.67	1.8	1.8	100	93	Proposed	2011	Not reported	Regione Campania	Fully implemented	http://www.natura2000.servizirl.it/	Not listed	https://natura2000.eea.europa.eu/?query=Natura2000Sites_9883_0,SITECODE,IT8030040	European Environment Agency	2020-06-19	N2K_end2019_21-04-2020
745		555578854	IT8030041		Fondali Marini di Gaiola e Nisida	Fondali Marini di Gaiola e Nisida	Proposed Site of Community Importance (Habitats Directive)	Proposed Site of Community Importance (Habitats Directive)	Regional	Marine Natura 2000 proposed site	Site of conservation interest	Not reported	Not reported	{ITA}	{MWE}	1.67	1.38	1.67	1.67	100	83	Proposed	2011	Not reported	Regione Campania	Not reported		Not listed	https://natura2000.eea.europa.eu/?query=Natura2000Sites_9883_0,SITECODE,IT8030041	European Environment Agency	2020-06-19	N2K_end2019_21-04-2020
748		555528258	IT1332674		Fondali Monte Portofino	Fondali Monte Portofino	Special Area of Conservation (Habitats Directive)	Special Area of Conservation (Habitats Directive)	Regional	Marine Natura 2000 site	Marine Protected Area	Not reported	Not reported	{ITA}	{MWE}	5.44	4.88	5.44	5.44	100	90	Designated	2016	Not reported	Consorzio di gestione dell'AMP Portofino	Not reported		Not listed	https://natura2000.eea.europa.eu/?query=Natura2000Sites_9883_0,SITECODE,IT1332674	European Environment Agency	2020-06-19	N2K_end2019_21-04-2020
749		555528252	IT1332575		Fondali Nervi - Sori	Fondali Nervi - Sori	Special Area of Conservation (Habitats Directive)	Special Area of Conservation (Habitats Directive)	Regional	Marine Natura 2000 site	Marine Protected Area	Not reported	Not reported	{ITA}	{MWE}	6.09	6.01	6.09	6.09	100	99	Designated	2016	Not reported	Regione Liguria	Not reported		Not listed	https://natura2000.eea.europa.eu/?query=Natura2000Sites_9883_0,SITECODE,IT1332575	European Environment Agency	2020-06-19	N2K_end2019_21-04-2020
750		555528219	IT1323271		Fondali Noli - Bergeggi	Fondali Noli - Bergeggi	Special Area of Conservation (Habitats Directive)	Special Area of Conservation (Habitats Directive)	Regional	Marine Natura 2000 site	Marine Protected Area	Not reported	Not reported	{ITA}	{MWE}	3.8	3.74	3.8	3.8	100	98	Designated	2016	Not reported	Comune di Bergeggi (ente gestore AMP Bergeggi)	Not reported		Not listed	https://natura2000.eea.europa.eu/?query=Natura2000Sites_9883_0,SITECODE,IT1323271	European Environment Agency	2020-06-19	N2K_end2019_21-04-2020
751		555528194	IT1315971		Fondali Porto Maurizio - San Lorenzo al Mare - Torre dei Marmi	Fondali Porto Maurizio - San Lorenzo al Mare - Torre dei Marmi	Special Area of Conservation (Habitats Directive)	Special Area of Conservation (Habitats Directive)	Regional	Marine Natura 2000 site	Marine Protected Area	Not reported	Not reported	{ITA}	{MWE}	12.02	12.02	12.02	12.02	100	100	Designated	2016	Not reported	Regione Liguria	Not reported		Not listed	https://natura2000.eea.europa.eu/?query=Natura2000Sites_9883_0,SITECODE,IT1315971	European Environment Agency	2020-06-19	N2K_end2019_21-04-2020
752		555528276	IT1343474		Fondali Punta Apicchi	Fondali Punta Apicchi	Special Area of Conservation (Habitats Directive)	Special Area of Conservation (Habitats Directive)	Regional	Marine Natura 2000 site	Marine Protected Area	Not reported	Not reported	{ITA}	{MWE}	0.52	0.51	0.52	0.52	100	98	Designated	2016	Not reported	Regione Liguria	Not reported		Not listed	https://natura2000.eea.europa.eu/?query=Natura2000Sites_9883_0,SITECODE,IT1343474	European Environment Agency	2020-06-19	N2K_end2019_21-04-2020
753		555528264	IT1333370		Fondali Punta Baffe	Fondali Punta Baffe	Special Area of Conservation (Habitats Directive)	Special Area of Conservation (Habitats Directive)	Regional	Marine Natura 2000 site	Marine Protected Area	Not reported	Not reported	{ITA}	{MWE}	0.24	0.24	0.24	0.24	100	100	Designated	2016	Not reported	Regione Liguria	Not reported		Not listed	https://natura2000.eea.europa.eu/?query=Natura2000Sites_9883_0,SITECODE,IT1333370	European Environment Agency	2020-06-19	N2K_end2019_21-04-2020
755		555528286	IT1344272		Fondali Punta Levanto	Fondali Punta Levanto	Special Area of Conservation (Habitats Directive)	Special Area of Conservation (Habitats Directive)	Regional	Marine Natura 2000 site	Marine Protected Area	Not reported	Not reported	{ITA}	{MWE}	0.57	0.57	0.57	0.57	100	100	Designated	2016	Not reported	Regione Liguria	Not reported		Not listed	https://natura2000.eea.europa.eu/?query=Natura2000Sites_9883_0,SITECODE,IT1344272	European Environment Agency	2020-06-19	N2K_end2019_21-04-2020
756		555528265	IT1333371		Fondali Punta Manara	Fondali Punta Manara	Special Area of Conservation (Habitats Directive)	Special Area of Conservation (Habitats Directive)	Regional	Marine Natura 2000 site	Marine Protected Area	Not reported	Not reported	{ITA}	{MWE}	1.48	1.47	1.48	1.48	100	99	Designated	2016	Not reported	Regione Liguria	Not reported		Not listed	https://natura2000.eea.europa.eu/?query=Natura2000Sites_9883_0,SITECODE,IT1333371	European Environment Agency	2020-06-19	N2K_end2019_21-04-2020
757		555528284	IT1344270		Fondali Punta Mesco - Rio Maggiore	Fondali Punta Mesco - Rio Maggiore	Special Area of Conservation (Habitats Directive)	Special Area of Conservation (Habitats Directive)	Regional	Marine Natura 2000 site	Marine Protected Area	Not reported	Not reported	{ITA}	{MWE}	5.46	5.14	5.46	5.47	100	94	Designated	2016	Not reported	Ente Parco Nazionale Cinque Terre	Not reported		Not listed	https://natura2000.eea.europa.eu/?query=Natura2000Sites_9883_0,SITECODE,IT1344270	European Environment Agency	2020-06-19	N2K_end2019_21-04-2020
758		555528285	IT1344271		Fondali Punta Picetto	Fondali Punta Picetto	Special Area of Conservation (Habitats Directive)	Special Area of Conservation (Habitats Directive)	Regional	Marine Natura 2000 site	Marine Protected Area	Not reported	Not reported	{ITA}	{MWE}	0.16	0.14	0.16	0.16	100	88	Designated	2016	Not reported	Regione Liguria	Not reported		Not listed	https://natura2000.eea.europa.eu/?query=Natura2000Sites_9883_0,SITECODE,IT1344271	European Environment Agency	2020-06-19	N2K_end2019_21-04-2020
759		555528266	IT1333372		Fondali Punta Sestri	Fondali Punta Sestri	Special Area of Conservation (Habitats Directive)	Special Area of Conservation (Habitats Directive)	Regional	Marine Natura 2000 site	Marine Protected Area	Not reported	Not reported	{ITA}	{MWE}	0.29	0.29	0.29	0.29	100	100	Designated	2016	Not reported	Regione Liguria	Not reported		Not listed	https://natura2000.eea.europa.eu/?query=Natura2000Sites_9883_0,SITECODE,IT1333372	European Environment Agency	2020-06-19	N2K_end2019_21-04-2020
754		555528263	IT1333369		Fondali Punta di Moneglia	Fondali Punta di Moneglia	Special Area of Conservation (Habitats Directive)	Special Area of Conservation (Habitats Directive)	Regional	Marine Natura 2000 site	Marine Protected Area	Not reported	Not reported	{ITA}	{MWE}	0.36	0.35	0.36	0.36	100	97	Designated	2016	Not reported	Regione Liguria	Not reported		Not listed	https://natura2000.eea.europa.eu/?query=Natura2000Sites_9883_0,SITECODE,IT1333369	European Environment Agency	2020-06-19	N2K_end2019_21-04-2020
760		555528195	IT1315972		Fondali Riva Ligure - Cipressa	Fondali Riva Ligure - Cipressa	Special Area of Conservation (Habitats Directive)	Special Area of Conservation (Habitats Directive)	Regional	Marine Natura 2000 site	Marine Protected Area	Not reported	Not reported	{ITA}	{MWE}	4.73	4.74	4.73	4.74	100	100	Designated	2016	Not reported	Regione Liguria 	Not reported		Not listed	https://natura2000.eea.europa.eu/?query=Natura2000Sites_9883_0,SITECODE,IT1315972	European Environment Agency	2020-06-19	N2K_end2019_21-04-2020
761		555528200	IT1316274		Fondali San Remo - Arziglia	Fondali San Remo - Arziglia	Special Area of Conservation (Habitats Directive)	Special Area of Conservation (Habitats Directive)	Regional	Marine Natura 2000 site	Marine Protected Area	Not reported	Not reported	{ITA}	{MWE}	5.64	5.61	5.64	5.64	100	99	Designated	2016	Not reported	Regione Liguria	Not reported		Not listed	https://natura2000.eea.europa.eu/?query=Natura2000Sites_9883_0,SITECODE,IT1316274	European Environment Agency	2020-06-19	N2K_end2019_21-04-2020
762		555528230	IT1324974		Fondali Santa Croce - Gallinara - Capo Lena	Fondali Santa Croce - Gallinara - Capo Lena	Special Area of Conservation (Habitats Directive)	Special Area of Conservation (Habitats Directive)	Regional	Marine Natura 2000 site	Marine Protected Area	Not reported	Not reported	{ITA}	{MWE}	2.13	2.08	2.13	2.13	100	98	Designated	2016	Not reported	Regione Liguria (è prevista l'istituzione di un'AMP al cui ente gestore dovrà inseguito essere affidata la gestione del SIC)	Not reported		Not listed	https://natura2000.eea.europa.eu/?query=Natura2000Sites_9883_0,SITECODE,IT1324974	European Environment Agency	2020-06-19	N2K_end2019_21-04-2020
763		555529575	IT9310039		Fondali Scogli di Isca	Fondali Scogli di Isca	Special Area of Conservation (Habitats Directive)	Special Area of Conservation (Habitats Directive)	Regional	Marine Natura 2000 site	Marine Protected Area	Not reported	Not reported	{ITA}	{MWE}	0.72	0.72	0.72	0.72	100	100	Designated	2017	Not reported	"Ente Parco Marino ""Scogli di Isca"""	Not reported		Not listed	https://natura2000.eea.europa.eu/?query=Natura2000Sites_9883_0,SITECODE,IT9310039	European Environment Agency	2020-06-19	N2K_end2019_21-04-2020
773		555528211	IT1322470		Fondali Varazze - Albisola	Fondali Varazze - Albisola	Special Area of Conservation (Habitats Directive)	Special Area of Conservation (Habitats Directive)	Regional	Marine Natura 2000 site	Marine Protected Area	Not reported	Not reported	{ITA}	{MWE}	0.91	0.9	0.91	0.91	100	99	Designated	2016	Not reported	Regione Liguria	Not reported		Not listed	https://natura2000.eea.europa.eu/?query=Natura2000Sites_9883_0,SITECODE,IT1322470	European Environment Agency	2020-06-19	N2K_end2019_21-04-2020
699		555529051	IT6000002		Fondali antistanti Punta Morelle	Fondali antistanti Punta Morelle	Special Area of Conservation (Habitats Directive)	Special Area of Conservation (Habitats Directive)	Regional	Marine Natura 2000 site	Marine Protected Area	Not reported	Not reported	{ITA}	{MWE}	30.87	30.83	30.87	30.83	100	100	Designated	2016	Not reported	Regione Lazio - Direzione Infrastrutture, Ambiente e Politiche abitative	Not reported		Not listed	https://natura2000.eea.europa.eu/?query=Natura2000Sites_9883_0,SITECODE,IT6000002	European Environment Agency	2020-06-19	N2K_end2019_21-04-2020
700		555529056	IT6000007		Fondali antistanti S. Marinella	Fondali antistanti S. Marinella	Special Area of Conservation (Habitats Directive)	Special Area of Conservation (Habitats Directive)	Regional	Marine Natura 2000 site	Marine Protected Area	Not reported	Not reported	{ITA}	{MWE}	17.13	17.05	17.13	17.11	100	100	Designated	2017	Not reported	Regione Lazio - Direzione Infrastrutture, Ambiente e Politiche abitative	Not reported		Not listed	https://natura2000.eea.europa.eu/?query=Natura2000Sites_9883_0,SITECODE,IT6000007	European Environment Agency	2020-06-19	N2K_end2019_21-04-2020
709		555529064	IT6000015		Fondali circostanti l'Isola di Palmarola	Fondali circostanti l'Isola di Palmarola	Special Area of Conservation (Habitats Directive)	Special Area of Conservation (Habitats Directive)	Regional	Marine Natura 2000 site	Marine Protected Area	Not reported	Not reported	{ITA}	{MWE}	27.25	26.45	27.25	27.25	100	97	Designated	2017	Not reported	Regione Lazio - Direzione Infrastrutture, Ambiente e Politiche abitative	Not reported		Not listed	https://natura2000.eea.europa.eu/?query=Natura2000Sites_9883_0,SITECODE,IT6000015	European Environment Agency	2020-06-19	N2K_end2019_21-04-2020
710		555529065	IT6000016		Fondali circostanti l'Isola di Ponza	Fondali circostanti l'Isola di Ponza	Special Area of Conservation (Habitats Directive)	Special Area of Conservation (Habitats Directive)	Regional	Marine Natura 2000 site	Marine Protected Area	Not reported	Not reported	{ITA}	{MWE}	33.17	32.04	33.17	33.17	100	97	Designated	2017	Not reported	Regione Lazio - Direzione Infrastrutture, Ambiente e Politiche abitative	Not reported		Not listed	https://natura2000.eea.europa.eu/?query=Natura2000Sites_9883_0,SITECODE,IT6000016	European Environment Agency	2020-06-19	N2K_end2019_21-04-2020
711		555529068	IT6000019		Fondali circostanti l'Isola di S. Stefano	Fondali circostanti l'Isola di S. Stefano	Special Area of Conservation (Habitats Directive)	Special Area of Conservation (Habitats Directive)	Regional	Marine Natura 2000 site	Marine Protected Area	Not reported	Not reported	{ITA}	{MWE}	0.52	0.43	0.52	0.52	100	83	Designated	2016	Not reported	Regione Lazio - Direzione Infrastrutture, Ambiente e Politiche abitative	Not reported		Not listed	https://natura2000.eea.europa.eu/?query=Natura2000Sites_9883_0,SITECODE,IT6000019	European Environment Agency	2020-06-19	N2K_end2019_21-04-2020
712	810	555529067	IT6000018		Fondali circostanti l'Isola di Ventotene	Fondali circostanti l'Isola di Ventotene	Special Area of Conservation (Habitats Directive)	Special Area of Conservation (Habitats Directive)	Regional	Marine Natura 2000 site	Marine Protected Area	Secondary	Not reported	{ITA}	{MWE}	7.57	7.16	7.57	7.57	100	95	Designated	2016	Not reported	Regione Lazio - Direzione Infrastrutture, Ambiente e Politiche abitative	Not reported		Not listed	https://natura2000.eea.europa.eu/?query=Natura2000Sites_9883_0,SITECODE,IT6000018	European Environment Agency	2020-06-19	N2K_end2019_21-04-2020
713		555529066	IT6000017		Fondali circostanti l'Isola di Zannone	Fondali circostanti l'Isola di Zannone	Special Area of Conservation (Habitats Directive)	Special Area of Conservation (Habitats Directive)	Regional	Marine Natura 2000 site	Marine Protected Area	Not reported	Not reported	{ITA}	{MWE}	6.64	6.32	6.64	6.64	100	95	Designated	2017	Not reported	Regione Lazio - Direzione Infrastrutture, Ambiente e Politiche abitative	Not reported		Not listed	https://natura2000.eea.europa.eu/?query=Natura2000Sites_9883_0,SITECODE,IT6000017	European Environment Agency	2020-06-19	N2K_end2019_21-04-2020
715	665	555529625	IT9320097		Fondali da Crotone a Le Castella	Fondali da Crotone a Le Castella	Special Area of Conservation (Habitats Directive)	Special Area of Conservation (Habitats Directive)	Regional	Marine Natura 2000 site	Marine Protected Area	Secondary	Not reported	{ITA}	{MIC}	52.09	52.01	52.09	52.09	100	100	Designated	2018	Not reported	Provincia di Crotone	Partially implemented		Not listed	https://natura2000.eea.europa.eu/?query=Natura2000Sites_9883_0,SITECODE,IT9320097	European Environment Agency	2020-06-19	N2K_end2019_21-04-2020
716		555529707	IT9350172		Fondali da Punta Pezzo a Capo dell'Armi	Fondali da Punta Pezzo a Capo dell'Armi	Special Area of Conservation (Habitats Directive)	Special Area of Conservation (Habitats Directive)	Regional	Marine Natura 2000 site	Marine Protected Area	Not reported	Not reported	{ITA}	{MIC}	18.12	17.74	18.12	18.13	100	98	Designated	2017	Not reported	Provincia di Reggio Calabria	Fully implemented	http://www.regione.calabria.it/index.php?option=com_frontpage&Itemid=1	Not listed	https://natura2000.eea.europa.eu/?query=Natura2000Sites_9883_0,SITECODE,IT9350172	European Environment Agency	2020-06-19	N2K_end2019_21-04-2020
717		555529742	ITA010025		Fondali del Golfo di Custonaci	Fondali del Golfo di Custonaci	Proposed Site of Community Importance (Habitats Directive)	Proposed Site of Community Importance (Habitats Directive)	Regional	Marine Natura 2000 proposed site	Site of conservation interest	Not reported	Not reported	{ITA}	{MWE}	73.93	73.35	73.93	73.91	100	99	Proposed	1995	Not reported	Not reported	Not reported		Not listed	https://natura2000.eea.europa.eu/?query=Natura2000Sites_9883_0,SITECODE,ITA010025	European Environment Agency	2020-06-19	N2K_end2019_21-04-2020
718		555578867	ITA090030		Fondali del Plemmirio	Fondali del Plemmirio	Special Area of Conservation (Habitats Directive)	Special Area of Conservation (Habitats Directive)	Regional	Marine Natura 2000 site	Marine Protected Area	Not reported	Not reported	{ITA}	{MIC}	24.23	23.78	24.23	24.25	100	98	Designated	2019	Not reported	"La gestione dell'area marina protetta del ""Plemmirio"" è attualmente affidata al Consorzio Plemmirio costituito tra la Provincia Regionale di Siracusa e il Comune di Siracusa"	Not reported		Not listed	https://natura2000.eea.europa.eu/?query=Natura2000Sites_9883_0,SITECODE,ITA090030	European Environment Agency	2020-06-19	N2K_end2019_21-04-2020
722			ITA010024		Fondali dell'Arcipelago delle Isole Egadi	Fondali dell'Arcipelago delle Isole Egadi	Special Area of Conservation (Habitats Directive)	Special Area of Conservation (Habitats Directive)	Regional	Marine Natura 2000 site	Marine Protected Area	Not reported	Not reported	{ITA}	{MWE}	508.29	543.44	546.55	546.18	93	99	Designated	2019	Not reported	Not reported	Not reported		Not listed	https://natura2000.eea.europa.eu/?query=Natura2000Sites_9883_0,SITECODE,ITA010024	European Environment Agency	2020-06-19	N2K_end2019_21-04-2020
720	807	555529743	ITA010026		Fondali dell'isola dello Stagnone di Marsala	Fondali dell'isola dello Stagnone di Marsala	Special Area of Conservation (Habitats Directive)	Special Area of Conservation (Habitats Directive)	Regional	Marine Natura 2000 site	Marine Protected Area	Secondary	Not reported	{ITA}	{MWE}	34.42	33.95	34.42	34.4	100	99	Designated	2017	Not reported	Not reported	Not reported		Not listed	https://natura2000.eea.europa.eu/?query=Natura2000Sites_9883_0,SITECODE,ITA010026	European Environment Agency	2020-06-19	N2K_end2019_21-04-2020
721		555529921	ITA090028		Fondali dell'isola di Capo Passero	Fondali dell'isola di Capo Passero	Proposed Site of Community Importance (Habitats Directive)	Proposed Site of Community Importance (Habitats Directive)	Regional	Marine Natura 2000 proposed site	Site of conservation interest	Not reported	Not reported	{ITA}	{MIC}	53.67	53.48	53.67	53.71	100	100	Proposed	1995	Not reported	Not reported	Not reported		Not listed	https://natura2000.eea.europa.eu/?query=Natura2000Sites_9883_0,SITECODE,ITA090028	European Environment Agency	2020-06-19	N2K_end2019_21-04-2020
723		555529827	ITA030041		Fondali dell'isola di Salina	Fondali dell'isola di Salina	Proposed Site of Community Importance (Habitats Directive)	Proposed Site of Community Importance (Habitats Directive)	Regional	Marine Natura 2000 proposed site	Site of conservation interest	Not reported	Not reported	{ITA}	{MWE}	20.99	19.74	20.99	21.01	100	94	Proposed	1995	Not reported	Not reported	Not reported		Not listed	https://natura2000.eea.europa.eu/?query=Natura2000Sites_9883_0,SITECODE,ITA030041	European Environment Agency	2020-06-19	N2K_end2019_21-04-2020
724		555529785	ITA020046		Fondali dell'isola di Ustica	Fondali dell'isola di Ustica	Special Area of Conservation (Habitats Directive)	Special Area of Conservation (Habitats Directive)	Regional	Marine Natura 2000 site	Marine Protected Area	Not reported	Not reported	{ITA}	{MWE}	162.14	161.55	162.14	162.17	100	100	Designated	2019	Not reported	Capitaneria di Porto di Palermo (ente gestore provvisorio dell' Area Marina Protetta Isola di Ustica)	Not reported		Not listed	https://natura2000.eea.europa.eu/?query=Natura2000Sites_9883_0,SITECODE,ITA020046	European Environment Agency	2020-06-19	N2K_end2019_21-04-2020
719		555578863	ITA040014		Fondali delle Isole Pelagie	Fondali delle Isole Pelagie	Special Area of Conservation (Habitats Directive)	Special Area of Conservation (Habitats Directive)	Regional	Marine Natura 2000 site	Marine Protected Area	Not reported	Not reported	{ITA}	{MIC}	40.85	39.45	40.85	40.83	100	97	Designated	2019	Not reported	Area Marina Protetta Isole Pelagie — Ente Gestore Comune di Lampedusa e Linosa — Capitaneria di Porto competente	Not reported		Not listed	https://natura2000.eea.europa.eu/?query=Natura2000Sites_9883_0,SITECODE,ITA040014	European Environment Agency	2020-06-19	N2K_end2019_21-04-2020
1706		555703305	ITA010032		Fondali dello Zingaro	Fondali dello Zingaro	Proposed Site of Community Importance (Habitats Directive)	Proposed Site of Community Importance (Habitats Directive)	Regional	Marine Natura 2000 proposed site	Site of conservation interest	Not reported	Not reported	{ITA}	{MWE}	26.19	25.52	26.19	26.18	100	97	Proposed	2019	Not reported	Not reported	Not reported		Not listed	https://natura2000.eea.europa.eu/?query=Natura2000Sites_9883_0,SITECODE,ITA010032	European Environment Agency	2020-06-19	N2K_end2019_21-04-2020
725		555529887	ITA070028		Fondali di Acicastello (Isola Lachea - Ciclopi)	Fondali di Acicastello (Isola Lachea - Ciclopi)	Proposed Site of Community Importance (Habitats Directive)	Proposed Site of Community Importance (Habitats Directive)	Regional	Marine Natura 2000 proposed site	Site of conservation interest	Not reported	Not reported	{ITA}	{MIC}	6.19	5.8	6.19	6.2	100	94	Proposed	1995	Not reported	Not reported	Not reported		Not listed	https://natura2000.eea.europa.eu/?query=Natura2000Sites_9883_0,SITECODE,ITA070028	European Environment Agency	2020-06-19	N2K_end2019_21-04-2020
726		555529919	ITA090026		Fondali di Brucoli - Agnone	Fondali di Brucoli - Agnone	Proposed Site of Community Importance (Habitats Directive)	Proposed Site of Community Importance (Habitats Directive)	Regional	Marine Natura 2000 proposed site	Site of conservation interest	Not reported	Not reported	{ITA}	{MIC}	13.38	13.16	13.38	13.39	100	98	Proposed	1995	Not reported	Not reported	Not reported		Not listed	https://natura2000.eea.europa.eu/?query=Natura2000Sites_9883_0,SITECODE,ITA090026	European Environment Agency	2020-06-19	N2K_end2019_21-04-2020
1707		555703310	ITA030045		Fondali di Capo Milazzo	Fondali di Capo Milazzo	Proposed Site of Community Importance (Habitats Directive)	Proposed Site of Community Importance (Habitats Directive)	Regional	Marine Natura 2000 proposed site	Site of conservation interest	Not reported	Not reported	{ITA}	{MWE}	7.48	7.37	7.48	7.49	100	98	Proposed	2019	Not reported	Not reported	Not reported		Not listed	https://natura2000.eea.europa.eu/?query=Natura2000Sites_9883_0,SITECODE,ITA030045	European Environment Agency	2020-06-19	N2K_end2019_21-04-2020
727		555529839	ITA040012		Fondali di Capo San Marco - Sciacca	Fondali di Capo San Marco - Sciacca	Proposed Site of Community Importance (Habitats Directive)	Proposed Site of Community Importance (Habitats Directive)	Regional	Marine Natura 2000 proposed site	Site of conservation interest	Not reported	Not reported	{ITA}	{MIC}	183.3	182.23	183.3	183.28	100	99	Proposed	1995	Not reported	Not reported	Not reported		Not listed	https://natura2000.eea.europa.eu/?query=Natura2000Sites_9883_0,SITECODE,ITA040012	European Environment Agency	2020-06-19	N2K_end2019_21-04-2020
728		555529569	IT9310033		Fondali di Capo Tirone	Fondali di Capo Tirone	Special Area of Conservation (Habitats Directive)	Special Area of Conservation (Habitats Directive)	Regional	Marine Natura 2000 site	Marine Protected Area	Not reported	Not reported	{ITA}	{MWE}	1.01	0.96	1.01	1.01	100	95	Designated	2017	Not reported	Capitaneria di Porto di Vibo Valentia.Ambito portuale Vibo Valentia Marina.Tel.0963/572004	Fully implemented	http://www.regione.calabria.it/ambiente/index.php?option=com_content&task=view&id=191&Itemid=79	Not listed	https://natura2000.eea.europa.eu/?query=Natura2000Sites_9883_0,SITECODE,IT9310033	European Environment Agency	2020-06-19	N2K_end2019_21-04-2020
729		555529660	IT9340093		Fondali di Capo Vaticano	Fondali di Capo Vaticano	Special Area of Conservation (Habitats Directive)	Special Area of Conservation (Habitats Directive)	Regional	Marine Natura 2000 site	Marine Protected Area	Not reported	Not reported	{ITA}	{MWE}	8.02	7.66	8.02	8.02	100	96	Designated	2017	Not reported	Parco Marino Regionale Fondali di Capo cozzo - S. Irene - Pizzo Calabro -Capo Vaticano	Not reported		Not listed	https://natura2000.eea.europa.eu/?query=Natura2000Sites_9883_0,SITECODE,IT9340093	European Environment Agency	2020-06-19	N2K_end2019_21-04-2020
1708		555703309	ITA020052		Fondali di Capo Zafferano	Fondali di Capo Zafferano	Proposed Site of Community Importance (Habitats Directive)	Proposed Site of Community Importance (Habitats Directive)	Regional	Marine Natura 2000 proposed site	Site of conservation interest	Not reported	Not reported	{ITA}	{MWE}	25.14	24.96	25.14	25.15	100	99	Proposed	2019	Not reported	Not reported	Not reported		Not listed	https://natura2000.eea.europa.eu/?query=Natura2000Sites_9883_0,SITECODE,ITA020052	European Environment Agency	2020-06-19	N2K_end2019_21-04-2020
730		555529624	IT9320096		Fondali di Gabella Grande	Fondali di Gabella Grande	Special Area of Conservation (Habitats Directive)	Special Area of Conservation (Habitats Directive)	Regional	Marine Natura 2000 site	Marine Protected Area	Not reported	Not reported	{ITA}	{MIC}	4.84	4.84	4.84	4.84	100	100	Designated	2017	Not reported	Provincia di Crotone	Partially implemented		Not listed	https://natura2000.eea.europa.eu/?query=Natura2000Sites_9883_0,SITECODE,IT9320096	European Environment Agency	2020-06-19	N2K_end2019_21-04-2020
731		555529786	ITA020047		Fondali di Isola delle Femmine - Capo Gallo	Fondali di Isola delle Femmine - Capo Gallo	Proposed Site of Community Importance (Habitats Directive)	Proposed Site of Community Importance (Habitats Directive)	Regional	Marine Natura 2000 proposed site	Site of conservation interest	Not reported	Not reported	{ITA}	{MWE}	21.55	21.14	21.55	21.56	100	98	Proposed	1995	Not reported	Capitaneria di Porto di Palermo - ente gestore pro tempore	Not reported		Not listed	https://natura2000.eea.europa.eu/?query=Natura2000Sites_9883_0,SITECODE,ITA020047	European Environment Agency	2020-06-19	N2K_end2019_21-04-2020
732		555529659	IT9340092		Fondali di Pizzo Calabro	Fondali di Pizzo Calabro	Special Area of Conservation (Habitats Directive)	Special Area of Conservation (Habitats Directive)	Regional	Marine Natura 2000 site	Marine Protected Area	Not reported	Not reported	{ITA}	{MWE}	12.16	12.08	12.16	12.16	100	99	Designated	2017	Not reported	Parco Marino Regionale Fondali di Capo Cozzo - S. Irene - Pizzo Calabro -Capo Vaticano	Not reported		Not listed	https://natura2000.eea.europa.eu/?query=Natura2000Sites_9883_0,SITECODE,IT9340092	European Environment Agency	2020-06-19	N2K_end2019_21-04-2020
733		555529708	IT9350173		Fondali di Scilla	Fondali di Scilla	Special Area of Conservation (Habitats Directive)	Special Area of Conservation (Habitats Directive)	Regional	Marine Natura 2000 site	Marine Protected Area	Not reported	Not reported	{ITA}	{MIC,MWE}	3.75	3.58	3.75	3.75	100	95	Designated	2017	Not reported	Provincia di Reggio Calabria	Not reported		Not listed	https://natura2000.eea.europa.eu/?query=Natura2000Sites_9883_0,SITECODE,IT9350173	European Environment Agency	2020-06-19	N2K_end2019_21-04-2020
734		555529639	IT9320185		Fondali di Staletti	Fondali di Staletti	Special Area of Conservation (Habitats Directive)	Special Area of Conservation (Habitats Directive)	Regional	Marine Natura 2000 site	Marine Protected Area	Not reported	Not reported	{ITA}	{MIC}	0.46	0.41	0.46	0.46	100	89	Designated	2017	Not reported	Provincia di Catanzaro	Not reported		Not listed	https://natura2000.eea.europa.eu/?query=Natura2000Sites_9883_0,SITECODE,IT9320185	European Environment Agency	2020-06-19	N2K_end2019_21-04-2020
735		555529826	ITA030040		Fondali di Taormina - Isola Bella	Fondali di Taormina - Isola Bella	Proposed Site of Community Importance (Habitats Directive)	Proposed Site of Community Importance (Habitats Directive)	Regional	Marine Natura 2000 proposed site	Site of conservation interest	Not reported	Not reported	{ITA}	{MIC}	1.4	1.25	1.4	1.4	100	89	Proposed	1995	Not reported	Not reported	Not reported		Not listed	https://natura2000.eea.europa.eu/?query=Natura2000Sites_9883_0,SITECODE,ITA030040	European Environment Agency	2020-06-19	N2K_end2019_21-04-2020
1709		555703311	ITA040016		Fondali di Torre Salsa	Fondali di Torre Salsa	Proposed Site of Community Importance (Habitats Directive)	Proposed Site of Community Importance (Habitats Directive)	Regional	Marine Natura 2000 proposed site	Site of conservation interest	Not reported	Not reported	{ITA}	{MIC}	127.3	127.1	127.3	127.32	100	100	Proposed	2019	Not reported	Not reported	Not reported		Not listed	https://natura2000.eea.europa.eu/?query=Natura2000Sites_9883_0,SITECODE,ITA040016	European Environment Agency	2020-06-19	N2K_end2019_21-04-2020
736		555529920	ITA090027		Fondali di Vendicari	Fondali di Vendicari	Proposed Site of Community Importance (Habitats Directive)	Proposed Site of Community Importance (Habitats Directive)	Regional	Marine Natura 2000 proposed site	Site of conservation interest	Not reported	Not reported	{ITA}	{MIC}	39.01	38.66	39.01	39.04	100	99	Proposed	1995	Not reported	Not reported	Not reported		Not listed	https://natura2000.eea.europa.eu/?query=Natura2000Sites_9883_0,SITECODE,ITA090027	European Environment Agency	2020-06-19	N2K_end2019_21-04-2020
746			IT8030010		Fondali marini di Ischia, Procida e Vivara	Fondali marini di Ischia, Procida e Vivara	SPA (Birds Directive) + pSCI (Habitats Directive)	SPA (Birds Directive) + pSCI (Habitats Directive)	Regional	Marine Natura 2000 site	Marine Protected Area	Not reported	Not reported	{ITA}	{MWE}	61.16	59.3	61.16	61.19	100	97	Designated	2004	Not reported	Not reported	Not reported		Not listed	https://natura2000.eea.europa.eu/?query=Natura2000Sites_9883_0,SITECODE,IT8030010	European Environment Agency	2020-06-19	N2K_end2019_21-04-2020
747			IT8030011		Fondali marini di Punta Campanella e Capri	Fondali marini di Punta Campanella e Capri	SPA (Birds Directive) + SAC (Habitats Directive)	SPA (Birds Directive) + SAC (Habitats Directive)	Regional	Marine Natura 2000 site	Marine Protected Area	Not reported	Not reported	{ITA}	{MWE}	84.91	82.04	84.91	84.97	100	97	Designated	2004	Not reported	Not reported	Not reported		Not listed	https://natura2000.eea.europa.eu/?query=Natura2000Sites_9883_0,SITECODE,IT8030011	European Environment Agency	2020-06-19	N2K_end2019_21-04-2020
764		555529062	IT6000013		Fondali tra Capo Circeo e Terracina	Fondali tra Capo Circeo e Terracina	Special Area of Conservation (Habitats Directive)	Special Area of Conservation (Habitats Directive)	Regional	Marine Natura 2000 site	Marine Protected Area	Not reported	Not reported	{ITA}	{MWE}	53.85	53.86	53.85	53.86	100	100	Designated	2017	Not reported	Regione Lazio - Direzione Infrastrutture, Ambiente e Politiche abitative	Not reported		Not listed	https://natura2000.eea.europa.eu/?query=Natura2000Sites_9883_0,SITECODE,IT6000013	European Environment Agency	2020-06-19	N2K_end2019_21-04-2020
765		555529061	IT6000012		Fondali tra Capo Portiere e Lago di Caprolace (foce)	Fondali tra Capo Portiere e Lago di Caprolace (foce)	Special Area of Conservation (Habitats Directive)	Special Area of Conservation (Habitats Directive)	Regional	Marine Natura 2000 site	Marine Protected Area	Not reported	Not reported	{ITA}	{MWE}	37.3	37.31	37.3	37.3	100	100	Designated	2017	Not reported	Regione Lazio - Direzione Infrastrutture, Ambiente e Politiche abitative	Not reported		Not listed	https://natura2000.eea.europa.eu/?query=Natura2000Sites_9883_0,SITECODE,IT6000012	European Environment Agency	2020-06-19	N2K_end2019_21-04-2020
768		555529053	IT6000004		Fondali tra Marina di Tarquinia e Punta della Quaglia	Fondali tra Marina di Tarquinia e Punta della Quaglia	Special Area of Conservation (Habitats Directive)	Special Area of Conservation (Habitats Directive)	Regional	Marine Natura 2000 site	Marine Protected Area	Not reported	Not reported	{ITA}	{MWE}	19.92	19.8	19.92	19.9	100	99	Designated	2017	Not reported	Regione Lazio Direzione Infrastrutture, Ambiente e Politiche abitative	Not reported		Not listed	https://natura2000.eea.europa.eu/?query=Natura2000Sites_9883_0,SITECODE,IT6000004	European Environment Agency	2020-06-19	N2K_end2019_21-04-2020
770		555529054	IT6000005		Fondali tra Punta S. Agostino e Punta della Mattonara	Fondali tra Punta S. Agostino e Punta della Mattonara	Special Area of Conservation (Habitats Directive)	Special Area of Conservation (Habitats Directive)	Regional	Marine Natura 2000 site	Marine Protected Area	Not reported	Not reported	{ITA}	{MWE}	7.19	7.06	7.19	7.18	100	98	Designated	2016	Not reported	Regione Lazio - Direzione Infrastrutture, Ambiente e Politiche abitative	Not reported		Not listed	https://natura2000.eea.europa.eu/?query=Natura2000Sites_9883_0,SITECODE,IT6000005	European Environment Agency	2020-06-19	N2K_end2019_21-04-2020
769		555529055	IT6000006		Fondali tra Punta del Pecoraro e Capo Linaro	Fondali tra Punta del Pecoraro e Capo Linaro	Special Area of Conservation (Habitats Directive)	Special Area of Conservation (Habitats Directive)	Regional	Marine Natura 2000 site	Marine Protected Area	Not reported	Not reported	{ITA}	{MWE}	16.14	15.95	16.14	16.12	100	99	Designated	2016	Not reported	Regione Lazio - Direzione Infrastrutture, Ambiente e Politiche abitative	Not reported		Not listed	https://natura2000.eea.europa.eu/?query=Natura2000Sites_9883_0,SITECODE,IT6000006	European Environment Agency	2020-06-19	N2K_end2019_21-04-2020
771		555529063	IT6000014		Fondali tra Terracina e Lago Lungo	Fondali tra Terracina e Lago Lungo	Special Area of Conservation (Habitats Directive)	Special Area of Conservation (Habitats Directive)	Regional	Marine Natura 2000 site	Marine Protected Area	Not reported	Not reported	{ITA}	{MWE}	30.26	30.29	30.26	30.27	100	100	Designated	2017	Not reported	Regione Lazio - Direzione Infrastrutture, Ambiente e Politiche abitative	Not reported		Not listed	https://natura2000.eea.europa.eu/?query=Natura2000Sites_9883_0,SITECODE,IT6000014	European Environment Agency	2020-06-19	N2K_end2019_21-04-2020
772		555529060	IT6000011		Fondali tra Torre Astura e Capo Portiere	Fondali tra Torre Astura e Capo Portiere	Special Area of Conservation (Habitats Directive)	Special Area of Conservation (Habitats Directive)	Regional	Marine Natura 2000 site	Marine Protected Area	Not reported	Not reported	{ITA}	{MWE}	28.0	28.0	28.0	28.0	100	100	Designated	2017	Not reported	Regione Lazio - Direzione Infrastrutture, Ambiente e Politiche abitative	Not reported		Not listed	https://natura2000.eea.europa.eu/?query=Natura2000Sites_9883_0,SITECODE,IT6000011	European Environment Agency	2020-06-19	N2K_end2019_21-04-2020
766	766	555529050	IT6000001		Fondali tra le foci del Fiume Chiarone e Fiume Fiora	Fondali tra le foci del Fiume Chiarone e Fiume Fiora	Proposed Site of Community Importance (Habitats Directive)	Proposed Site of Community Importance (Habitats Directive)	Regional	Marine Natura 2000 proposed site	Site of conservation interest	Main	Not reported	{ITA}	{MWE}	28.44	28.41	28.44	28.41	100	100	Proposed	1995	Not reported	Regione Lazio - Direzione Infrastrutture, Ambiente e Politiche abitative	Not reported		Not listed	https://natura2000.eea.europa.eu/?query=Natura2000Sites_9883_0,SITECODE,IT6000001	European Environment Agency	2020-06-19	N2K_end2019_21-04-2020
767		555529052	IT6000003		Fondali tra le foci del Torrente Arrone e del Fiume Marta	Fondali tra le foci del Torrente Arrone e del Fiume Marta	Special Area of Conservation (Habitats Directive)	Special Area of Conservation (Habitats Directive)	Regional	Marine Natura 2000 site	Marine Protected Area	Not reported	Not reported	{ITA}	{MWE}	26.38	26.34	26.38	26.35	100	100	Designated	2017	Not reported	Regione Lazio Direzione Infrastrutture, Ambiente e Politiche abitative	Fully implemented	http://www.lifecomebis.eu/life.cfm	Not listed	https://natura2000.eea.europa.eu/?query=Natura2000Sites_9883_0,SITECODE,IT6000003	European Environment Agency	2020-06-19	N2K_end2019_21-04-2020
774	774	182719			Gaiola	Gaiola	Underwater Park (Italy)	Parco Sommerso	National	MPA with a national statute	Marine Protected Area	Main	IV - Habitat/species management area	{ITA}	{MWE}	0.42	0.41	0.42	0.52	100	79	Designated	2002	Not reported	Soprintendenza per i Beni Archeologici di Napoli	Not reported		Not listed	http://www.areamarinaprotettagaiola.it	Ministry of the Environment	2016-06-28	GIS layer digitised by MedPAN using QGis 2.8.5 according to the coordinates provided in the Decreto del 7 agosto 2002 establishing the MPA. Coordinates were shifted to fit the coastline.
1710	1710	178990			Gianola	Oasi blu di Gianola	Blue Oasis (Italy)	Oasi Blu	National	MPA with a national statute	Marine Protected Area	Main	IV - Habitat/species management area	{ITA}	{MWE}	0.05	0.02	0.05	0.05	100	40	Designated	1988	Not reported	Not reported	Not reported		Not listed	https://www.protectedplanet.net/178990	European Environment Agency	2020-01-07	CDDA_v18_29-05-2020
775			ITB020014		Golfo di Orosei	Golfo di Orosei	SPA (Birds Directive) + SAC (Habitats Directive)	SPA (Birds Directive) + SAC (Habitats Directive)	Regional	Marine Natura 2000 site	Marine Protected Area	Not reported	Not reported	{ITA}	{MWE}	46.36	44.15	289.72	289.93	16	15	Designated	2009	Not reported	Not reported	Not reported		Not listed	https://natura2000.eea.europa.eu/?query=Natura2000Sites_9883_0,SITECODE,ITB020014	European Environment Agency	2020-06-19	N2K_end2019_21-04-2020
776		555529961	ITB032228		Is Arenas	Is Arenas	Special Area of Conservation (Habitats Directive)	Special Area of Conservation (Habitats Directive)	Regional	Marine Natura 2000 site	Marine Protected Area	Not reported	Not reported	{ITA}	{MWE}	26.83	27.17	40.65	40.68	66	67	Designated	2019	Not reported	Regione Autonoma della Sardegna	Fully implemented	http://www.regione.sardegna.it/documenti/1_73_20090429111022.pdf; http://www.regione.sardegna.it/documenti/1_73_20090506130147.pdf; http://www.regione.sardegna.it/documenti/1_73_20090506130529.pdf	Not listed	https://natura2000.eea.europa.eu/?query=Natura2000Sites_9883_0,SITECODE,ITB032228	European Environment Agency	2020-06-19	N2K_end2019_21-04-2020
777		555529962	ITB032229		Is Arenas S'Acqua e S'Ollastu	Is Arenas S'Acqua e S'Ollastu	Special Area of Conservation (Habitats Directive)	Special Area of Conservation (Habitats Directive)	Regional	Marine Natura 2000 site	Marine Protected Area	Not reported	Not reported	{ITA}	{MWE}	0.72	0.74	3.26	3.27	22	23	Designated	2017	Not reported	Regione Autonoma della Sardegna	Fully implemented	http://buras.regione.sardegna.it/custom/frontend/viewPart.xhtml?partId=4ee5f3e3-8c20-45e9-9c8e-19b6571c32d8	Not listed	https://natura2000.eea.europa.eu/?query=Natura2000Sites_9883_0,SITECODE,ITB032229	European Environment Agency	2020-06-19	N2K_end2019_21-04-2020
778		555530003	ITB042247		Is Compinxius - Campo Dunale di Bugerru - Portixeddu	Is Compinxius - Campo Dunale di Bugerru - Portixeddu	Special Area of Conservation (Habitats Directive)	Special Area of Conservation (Habitats Directive)	Regional	Marine Natura 2000 site	Marine Protected Area	Not reported	Not reported	{ITA}	{MWE}	1.28	1.3	6.11	6.12	21	21	Designated	2017	Not reported	Regione Autonoma della Sardegna	Fully implemented	http://buras.regione.sardegna.it/custom/frontend/viewPart.xhtml?partId=f1566057-71c1-4f28-a170-4abe3c32e673	Not listed	https://natura2000.eea.europa.eu/?query=Natura2000Sites_9883_0,SITECODE,ITB042247	European Environment Agency	2020-06-19	N2K_end2019_21-04-2020
779	783	555540583	ITB010001		Isola Asinara	Isola Asinara	Special Protection Area (Birds Directive)	Special Protection Area (Birds Directive)	Regional	Marine Natura 2000 site	Marine Protected Area	Secondary	Not reported	{ITA}	{MWE}	45.44	43.56	96.69	96.76	47	45	Designated	2009	Not reported	Regione Autonoma della Sardegna	Not reported		Not listed	https://natura2000.eea.europa.eu/?query=Natura2000Sites_9883_0,SITECODE,ITB010001	European Environment Agency	2020-06-19	N2K_end2019_21-04-2020
798		555540598	ITB030039		Isola Mal di Ventre	Isola Mal di Ventre	Special Protection Area (Birds Directive)	Special Protection Area (Birds Directive)	Regional	Marine Natura 2000 site	Marine Protected Area	Not reported	Not reported	{ITA}	{MWE}	2.89	2.62	3.75	3.75	77	70	Designated	2009	Not reported	Regione Autonoma della Sardegna	Not reported		Not listed	https://natura2000.eea.europa.eu/?query=Natura2000Sites_9883_0,SITECODE,ITB030039	European Environment Agency	2020-06-19	N2K_end2019_21-04-2020
799		555540585	ITB013011		Isola Piana di Porto Torres	Isola Piana di Porto Torres	Special Protection Area (Birds Directive)	Special Protection Area (Birds Directive)	Regional	Marine Natura 2000 site	Marine Protected Area	Not reported	Not reported	{ITA}	{MWE}	2.79	2.78	3.99	4.0	70	70	Designated	2009	Not reported	Regione Autonoma della Sardegna	Not reported		Not listed	https://natura2000.eea.europa.eu/?query=Natura2000Sites_9883_0,SITECODE,ITB013011	European Environment Agency	2020-06-19	N2K_end2019_21-04-2020
800		555529937	ITB012211		Isola Rossa - Costa Paradiso	Isola Rossa - Costa Paradiso	Special Area of Conservation (Habitats Directive)	Special Area of Conservation (Habitats Directive)	Regional	Marine Natura 2000 site	Marine Protected Area	Not reported	Not reported	{ITA}	{MWE}	25.44	24.63	54.12	54.17	47	45	Designated	2017	Not reported	Regione Autonoma della Sardegna	Fully implemented	http://buras.regione.sardegna.it/custom/frontend/viewPart.xhtml?partId=f1566057-71c1-4f28-a170-4abe3c32e673	Not listed	https://natura2000.eea.europa.eu/?query=Natura2000Sites_9883_0,SITECODE,ITB012211	European Environment Agency	2020-06-19	N2K_end2019_21-04-2020
801		555529971	ITB040024		Isola Rossa e Capo Teulada	Isola Rossa e Capo Teulada	Proposed Site of Community Importance (Habitats Directive)	Proposed Site of Community Importance (Habitats Directive)	Regional	Marine Natura 2000 proposed site	Site of conservation interest	Not reported	Not reported	{ITA}	{MWE}	12.63	11.41	37.15	37.17	34	31	Proposed	1995	Not reported	Regione Autonoma della Sardegna	Fully implemented	http://buras.regione.sardegna.it/custom/frontend/viewPart.xhtml?partId=f117f059-91f6-4511-9d73-7aec4142748b	Not listed	https://natura2000.eea.europa.eu/?query=Natura2000Sites_9883_0,SITECODE,ITB040024	European Environment Agency	2020-06-19	N2K_end2019_21-04-2020
802		555540609	ITB043026		Isola Serpentara	Isola Serpentara	Special Protection Area (Birds Directive)	Special Protection Area (Birds Directive)	Regional	Marine Natura 2000 site	Marine Protected Area	Not reported	Not reported	{ITA}	{MWE}	0.96	0.89	1.34	1.34	72	66	Designated	2009	Not reported	Regione Autonoma della Sardegna	Not reported		Not listed	https://natura2000.eea.europa.eu/?query=Natura2000Sites_9883_0,SITECODE,ITB043026	European Environment Agency	2020-06-19	N2K_end2019_21-04-2020
780		555540610	ITB043027		Isola dei Cavoli	Isola dei Cavoli	Special Protection Area (Birds Directive)	Special Protection Area (Birds Directive)	Regional	Marine Natura 2000 site	Marine Protected Area	Not reported	Not reported	{ITA}	{MWE}	1.25	1.15	1.73	1.73	72	66	Designated	2009	Not reported	Regione Autonoma della Sardegna	Not reported		Not listed	https://natura2000.eea.europa.eu/?query=Natura2000Sites_9883_0,SITECODE,ITB043027	European Environment Agency	2020-06-19	N2K_end2019_21-04-2020
781		555529967	ITB040020		Isola dei Cavoli, Serpentara, Punta Molentis e Campulongu	Isola dei Cavoli, Serpentara, Punta Molentis e Campulongu	Proposed Site of Community Importance (Habitats Directive)	Proposed Site of Community Importance (Habitats Directive)	Regional	Marine Natura 2000 proposed site	Site of conservation interest	Not reported	Not reported	{ITA}	{MWE}	85.39	85.25	92.81	92.88	92	92	Proposed	1995	Not reported	Regione Autonoma della Sardegna	Fully implemented	http://buras.regione.sardegna.it/custom/frontend/viewPart.xhtml?partId=4ee5f3e3-8c20-45e9-9c8e-19b6571c32d8	Not listed	https://natura2000.eea.europa.eu/?query=Natura2000Sites_9883_0,SITECODE,ITB040020	European Environment Agency	2020-06-19	N2K_end2019_21-04-2020
1711		555529892	ITA080005		Isola dei Porri	Isola dei Porri	Special Area of Conservation (Habitats Directive)	Special Area of Conservation (Habitats Directive)	Regional	Marine Natura 2000 site	Marine Protected Area	Not reported	Not reported	{ITA}	{MIC}	0.15	0.16	0.16	0.16	96	100	Designated	2017	Not reported	Not reported	Not reported		Not listed	https://natura2000.eea.europa.eu/?query=Natura2000Sites_9883_0,SITECODE,ITA080005	European Environment Agency	2020-06-19	N2K_end2019_21-04-2020
1712			ITB040026		Isola del Toro	Isola del Toro	SPA (Birds Directive) + SAC (Habitats Directive)	SPA (Birds Directive) + SAC (Habitats Directive)	Regional	Marine Natura 2000 site	Marine Protected Area	Not reported	Not reported	{ITA}	{MWE}	0.5	0.49	0.63	0.63	79	78	Designated	2009	Not reported	Not reported	Not reported		Not listed	https://natura2000.eea.europa.eu/?query=Natura2000Sites_9883_0,SITECODE,ITB040026	European Environment Agency	2020-06-19	N2K_end2019_21-04-2020
783	783	182734			Isola dell'Asinara	Isola dell'Asinara	Marine Protected Area (Italy)	Area Marina Protetta	National	MPA with a national statute	Marine Protected Area	Main	IV - Habitat/species management area	{ITA}	{MWE}	107.32	106.21	107.32	108.17	100	98	Designated	2002	Not reported	Asinara National Park	Not reported		Not listed	http://www.parcoasinara.org	European Environment Agency	2020-06-30	CDDA_v18_29-05-2020
784	783	555529932	ITB010082		Isola dell'Asinara	Isola dell'Asinara	Special Area of Conservation (Habitats Directive)	Special Area of Conservation (Habitats Directive)	Regional	Marine Natura 2000 site	Marine Protected Area	Secondary	Not reported	{ITA}	{MWE}	118.62	117.65	171.92	172.05	69	68	Designated	2017	Not reported	Regione Autonoma della Sardegna	Fully implemented	http://buras.regione.sardegna.it/custom/frontend/viewPart.xhtml?partId=f1566057-71c1-4f28-a170-4abe3c32e673; http://buras.regione.sardegna.it/custom/frontend/viewPart.xhtml?partId=4b305e12-c7a8-4050-bfe3-f54b258e0b18	Not listed	https://natura2000.eea.europa.eu/?query=Natura2000Sites_9883_0,SITECODE,ITB010082	European Environment Agency	2020-06-19	N2K_end2019_21-04-2020
782			ITB040081		Isola della Vacca	Isola della Vacca	SPA (Birds Directive) + SAC (Habitats Directive)	SPA (Birds Directive) + SAC (Habitats Directive)	Regional	Marine Natura 2000 site	Marine Protected Area	Not reported	Not reported	{ITA}	{MWE}	0.5	0.42	0.6	0.6	83	70	Designated	2009	Not reported	Not reported	Not reported		Not listed	https://natura2000.eea.europa.eu/?query=Natura2000Sites_9883_0,SITECODE,ITB040081	European Environment Agency	2020-06-19	N2K_end2019_21-04-2020
785	785	390513			Isola di Bergeggi	Isola di Bergeggi	Marine Protected Area (Italy)	Area Marina Protetta	National	MPA with a national statute	Marine Protected Area	Main	IV - Habitat/species management area	{ITA}	{MWE}	2.03	1.94	2.03	2.01	100	97	Designated	2007	Sub-national ministry or agency	Municipality of Bergeggi	Partially implemented		Not listed	http://www.ampisolabergeggi.it	European Environment Agency	2020-06-30	CDDA_v18_29-05-2020
786	644	555528841	IT5160006		Isola di Capraia - area terrestre e marina	Isola di Capraia - area terrestre e marina	Special Area of Conservation (Habitats Directive)	Special Area of Conservation (Habitats Directive)	Regional	Marine Natura 2000 site	Marine Protected Area	Secondary	Not reported	{ITA}	{MWE}	168.78	167.69	187.53	187.66	90	89	Designated	2016	Not reported	Ente parco nazionale Arcipelago toscano.	Not reported		Not listed	https://natura2000.eea.europa.eu/?query=Natura2000Sites_9883_0,SITECODE,IT5160006	European Environment Agency	2020-06-19	N2K_end2019_21-04-2020
787	644	555540355	IT5160007		Isola di Capraia - area terrestre e marina	Isola di Capraia - area terrestre e marina	Special Protection Area (Birds Directive)	Special Protection Area (Birds Directive)	Regional	Marine Natura 2000 site	Marine Protected Area	Secondary	Not reported	{ITA}	{MWE}	169.31	167.69	184.03	184.15	92	91	Designated	1998	Not reported	Provvisoria perimetrazione di Parco Nazionale. Nessun organo di gestione.	Not reported		Not listed	https://natura2000.eea.europa.eu/?query=Natura2000Sites_9883_0,SITECODE,IT5160007	European Environment Agency	2020-06-19	N2K_end2019_21-04-2020
788	644		IT51A0024		Isola di Giannutri - area terrestre e marina	Isola di Giannutri - area terrestre e marina	SPA (Birds Directive) + SAC (Habitats Directive)	SPA (Birds Directive) + SAC (Habitats Directive)	Regional	Marine Natura 2000 site	Marine Protected Area	Secondary	Not reported	{ITA}	{MWE}	104.71	107.59	110.22	110.22	95	98	Designated	1998	Not reported	Not reported	Not reported		Not listed	https://natura2000.eea.europa.eu/?query=Natura2000Sites_9883_0,SITECODE,IT51A0024	European Environment Agency	2020-06-19	N2K_end2019_21-04-2020
789	644		IT5160002		Isola di Gorgona - area terrestre e marina	Isola di Gorgona - area terrestre e marina	SPA (Birds Directive) + SAC (Habitats Directive)	SPA (Birds Directive) + SAC (Habitats Directive)	Regional	Marine Natura 2000 site	Marine Protected Area	Secondary	Not reported	{ITA}	{MWE}	146.7	145.95	148.18	148.28	99	98	Designated	1998	Not reported	Not reported	Not reported		Not listed	https://natura2000.eea.europa.eu/?query=Natura2000Sites_9883_0,SITECODE,IT5160002	European Environment Agency	2020-06-19	N2K_end2019_21-04-2020
790		555529957	ITB030080		Isola di Mal di Ventre e Catalano	Isola di Mal di Ventre e Catalano	Proposed Site of Community Importance (Habitats Directive)	Proposed Site of Community Importance (Habitats Directive)	Regional	Marine Natura 2000 proposed site	Site of conservation interest	Not reported	Not reported	{ITA}	{MWE}	268.99	267.69	268.99	269.18	100	99	Proposed	2002	Not reported	Regione Autonoma della Sardegna	Fully implemented	http://buras.regione.sardegna.it/custom/frontend/viewPart.xhtml?partId=f117f059-91f6-4511-9d73-7aec4142748b	Not listed	https://natura2000.eea.europa.eu/?query=Natura2000Sites_9883_0,SITECODE,ITB030080	European Environment Agency	2020-06-19	N2K_end2019_21-04-2020
791	644		IT5160014		Isola di Montecristo e Formica di Montecristo - area terrestre e marina	Isola di Montecristo e Formica di Montecristo - area terrestre e marina	SPA (Birds Directive) + SAC (Habitats Directive)	SPA (Birds Directive) + SAC (Habitats Directive)	Regional	Marine Natura 2000 site	Marine Protected Area	Secondary	Not reported	{ITA}	{MWE}	143.99	143.98	154.83	154.91	93	93	Designated	1998	Not reported	Not reported	Not reported		Not listed	https://natura2000.eea.europa.eu/?query=Natura2000Sites_9883_0,SITECODE,IT5160014	European Environment Agency	2020-06-19	N2K_end2019_21-04-2020
792		555540558	ITA010030		Isola di Pantelleria e area marina circostante	Isola di Pantelleria e area marina circostante	Special Protection Area (Birds Directive)	Special Protection Area (Birds Directive)	Regional	Marine Natura 2000 site	Marine Protected Area	Not reported	Not reported	{ITA}	{MIC}	93.09	90.55	157.78	157.62	59	57	Designated	2005	Not reported	Not reported	Not reported		Not listed	https://natura2000.eea.europa.eu/?query=Natura2000Sites_9883_0,SITECODE,ITA010030	European Environment Agency	2020-06-19	N2K_end2019_21-04-2020
793	644		IT5160013		Isola di Pianosa - area terrestre e marina	Isola di Pianosa - area terrestre e marina	SPA (Birds Directive) + SAC (Habitats Directive)	SPA (Birds Directive) + SAC (Habitats Directive)	Regional	Marine Natura 2000 site	Marine Protected Area	Secondary	Not reported	{ITA}	{MWE}	45.08	44.38	54.98	55.01	82	81	Designated	1998	Not reported	Not reported	Not reported		Not listed	https://natura2000.eea.europa.eu/?query=Natura2000Sites_9883_0,SITECODE,IT5160013	European Environment Agency	2020-06-19	N2K_end2019_21-04-2020
794		555529521	IT9210160		Isola di S. Ianni e Costa Prospiciente	Isola di S. Ianni e Costa Prospiciente	Special Area of Conservation (Habitats Directive)	Special Area of Conservation (Habitats Directive)	Regional	Marine Natura 2000 site	Marine Protected Area	Not reported	Not reported	{ITA}	{MWE}	2.76	2.61	4.18	4.18	66	62	Designated	2017	Not reported	Not reported	Not reported		Not listed	https://natura2000.eea.europa.eu/?query=Natura2000Sites_9883_0,SITECODE,IT9210160	European Environment Agency	2020-06-19	N2K_end2019_21-04-2020
795		555529973	ITB040027		Isola di San Pietro	Isola di San Pietro	Special Area of Conservation (Habitats Directive)	Special Area of Conservation (Habitats Directive)	Regional	Marine Natura 2000 site	Marine Protected Area	Not reported	Not reported	{ITA}	{MWE}	42.66	40.78	92.74	92.8	46	44	Designated	2017	Not reported	Regione Autonoma della Sardegna	Not reported		Not listed	https://natura2000.eea.europa.eu/?query=Natura2000Sites_9883_0,SITECODE,ITB040027	European Environment Agency	2020-06-19	N2K_end2019_21-04-2020
796		555540612	ITB043032		Isola di Sant'Antioco, Capo Sperone	Isola di Sant'Antioco, Capo Sperone	Special Protection Area (Birds Directive)	Special Protection Area (Birds Directive)	Regional	Marine Natura 2000 site	Marine Protected Area	Not reported	Not reported	{ITA}	{MWE}	3.57	2.82	17.85	17.86	20	16	Designated	2009	Not reported	Regione Autonoma della Sardegna	Not reported		Not listed	https://natura2000.eea.europa.eu/?query=Natura2000Sites_9883_0,SITECODE,ITB043032	European Environment Agency	2020-06-19	N2K_end2019_21-04-2020
797	797	16154			Isola di Ustica	Isola di Ustica	Marine Protected Area (Italy)	Area Marina Protetta	National	MPA with a national statute	Marine Protected Area	Main	IV - Habitat/species management area	{ITA}	{MWE}	159.51	158.65	159.51	159.24	100	100	Designated	1986	Not reported	City of Ustica	Not reported		Not listed	http://www.ampustica.it	European Environment Agency	2020-06-30	CDDA_v18_29-05-2020
803	803	13172			Isole Ciclopi	Isole Ciclopi	Marine Protected Area (Italy)	Area Marina Protetta	National	MPA with a national statute	Marine Protected Area	Main	IV - Habitat/species management area	{ITA}	{MIC}	6.23	5.74	6.23	6.18	100	93	Designated	1989	Joint governance	Isole dei Ciclopi Management Consortium costituted by local municipality and university	Partially implemented		Not listed	http://www.isoleciclopi.it	European Environment Agency	2020-06-30	CDDA_v18_29-05-2020
811	811	13170			Isole Egadi	Isole Egadi	Marine Protected Area (Italy)	Area Marina Protetta	National	MPA with a national statute	Marine Protected Area	Main	IV - Habitat/species management area	{ITA}	{MWE}	539.92	538.12	539.92	541.12	100	99	Designated	1991	Local communities	City of Favignana	Inexistent		Not listed	http://www.ampisoleegadi.it	European Environment Agency	2020-06-30	CDDA_v18_29-05-2020
812	812	182733			Isole Pelagie	Isole Pelagie	Marine Protected Area (Italy)	Area Marina Protetta	National	MPA with a national statute	Marine Protected Area	Main	IV - Habitat/species management area	{ITA}	{MIC}	41.36	39.11	41.36	40.63	100	96	Designated	2002	Local communities	Municipality of Lampedusa e Linosa	Inexistent		Not listed	http://www.isole-pelagie.it	Ministry of the Environment	2016-06-21	GIS layer digitised by MedPAN using QGis 2.8.5 according to the coordinates provided in the Decreto del 21 ottobre 2002 establishing the MPA. Resulting points were moved to correct the offset regarding the coastline.
813	904	555529928	ITB010010		Isole Tavolara, Molara e Molarotto	Isole Tavolara, Molara e Molarotto	Special Area of Conservation (Habitats Directive)	Special Area of Conservation (Habitats Directive)	Regional	Marine Natura 2000 site	Marine Protected Area	Secondary	Not reported	{ITA}	{MWE}	150.45	149.79	160.05	160.17	94	94	Designated	2019	Not reported	Regione Autonoma della Sardegna	Not reported		Not listed	https://natura2000.eea.europa.eu/?query=Natura2000Sites_9883_0,SITECODE,ITB010010	European Environment Agency	2020-06-19	N2K_end2019_21-04-2020
1713		555528293	IT1345103		Isole Tino - Tinetto	Isole Tino - Tinetto	Special Area of Conservation (Habitats Directive)	Special Area of Conservation (Habitats Directive)	Regional	Marine Natura 2000 site	Marine Protected Area	Not reported	Not reported	{ITA}	{MWE}	0.02	0.02	0.15	0.15	15	13	Designated	2017	Not reported	COMUNE PORTOVENERE - Ufficio del Parco	Not reported		Not listed	https://natura2000.eea.europa.eu/?query=Natura2000Sites_9883_0,SITECODE,IT1345103	European Environment Agency	2020-06-19	N2K_end2019_21-04-2020
814	814	13164			Isole Tremiti	Isole Tremiti	Marine Protected Area (Italy)	Area Marina Protetta	National	MPA with a national statute	Marine Protected Area	Main	IV - Habitat/species management area	{ITA}	{MAD}	14.66	14.01	14.66	14.76	100	95	Designated	1989	Government-delegated management	Gargano National Park	Inexistent		Not listed	http://www.parcogargano.gov.it	Ministry of the Environment	2016-06-21	GIS layer digitised by MedPAN using QGis 2.8.5 according to the coordinates provided in the Decreto del 14 luglio 1989 establishing the marine nature reserve.
1714		555529438	IT9110011		Isole Tremiti	Isole Tremiti	Special Area of Conservation (Habitats Directive)	Special Area of Conservation (Habitats Directive)	Regional	Marine Natura 2000 site	Marine Protected Area	Not reported	Not reported	{ITA}	{MAD}	0.37	0.49	3.72	3.72	10	13	Designated	2018	Not reported	Regione Puglia	Not reported		Not listed	https://natura2000.eea.europa.eu/?query=Natura2000Sites_9883_0,SITECODE,IT9110011	European Environment Agency	2020-06-19	N2K_end2019_21-04-2020
804		555529869	ITA070006		Isole dei Ciclopi	Isole dei Ciclopi	Proposed Site of Community Importance (Habitats Directive)	Proposed Site of Community Importance (Habitats Directive)	Regional	Marine Natura 2000 proposed site	Site of conservation interest	Not reported	Not reported	{ITA}	{MIC}	0.0	0.0	0.03	0.03	1	0	Proposed	1995	Not reported	Not reported	Not reported		Not listed	https://natura2000.eea.europa.eu/?query=Natura2000Sites_9883_0,SITECODE,ITA070006	European Environment Agency	2020-06-19	N2K_end2019_21-04-2020
805	904	555540588	ITB013019		Isole del Nord - Est tra Capo Ceraso e Stagno di San Teodoro	Isole del Nord - Est tra Capo Ceraso e Stagno di San Teodoro	Special Protection Area (Birds Directive)	Special Protection Area (Birds Directive)	Regional	Marine Natura 2000 site	Marine Protected Area	Secondary	Not reported	{ITA}	{MWE}	158.03	160.68	181.64	181.77	87	88	Designated	2009	Not reported	Regione Autonoma della Sardegna	Not reported		Not listed	https://natura2000.eea.europa.eu/?query=Natura2000Sites_9883_0,SITECODE,ITB013019	European Environment Agency	2020-06-19	N2K_end2019_21-04-2020
807	807	13178			Isole dello Stagnone di Marsala	Isole dello Stagnone di Marsala	Regional Nature Reserve (Italy)	Riserva Naturale Regionale	National	MPA with a national statute	Marine Protected Area	Main	IV - Habitat/species management area	{ITA}	{MWE}	0.0	16.06	20.12	20.45	0	79	Designated	1984	Not reported	Trapani Province	Not reported		Not listed	https://www.protectedplanet.net/13178	European Environment Agency	2020-06-30	CDDA_v18_29-05-2020
808		555529181	IT6040020		Isole di Palmarola e Zannone	Isole di Palmarola e Zannone	Special Area of Conservation (Habitats Directive)	Special Area of Conservation (Habitats Directive)	Regional	Marine Natura 2000 site	Marine Protected Area	Not reported	Not reported	{ITA}	{MWE}	0.12	0.34	2.36	2.36	5	14	Designated	2017	Not reported	Regione Lazio - Direzione Infrastrutture, Ambiente e Politiche abitative	Not reported		Not listed	https://natura2000.eea.europa.eu/?query=Natura2000Sites_9883_0,SITECODE,IT6040020	European Environment Agency	2020-06-19	N2K_end2019_21-04-2020
809		555540466	IT6040019		Isole di Ponza, Palmarola, Zannone, Ventotene e S. Stefano	Isole di Ponza, Palmarola, Zannone, Ventotene e S. Stefano	Special Protection Area (Birds Directive)	Special Protection Area (Birds Directive)	Regional	Marine Natura 2000 site	Marine Protected Area	Not reported	Not reported	{ITA}	{MWE}	120.18	157.73	171.68	171.7	70	92	Designated	1996	Not reported	Regione Lazio - Direzione Infrastrutture, Ambiente e Politiche abitative	Not reported		Not listed	https://natura2000.eea.europa.eu/?query=Natura2000Sites_9883_0,SITECODE,IT6040019	European Environment Agency	2020-06-19	N2K_end2019_21-04-2020
810	810	178828			Isole di Ventotene e Santo Stefano	Isole di Ventotene e Santo Stefano	Marine Protected Area (Italy)	Area Marina Protetta	National	MPA with a national statute	Marine Protected Area	Main	IV - Habitat/species management area	{ITA}	{MWE}	27.99	27.45	27.99	27.92	100	98	Designated	1997	Local communities	City of Ventotene	Partially implemented		Not listed	http://www.riservaventotene.it	European Environment Agency	2020-06-30	CDDA_v18_29-05-2020
1715		555529407	IT8050018		Isolotti Li Galli	Isolotti Li Galli	Special Area of Conservation (Habitats Directive)	Special Area of Conservation (Habitats Directive)	Regional	Marine Natura 2000 site	Marine Protected Area	Not reported	Not reported	{ITA}	{MWE}	0.62	0.54	0.69	0.69	90	78	Designated	2019	Not reported	Regione Campania	Not reported		Not listed	https://natura2000.eea.europa.eu/?query=Natura2000Sites_9883_0,SITECODE,IT8050018	European Environment Agency	2020-06-19	N2K_end2019_21-04-2020
1716	1716	178908			Laghetti di Marinello	Laghetti di Marinello	Oriented Nature Reserve (Italy)	Riserva Naturale orientata	National	MPA with a national statute	Marine Protected Area	Main	IV - Habitat/species management area	{ITA}	{MWE}	0.0	0.8	4.01	4.03	0	20	Designated	1998	Not reported	Not reported	Not reported		Not listed	https://www.protectedplanet.net/178908	European Environment Agency	2020-01-07	CDDA_v18_29-05-2020
815		555529936	ITB011155		Lago di Baratz - Porto Ferro	Lago di Baratz - Porto Ferro	Special Area of Conservation (Habitats Directive)	Special Area of Conservation (Habitats Directive)	Regional	Marine Natura 2000 site	Marine Protected Area	Not reported	Not reported	{ITA}	{MWE}	3.14	2.96	13.09	13.1	24	23	Designated	2017	Not reported	Regione Autonoma della Sardegna	Fully implemented	http://buras.regione.sardegna.it/custom/frontend/viewPart.xhtml?partId=f117f059-91f6-4511-9d73-7aec4142748b	Not listed	https://natura2000.eea.europa.eu/?query=Natura2000Sites_9883_0,SITECODE,ITB011155	European Environment Agency	2020-06-19	N2K_end2019_21-04-2020
816		555528660	IT3250013		Laguna del Mort e Pinete di Eraclea	Laguna del Mort e Pinete di Eraclea	Special Area of Conservation (Habitats Directive)	Special Area of Conservation (Habitats Directive)	Regional	Marine Natura 2000 site	Marine Protected Area	Not reported	Not reported	{ITA}	{MAD}	0.0	0.44	2.14	2.14	0	21	Designated	2018	Not reported	Not reported	Not reported		Not listed	https://natura2000.eea.europa.eu/?query=Natura2000Sites_9883_0,SITECODE,IT3250013	European Environment Agency	2020-06-19	N2K_end2019_21-04-2020
817		555528663	IT3250033		Laguna di Caorle - Foce del Tagliamento	Laguna di Caorle - Foce del Tagliamento	Special Area of Conservation (Habitats Directive)	Special Area of Conservation (Habitats Directive)	Regional	Marine Natura 2000 site	Marine Protected Area	Not reported	Not reported	{ITA}	{MAD}	0.0	5.42	43.86	43.79	0	12	Designated	2018	Not reported	Not reported	Not reported		Not listed	https://natura2000.eea.europa.eu/?query=Natura2000Sites_9883_0,SITECODE,IT3250033	European Environment Agency	2020-06-19	N2K_end2019_21-04-2020
818			IT3320037		Laguna di Marano e Grado	Laguna di Marano e Grado	SPA (Birds Directive) + SAC (Habitats Directive)	SPA (Birds Directive) + SAC (Habitats Directive)	Regional	Marine Natura 2000 site	Marine Protected Area	Not reported	Not reported	{ITA}	{MAD}	11.45	123.94	163.63	163.69	7	76	Designated	2000	Not reported	Not reported	Not reported		Not listed	https://natura2000.eea.europa.eu/?query=Natura2000Sites_9883_0,SITECODE,IT3320037	European Environment Agency	2020-06-19	N2K_end2019_21-04-2020
1229		68061		190	Laguna di Marano: Foci dello Stella	Laguna di Marano: Foci dello Stella	Ramsar site	Ramsar site	International	Ramsar site	Site of conservation interest	Not reported	Not reported	{ITA}	{MAD}	0.0	10.03	14.0	14.35	0	70	Designated	1979	Not reported	Not reported	Inexistent		Not listed	https://rsis.ramsar.org/ris/190	Ministero dell'Ambiente e della Tutela del Territorio e del Mare (Italy)	2015-01-07	Data downloaded using the WFS provided by the national geoportal (http://www.pcn.minambiente.it/GN/).
819		555529798	ITA030012		Laguna di Oliveri - Tindari	Laguna di Oliveri - Tindari	Special Area of Conservation (Habitats Directive)	Special Area of Conservation (Habitats Directive)	Regional	Marine Natura 2000 site	Marine Protected Area	Not reported	Not reported	{ITA}	{MWE}	0.23	1.4	4.67	4.67	5	30	Designated	2017	Not reported	Not reported	Not reported		Not listed	https://natura2000.eea.europa.eu/?query=Natura2000Sites_9883_0,SITECODE,ITA030012	European Environment Agency	2020-06-19	N2K_end2019_21-04-2020
820		555540242	IT3250046		Laguna di Venezia	Laguna di Venezia	Special Protection Area (Birds Directive)	Special Protection Area (Birds Directive)	Regional	Marine Natura 2000 site	Marine Protected Area	Not reported	Not reported	{ITA}	{MAD}	0.0	380.55	552.06	551.58	0	69	Designated	2007	Not reported	Not reported	Not reported		Not listed	https://natura2000.eea.europa.eu/?query=Natura2000Sites_9883_0,SITECODE,IT3250046	European Environment Agency	2020-06-19	N2K_end2019_21-04-2020
821		555528661	IT3250030		Laguna medio-inferiore di Venezia	Laguna medio-inferiore di Venezia	Special Area of Conservation (Habitats Directive)	Special Area of Conservation (Habitats Directive)	Regional	Marine Natura 2000 site	Marine Protected Area	Not reported	Not reported	{ITA}	{MAD}	0.0	182.09	263.84	263.64	0	69	Designated	2018	Not reported	Not reported	Not reported		Not listed	https://natura2000.eea.europa.eu/?query=Natura2000Sites_9883_0,SITECODE,IT3250030	European Environment Agency	2020-06-19	N2K_end2019_21-04-2020
822		555528662	IT3250031		Laguna superiore di Venezia	Laguna superiore di Venezia	Special Area of Conservation (Habitats Directive)	Special Area of Conservation (Habitats Directive)	Regional	Marine Natura 2000 site	Marine Protected Area	Not reported	Not reported	{ITA}	{MAD}	0.0	143.0	203.65	203.44	0	70	Designated	2018	Not reported	Not reported	Not reported		Not listed	https://natura2000.eea.europa.eu/?query=Natura2000Sites_9883_0,SITECODE,IT3250031	European Environment Agency	2020-06-19	N2K_end2019_21-04-2020
823		555529501	IT9150032		Le Cesine	Le Cesine	Special Area of Conservation (Habitats Directive)	Special Area of Conservation (Habitats Directive)	Regional	Marine Natura 2000 site	Marine Protected Area	Not reported	Not reported	{ITA}	{MAD}	12.89	14.31	21.48	21.46	60	67	Designated	2018	Not reported	Regione Puglia	Not reported		Not listed	https://natura2000.eea.europa.eu/?query=Natura2000Sites_9883_0,SITECODE,IT9150032	European Environment Agency	2020-06-19	N2K_end2019_21-04-2020
824		555529946	ITB022214		Lido di Orrì	Lido di Orrì	Special Area of Conservation (Habitats Directive)	Special Area of Conservation (Habitats Directive)	Regional	Marine Natura 2000 site	Marine Protected Area	Not reported	Not reported	{ITA}	{MWE}	1.32	1.42	4.88	4.89	27	29	Designated	2019	Not reported	Regione Autonoma della Sardegna	Fully implemented	http://buras.regione.sardegna.it/custom/frontend/viewPart.xhtml?partId=f117f059-91f6-4511-9d73-7aec4142748b	Not listed	https://natura2000.eea.europa.eu/?query=Natura2000Sites_9883_0,SITECODE,ITB022214	European Environment Agency	2020-06-19	N2K_end2019_21-04-2020
825		555529467	IT9140002		Litorale Brindisino	Litorale Brindisino	Special Area of Conservation (Habitats Directive)	Special Area of Conservation (Habitats Directive)	Regional	Marine Natura 2000 site	Marine Protected Area	Not reported	Not reported	{ITA}	{MAD}	68.93	68.39	72.56	72.54	95	94	Designated	2015	Not reported	Regione Puglia	Fully implemented	https://www.regione.puglia.it/	Not listed	https://natura2000.eea.europa.eu/?query=Natura2000Sites_9883_0,SITECODE,IT9140002	European Environment Agency	2020-06-19	N2K_end2019_21-04-2020
1717		555528985	IT5310007		Litorale della Baia del Re	Litorale della Baia del Re	Special Area of Conservation (Habitats Directive)	Special Area of Conservation (Habitats Directive)	Regional	Marine Natura 2000 site	Marine Protected Area	Not reported	Not reported	{ITA}	{MAD}	0.07	0.16	0.17	0.17	43	94	Designated	2016	Not reported	Not reported	Not reported		Not listed	https://natura2000.eea.europa.eu/?query=Natura2000Sites_9883_0,SITECODE,IT5310007	European Environment Agency	2020-06-19	N2K_end2019_21-04-2020
826			IT9150015		Litorale di Gallipoli e Isola S. Andrea	Litorale di Gallipoli e Isola S. Andrea	SPA (Birds Directive) + SAC (Habitats Directive)	SPA (Birds Directive) + SAC (Habitats Directive)	Regional	Marine Natura 2000 site	Marine Protected Area	Not reported	Not reported	{ITA}	{MIC}	66.56	66.14	70.06	70.0	95	94	Designated	1998	Not reported	Not reported	Not reported		Not listed	https://natura2000.eea.europa.eu/?query=Natura2000Sites_9883_0,SITECODE,IT9150015	European Environment Agency	2020-06-19	N2K_end2019_21-04-2020
1718			IT5340001		Litorale di Porto d'Ascoli	Litorale di Porto d'Ascoli	SPA (Birds Directive) + SAC (Habitats Directive)	SPA (Birds Directive) + SAC (Habitats Directive)	Regional	Marine Natura 2000 site	Marine Protected Area	Not reported	Not reported	{ITA}	{MAD}	1.04	1.07	2.13	2.14	49	50	Designated	2012	Not reported	Not reported	Not reported		Not listed	https://natura2000.eea.europa.eu/?query=Natura2000Sites_9883_0,SITECODE,IT5340001	European Environment Agency	2020-06-19	N2K_end2019_21-04-2020
827		555529481	IT9150009		Litorale di Ugento	Litorale di Ugento	Special Area of Conservation (Habitats Directive)	Special Area of Conservation (Habitats Directive)	Regional	Marine Natura 2000 site	Marine Protected Area	Not reported	Not reported	{ITA}	{MIC}	61.58	60.93	72.45	72.38	85	84	Designated	2018	Not reported	Regione Puglia	Not reported		Not listed	https://natura2000.eea.europa.eu/?query=Natura2000Sites_9883_0,SITECODE,IT9150009	European Environment Agency	2020-06-19	N2K_end2019_21-04-2020
1352	1352				Lophelia reef off Capo Santa Maria di Leuca	Lophelia reef off Capo Santa Maria di Leuca	Protection of Vulnerable Marine Ecosystems (VME)	Protection of Vulnerable Marine Ecosystems (VME)	Regional	Fisheries Restricted Area (VME)	OECM (potential)	Main	Not applicable	{ITA}	{MIC}	1005.0	1004.89	1005.0	1004.89	100	100	Designated	2006	Not reported	Not reported	Not reported		Not listed	http://www.fao.org/gfcm/data/maps/fras	General Fisheries Commission for the Mediterranean (GFCM)	2021-01-22	Data downloaded from the GFCM website in January 2021 (http://www.fao.org/gfcm/data/map-fisheries-restricted-areas/en).
828		555540552	IT9320302		Marchesato e Fiume Neto	Marchesato e Fiume Neto	Special Protection Area (Birds Directive)	Special Protection Area (Birds Directive)	Regional	Marine Natura 2000 site	Marine Protected Area	Not reported	Not reported	{ITA}	{MIC}	28.06	29.85	701.42	701.5	4	4	Designated	2005	Not reported	Not reported	Not reported		Not listed	https://natura2000.eea.europa.eu/?query=Natura2000Sites_9883_0,SITECODE,IT9320302	European Environment Agency	2020-06-19	N2K_end2019_21-04-2020
1719			IT9220300		Mare della Magna Grecia	Mare della Magna Grecia	SPA (Birds Directive) + pSCI (Habitats Directive)	SPA (Birds Directive) + pSCI (Habitats Directive)	Regional	Marine Natura 2000 site	Marine Protected Area	Not reported	Not reported	{ITA}	{MIC}	291.08	291.2	291.08	291.12	100	100	Designated	2019	Not reported	Not reported	Not reported		Not listed	https://natura2000.eea.europa.eu/?query=Natura2000Sites_9883_0,SITECODE,IT9220300	European Environment Agency	2020-06-19	N2K_end2019_21-04-2020
829		555529520	IT9210155		Marina di Castrocucco	Marina di Castrocucco	Special Area of Conservation (Habitats Directive)	Special Area of Conservation (Habitats Directive)	Regional	Marine Natura 2000 site	Marine Protected Area	Not reported	Not reported	{ITA}	{MWE}	0.97	0.9	8.11	8.11	12	11	Designated	2017	Not reported	Not reported	Not reported		Not listed	https://natura2000.eea.europa.eu/?query=Natura2000Sites_9883_0,SITECODE,IT9210155	European Environment Agency	2020-06-19	N2K_end2019_21-04-2020
1720	1720	555625770		2311	Massaciuccoli lake and marsh	Massaciuccoli lake and marsh	Ramsar site	Ramsar site	International	Ramsar site	Site of conservation interest	Main	Not reported	{ITA}	{MWE}		10.68	111.35	111.41	0	10	Designated	2017	Not reported	Regional park authority Migliarino San Rossore Massaciuccoli	Not reported		Not listed	https://rsis.ramsar.org/ris/2311	Ramsar Sites Information Service	2020-06-22	Ramsar_21-04-2020
830	831	3033			Miramare	Miramare	Biosphere Reserve	Biosphere Reserve	International	Biosphere reserve	Site of conservation interest	Secondary	Not applicable	{ITA}	{MAD}	1.8	0.18	2.9	0.22	62	82	Designated	1979	Not reported	Not reported	Not reported		Not listed	https://en.unesco.org/biosphere/eu-na/miramare	Not Reported	2016-06-21	GIS layer digitised by MedPAN using QGis 2.8.5 according to the description provided in the Decreto interministeriale del 12 novembre 1986 establishing the marine nature reserve.
832	831	365002			Miramare Marine Protected Area	Miramare Marine Protected Area	SPAMI	Specially Protected Area of Mediterranean Importance	Regional	SPAMI	Marine Protected Area	Secondary	Not assigned	{ITA}	{MAD}	0.3	0.18	0.3	0.22	100	82	Adopted	2008	Not reported	Ministero dell'Ambiente e della Tutela del Territorio e del Mare	Not reported		Not listed	http://www.rac-spa.org/sites/default/files/doc_spamis/spamis/05_miramare.pdf	Ministry of the Environment	2016-06-21	GIS layer identical to that of the Marine Protected Area (WDPA ID: 14691)
831	831	14691			Miramare nel Golfo di Trieste	Miramare nel Golfo di Trieste	Marine Protected Area (Italy)	Area Marina Protetta	National	MPA with a national statute	Marine Protected Area	Main	IV - Habitat/species management area	{ITA}	{MAD}	0.3	0.18	0.3	0.22	100	82	Designated	1986	Non-profit organisations	WWF Italy	Partially implemented		Not listed	http://www.riservamarinamiramare.it	Ministry of the Environment	2016-06-21	GIS layer digitised by MedPAN using QGis 2.8.5 according to the description provided in the Decreto interministeriale del 12 novembre 1986 establishing the marine nature reserve.
833		555529480	IT9150008		Montagna Spaccata e Rupi di San Mauro	Montagna Spaccata e Rupi di San Mauro	Special Area of Conservation (Habitats Directive)	Special Area of Conservation (Habitats Directive)	Regional	Marine Natura 2000 site	Marine Protected Area	Not reported	Not reported	{ITA}	{MIC}	10.89	11.03	13.61	13.6	80	81	Designated	2018	Not reported	Regione Puglia	Fully implemented	https://www.regione.puglia.it/	Not listed	https://natura2000.eea.europa.eu/?query=Natura2000Sites_9883_0,SITECODE,IT9150008	European Environment Agency	2020-06-19	N2K_end2019_21-04-2020
834		555529977	ITB040031		Monte Arcuentu e Rio Piscinas	Monte Arcuentu e Rio Piscinas	Special Area of Conservation (Habitats Directive)	Special Area of Conservation (Habitats Directive)	Regional	Marine Natura 2000 site	Marine Protected Area	Not reported	Not reported	{ITA}	{MWE}	3.45	3.52	114.86	114.95	3	3	Designated	2017	Not reported	Not reported	Not reported		Not listed	https://natura2000.eea.europa.eu/?query=Natura2000Sites_9883_0,SITECODE,ITB040031	European Environment Agency	2020-06-19	N2K_end2019_21-04-2020
835		555540420	IT5320015		Monte Conero	Monte Conero	Special Protection Area (Birds Directive)	Special Protection Area (Birds Directive)	Regional	Marine Natura 2000 site	Marine Protected Area	Not reported	Not reported	{ITA}	{MAD}	2.38	2.14	19.8	19.81	12	11	Designated	2003	Not reported	Not reported	Not reported		Not listed	https://natura2000.eea.europa.eu/?query=Natura2000Sites_9883_0,SITECODE,IT5320015	European Environment Agency	2020-06-19	N2K_end2019_21-04-2020
1721	1721	178986			Monte Orlando	Oasi blu di Monte Orlando	Blue Oasis (Italy)	Oasi Blu	National	MPA with a national statute	Marine Protected Area	Main	V - Protected landscape/seascape	{ITA}	{MWE}	0.03	0.32	0.03	0.38	100	84	Designated	1995	Not reported	Ministero dell'Ambiente e della Tutela del Territorio e del Mare	Not reported		Not listed	https://www.protectedplanet.net/178986	European Environment Agency	2020-01-07	CDDA_v18_29-05-2020
836		555529925	ITB010006		Monte Russu	Monte Russu	Special Area of Conservation (Habitats Directive)	Special Area of Conservation (Habitats Directive)	Regional	Marine Natura 2000 site	Marine Protected Area	Not reported	Not reported	{ITA}	{MWE}	6.76	6.85	19.89	19.91	34	34	Designated	2017	Not reported	Regione Autonoma della Sardegna	Fully implemented	http://buras.regione.sardegna.it/custom/frontend/viewPart.xhtml?partId=f1566057-71c1-4f28-a170-4abe3c32e673	Not listed	https://natura2000.eea.europa.eu/?query=Natura2000Sites_9883_0,SITECODE,ITB010006	European Environment Agency	2020-06-19	N2K_end2019_21-04-2020
838		555540567	ITA030042		Monti Peloritani, Dorsale Curcuraci, Antennamare e area marina dello stretto di Messina	Monti Peloritani, Dorsale Curcuraci, Antennamare e area marina dello stretto di Messina	Special Protection Area (Birds Directive)	Special Protection Area (Birds Directive)	Regional	Marine Natura 2000 site	Marine Protected Area	Not reported	Not reported	{ITA}	{MIC,MWE}	81.18	80.6	279.93	280.13	29	29	Designated	2005	Not reported	Provincia di Messina	Not reported		Not listed	https://natura2000.eea.europa.eu/?query=Natura2000Sites_9883_0,SITECODE,ITA030042	European Environment Agency	2020-06-19	N2K_end2019_21-04-2020
839			IT4070009		Ortazzo, Ortazzino, Foce del Torrente Bevano	Ortazzo, Ortazzino, Foce del Torrente Bevano	SPA (Birds Directive) + pSCI (Habitats Directive)	SPA (Birds Directive) + pSCI (Habitats Directive)	Regional	Marine Natura 2000 site	Marine Protected Area	Not reported	Not reported	{ITA}	{MAD}	1.76	2.83	12.55	12.54	14	23	Designated	1988	Not reported	Not reported	Not reported		Not listed	https://natura2000.eea.europa.eu/?query=Natura2000Sites_9883_0,SITECODE,IT4070009	European Environment Agency	2020-06-19	N2K_end2019_21-04-2020
840		555529485	IT9150013		Palude del Capitano	Palude del Capitano	Special Area of Conservation (Habitats Directive)	Special Area of Conservation (Habitats Directive)	Regional	Marine Natura 2000 site	Marine Protected Area	Not reported	Not reported	{ITA}	{MIC}	21.35	21.35	22.47	22.46	95	95	Designated	2018	Not reported	Regione Puglia	Not reported		Not listed	https://natura2000.eea.europa.eu/?query=Natura2000Sites_9883_0,SITECODE,IT9150013	European Environment Agency	2020-06-19	N2K_end2019_21-04-2020
841		555529496	IT9150027		Palude del Conte, dune di Punta Prosciutto	Palude del Conte, dune di Punta Prosciutto	Special Area of Conservation (Habitats Directive)	Special Area of Conservation (Habitats Directive)	Regional	Marine Natura 2000 site	Marine Protected Area	Not reported	Not reported	{ITA}	{MIC}	50.95	49.85	56.61	56.57	90	88	Designated	2018	Not reported	Regione Puglia	Not reported		Not listed	https://natura2000.eea.europa.eu/?query=Natura2000Sites_9883_0,SITECODE,IT9150027	European Environment Agency	2020-06-19	N2K_end2019_21-04-2020
842		555529939	ITB020013		Palude di Osalla	Palude di Osalla	Special Area of Conservation (Habitats Directive)	Special Area of Conservation (Habitats Directive)	Regional	Marine Natura 2000 site	Marine Protected Area	Not reported	Not reported	{ITA}	{MWE}	4.43	4.93	9.85	9.86	45	50	Designated	2017	Not reported	Regione Autonoma della Sardegna	Fully implemented	http://buras.regione.sardegna.it/custom/frontend/viewPart.xhtml?partId=4ee5f3e3-8c20-45e9-9c8e-19b6571c32d8	Not listed	https://natura2000.eea.europa.eu/?query=Natura2000Sites_9883_0,SITECODE,ITB020013	European Environment Agency	2020-06-19	N2K_end2019_21-04-2020
845		555540465	IT6040015		Parco Nazionale del Circeo	Parco Nazionale del Circeo	Special Protection Area (Birds Directive)	Special Protection Area (Birds Directive)	Regional	Marine Natura 2000 site	Marine Protected Area	Not reported	Not reported	{ITA}	{MWE}	66.5	116.37	221.65	221.67	30	52	Designated	1988	Not reported	Regione Lazio - Direzione Infrastrutture, Ambiente e Politiche abitative	Not reported		Not listed	https://natura2000.eea.europa.eu/?query=Natura2000Sites_9883_0,SITECODE,IT6040015	European Environment Agency	2020-06-19	N2K_end2019_21-04-2020
843			IT8050037		Parco marino di Punta degli Infreschi	Parco marino di Punta degli Infreschi	SPA (Birds Directive) + SAC (Habitats Directive)	SPA (Birds Directive) + SAC (Habitats Directive)	Regional	Marine Natura 2000 site	Marine Protected Area	Not reported	Not reported	{ITA}	{MWE}	49.14	47.87	49.14	49.17	100	97	Designated	2004	Not reported	Not reported	Not reported		Not listed	https://natura2000.eea.europa.eu/?query=Natura2000Sites_9883_0,SITECODE,IT8050037	European Environment Agency	2020-06-19	N2K_end2019_21-04-2020
844			IT8050036		Parco marino di S. Maria di Castellabate	Parco marino di S. Maria di Castellabate	SPA (Birds Directive) + SAC (Habitats Directive)	SPA (Birds Directive) + SAC (Habitats Directive)	Regional	Marine Natura 2000 site	Marine Protected Area	Not reported	Not reported	{ITA}	{MWE}	50.19	49.59	50.19	50.23	100	99	Designated	2004	Not reported	Not reported	Not reported		Not listed	https://natura2000.eea.europa.eu/?query=Natura2000Sites_9883_0,SITECODE,IT8050036	European Environment Agency	2020-06-19	N2K_end2019_21-04-2020
846	846	13176			Penisola del Sinis - Isola Mal di Ventre	Penisola del Sinis - Isola Mal di Ventre	Marine Protected Area (Italy)	Area Marina Protetta	National	MPA with a national statute	Marine Protected Area	Main	IV - Habitat/species management area	{ITA}	{MWE}	267.03	266.37	267.03	267.08	100	100	Designated	1997	Government-delegated management	City of Cabras	Partially implemented		Not listed	http://www.areamarinasinis.it	European Environment Agency	2020-06-30	CDDA_v18_29-05-2020
847	846	555547504			Penisola del Sinis - Isola di Mal di Ventre Marine Protected Area	Penisola del Sinis - Isola di Mal di Ventre Marine Protected Area	SPAMI	Specially Protected Area of Mediterranean Importance	Regional	SPAMI	Marine Protected Area	Secondary	Not assigned	{ITA}	{MWE}	267.03	266.37	267.03	267.08	100	100	Adopted	2012	Not reported	City of Cabras	Not reported		Not listed	http://rac-spa.org/spami	European Environment Agency	2020-01-07	GIS layer identical to that of the Marine Protected Area (WDPA ID: 13176)
848			IT4070006		Pialassa dei Piomboni, Pineta di Punta Marina	Pialassa dei Piomboni, Pineta di Punta Marina	SPA (Birds Directive) + pSCI (Habitats Directive)	SPA (Birds Directive) + pSCI (Habitats Directive)	Regional	Marine Natura 2000 site	Marine Protected Area	Not reported	Not reported	{ITA}	{MAD}	0.6	0.67	4.64	4.64	13	14	Designated	2009	Not reported	Not reported	Not reported		Not listed	https://natura2000.eea.europa.eu/?query=Natura2000Sites_9883_0,SITECODE,IT4070006	European Environment Agency	2020-06-19	N2K_end2019_21-04-2020
849			IT4070005		Pineta di Casalborsetti, Pineta Staggioni, Duna di Porto Corsini	Pineta di Casalborsetti, Pineta Staggioni, Duna di Porto Corsini	SPA (Birds Directive) + pSCI (Habitats Directive)	SPA (Birds Directive) + pSCI (Habitats Directive)	Regional	Marine Natura 2000 site	Marine Protected Area	Not reported	Not reported	{ITA}	{MAD}	1.39	1.53	5.78	5.77	24	27	Designated	2009	Not reported	Not reported	Not reported		Not listed	https://natura2000.eea.europa.eu/?query=Natura2000Sites_9883_0,SITECODE,IT4070005	European Environment Agency	2020-06-19	N2K_end2019_21-04-2020
850		555528776	IT4070008		Pineta di Cervia	Pineta di Cervia	Special Area of Conservation (Habitats Directive)	Special Area of Conservation (Habitats Directive)	Regional	Marine Natura 2000 site	Marine Protected Area	Not reported	Not reported	{ITA}	{MAD}	0.04	0.04	1.94	1.94	2	2	Designated	2019	Not reported	Not reported	Not reported		Not listed	https://natura2000.eea.europa.eu/?query=Natura2000Sites_9883_0,SITECODE,IT4070008	European Environment Agency	2020-06-19	N2K_end2019_21-04-2020
851	851	390450			Plemmirio	Plemmirio	Marine Protected Area (Italy)	Area Marina Protetta	National	MPA with a national statute	Marine Protected Area	Main	IV - Habitat/species management area	{ITA}	{MIC}	24.29	23.72	24.29	24.28	100	98	Designated	2004	Not reported	Plemmirio Management Consortium	Not reported		Not listed	http://www.plemmirio.it	European Environment Agency	2020-06-30	CDDA_v18_29-05-2020
852	851	365005			Plemmirio Marine Protected Area	Plemmirio Marine Protected Area	SPAMI	Specially Protected Area of Mediterranean Importance	Regional	SPAMI	Marine Protected Area	Secondary	Not assigned	{ITA}	{MIC}	24.29	23.72	24.29	24.28	100	98	Adopted	2008	Not reported	Ministero dell'Ambiente e della Tutela del Territorio e del Mare	Not reported		Not listed	http://www.rac-spa.org/sites/default/files/doc_spamis/spamis/06_plemmiro.pdf	European Environment Agency	2020-01-07	GIS layer identical to that of the Marine Protected Area (WDPA ID: 390450)
853		555529994	ITB042230		Porto Campana	Porto Campana	Special Area of Conservation (Habitats Directive)	Special Area of Conservation (Habitats Directive)	Regional	Marine Natura 2000 site	Marine Protected Area	Not reported	Not reported	{ITA}	{MWE}	1.16	1.31	2.03	2.03	57	65	Designated	2017	Not reported	Regione Autonoma della Sardegna	Fully implemented	http://buras.regione.sardegna.it/custom/frontend/viewPart.xhtml?partId=4ee5f3e3-8c20-45e9-9c8e-19b6571c32d8	Not listed	https://natura2000.eea.europa.eu/?query=Natura2000Sites_9883_0,SITECODE,ITB042230	European Environment Agency	2020-06-19	N2K_end2019_21-04-2020
854	854	13167			Porto Cesareo	Porto Cesareo	Marine Protected Area (Italy)	Area Marina Protetta	National	MPA with a national statute	Marine Protected Area	Main	IV - Habitat/species management area	{ITA}	{MIC}	166.54	164.82	166.54	165.61	100	100	Designated	1997	Joint governance	Porto Cesareo MPA Management Consortium	Partially implemented		Not listed	http://www.ampportocesareo.it	Ministry of the Environment	2016-06-22	GIS layer digitised by MedPAN using QGis 2.8.5 according to the coordinates provided in the Decreto del 12 dicembre 1997 establishing the MPA. The latitude of point E was corrected.
855		555529497	IT9150028		Porto Cesareo	Porto Cesareo	Special Area of Conservation (Habitats Directive)	Special Area of Conservation (Habitats Directive)	Regional	Marine Natura 2000 site	Marine Protected Area	Not reported	Not reported	{ITA}	{MIC}	0.56	0.68	2.25	2.25	25	30	Designated	2018	Not reported	Regione Puglia	Not reported		Not listed	https://natura2000.eea.europa.eu/?query=Natura2000Sites_9883_0,SITECODE,IT9150028	European Environment Agency	2020-06-19	N2K_end2019_21-04-2020
856	854	555547503			Porto Cesareo Marine Protected Area	Porto Cesareo Marine Protected Area	SPAMI	Specially Protected Area of Mediterranean Importance	Regional	SPAMI	Marine Protected Area	Secondary	Not assigned	{ITA}	{MIC}	166.54	164.82	166.54	165.61	100	100	Adopted	2012	Not reported	Ministero dell'Ambiente e della Tutela del Territorio e del Mare	Not reported		Not listed	http://rac-spa.org/spami	Ministry of the Environment	2016-06-22	GIS layer identical to that of the Marine Protected Area (WDPA ID: 13167)
857	857	5977			Portofino	Portofino	Marine Protected Area (Italy)	Area Marina Protetta	National	MPA with a national statute	Marine Protected Area	Main	IV - Habitat/species management area	{ITA}	{MWE}	3.46	2.91	3.46	3.53	100	82	Designated	1998	Joint governance	Portofino Management Consortium is made up by the Municipalities of S.Margherita Ligure, Portofino and Camogli, the University of Genoa and the Metropolitan City of Genoa	Inexistent		Not listed	http://www.portofinoamp.it	Ministry of the Environment	2016-06-27	GIS layer digitised by MedPAN using QGis 2.8.5 according to the coordinates provided in the Decreto del 26 aprile 1999 establishing the MPA. Coordinates were shifted to fit the coastline, and satellite pictures were used to locate the marker buoys.
858	857	365021			Portofino Marine Protected Area	Portofino Marine Protected Area	SPAMI	Specially Protected Area of Mediterranean Importance	Regional	SPAMI	Marine Protected Area	Secondary	Not assigned	{ITA}	{MWE}	3.46	2.91	3.46	3.53	100	82	Adopted	2005	Not reported	Ministero dell'Ambiente e della Tutela del Territorio e del Mare	Not reported		Not listed	http://www.rac-spa.org/sites/default/files/doc_spamis/spamis/07_portofino.pdf	Ministry of the Environment	2016-06-27	GIS layer identical to that of the Marine Protected Area (WDPA ID: 5977)
859		555529001	IT5320006		Portonovo e falesia calcarea a mare	Portonovo e falesia calcarea a mare	Special Area of Conservation (Habitats Directive)	Special Area of Conservation (Habitats Directive)	Regional	Marine Natura 2000 site	Marine Protected Area	Not reported	Not reported	{ITA}	{MAD}	0.64	0.52	2.29	2.29	28	23	Designated	2016	Not reported	Ente Parco Naturale regionale del Conero	Fully implemented	http://www.norme.marche.it/Delibere/2015/DGR0553_15.pdf	Not listed	https://natura2000.eea.europa.eu/?query=Natura2000Sites_9883_0,SITECODE,IT5320006	European Environment Agency	2020-06-19	N2K_end2019_21-04-2020
860		555529503	IT9150034		Posidonieto Capo San Gregorio - Punta Ristola	Posidonieto Capo San Gregorio - Punta Ristola	Special Area of Conservation (Habitats Directive)	Special Area of Conservation (Habitats Directive)	Regional	Marine Natura 2000 site	Marine Protected Area	Not reported	Not reported	{ITA}	{MIC}	2.71	2.7	2.71	2.7	100	100	Designated	2018	Not reported	Regione Puglia	Not reported		Not listed	https://natura2000.eea.europa.eu/?query=Natura2000Sites_9883_0,SITECODE,IT9150034	European Environment Agency	2020-06-19	N2K_end2019_21-04-2020
861		555529465	IT9130008		Posidonieto Isola di San Pietro - Torre Canneto	Posidonieto Isola di San Pietro - Torre Canneto	Special Area of Conservation (Habitats Directive)	Special Area of Conservation (Habitats Directive)	Regional	Marine Natura 2000 site	Marine Protected Area	Not reported	Not reported	{ITA}	{MIC}	31.48	31.43	31.48	31.47	100	100	Designated	2018	Not reported	Regione Puglia	Not reported		Not listed	https://natura2000.eea.europa.eu/?query=Natura2000Sites_9883_0,SITECODE,IT9130008	European Environment Agency	2020-06-19	N2K_end2019_21-04-2020
862		555529456	IT9120009		Posidonieto San Vito - Barletta	Posidonieto San Vito - Barletta	Special Area of Conservation (Habitats Directive)	Special Area of Conservation (Habitats Directive)	Regional	Marine Natura 2000 site	Marine Protected Area	Not reported	Not reported	{ITA}	{MAD}	124.59	124.48	124.59	124.6	100	100	Designated	2018	Not reported	Regione Puglia	Not reported		Not listed	https://natura2000.eea.europa.eu/?query=Natura2000Sites_9883_0,SITECODE,IT9120009	European Environment Agency	2020-06-19	N2K_end2019_21-04-2020
863		555529178	IT6040016		Promontorio del Circeo (Quarto Caldo)	Promontorio del Circeo (Quarto Caldo)	Special Area of Conservation (Habitats Directive)	Special Area of Conservation (Habitats Directive)	Regional	Marine Natura 2000 site	Marine Protected Area	Not reported	Not reported	{ITA}	{MWE}	0.09	0.01	4.27	4.27	2	0	Designated	2017	Not reported	Not reported	Not reported		Not listed	https://natura2000.eea.europa.eu/?query=Natura2000Sites_9883_0,SITECODE,IT6040016	European Environment Agency	2020-06-19	N2K_end2019_21-04-2020
864		555529972	ITB040025		Promontorio, dune e zona umida di Porto Pino	Promontorio, dune e zona umida di Porto Pino	Proposed Site of Community Importance (Habitats Directive)	Proposed Site of Community Importance (Habitats Directive)	Regional	Marine Natura 2000 proposed site	Site of conservation interest	Not reported	Not reported	{ITA}	{MWE}	4.85	4.85	26.97	26.99	18	18	Proposed	1995	Not reported	Regione Autonoma della Sardegna	Fully implemented	http://buras.regione.sardegna.it/custom/frontend/viewPart.xhtml?partId=f117f059-91f6-4511-9d73-7aec4142748b	Not listed	https://natura2000.eea.europa.eu/?query=Natura2000Sites_9883_0,SITECODE,ITB040025	European Environment Agency	2020-06-19	N2K_end2019_21-04-2020
865	865	13165			Punta Campanella	Punta Campanella	Marine Protected Area (Italy)	Area Marina Protetta	National	MPA with a national statute	Marine Protected Area	Main	IV - Habitat/species management area	{ITA}	{MWE}	15.39	13.89	15.39	15.24	100	91	Designated	1997	Government-delegated management	Punta Campanella Management Consortium	Not reported		Not listed	http://www.puntacampanella.org	European Environment Agency	2020-06-30	CDDA_v18_29-05-2020
866	865	555547527			Punta Campanella Marine Protected Area	Punta Campanella Marine Protected Area	SPAMI	Specially Protected Area of Mediterranean Importance	Regional	SPAMI	Marine Protected Area	Secondary	Not assigned	{ITA}	{MWE}	15.39	13.89	15.39	15.24	100	91	Adopted	2009	Not reported	Ministero dell'Ambiente e della Tutela del Territorio e del Mare	Not reported		Not listed	http://www.rac-spa.org/sites/default/files/doc_spamis/spamis/10_punta_campanella.pdf	European Environment Agency	2020-01-07	GIS layer identical to that of the Marine Protected Area (WDPA ID: 13165)
868		555529987	ITB042210		Punta Giunchera	Punta Giunchera	Special Area of Conservation (Habitats Directive)	Special Area of Conservation (Habitats Directive)	Regional	Marine Natura 2000 site	Marine Protected Area	Not reported	Not reported	{ITA}	{MWE}	0.38	0.36	0.54	0.54	71	67	Designated	2017	Not reported	Regione Autonoma della Sardegna	Fully implemented	http://buras.regione.sardegna.it/custom/frontend/viewPart.xhtml?partId=4ee5f3e3-8c20-45e9-9c8e-19b6571c32d8	Not listed	https://natura2000.eea.europa.eu/?query=Natura2000Sites_9883_0,SITECODE,ITB042210	European Environment Agency	2020-06-19	N2K_end2019_21-04-2020
869		555529974	ITB040028		Punta S'Aliga	Punta S'Aliga	Special Area of Conservation (Habitats Directive)	Special Area of Conservation (Habitats Directive)	Regional	Marine Natura 2000 site	Marine Protected Area	Not reported	Not reported	{ITA}	{MWE}	3.89	4.17	6.94	6.95	56	60	Designated	2017	Not reported	Regione Autonoma della Sardegna	Not reported		Not listed	https://natura2000.eea.europa.eu/?query=Natura2000Sites_9883_0,SITECODE,ITB040028	European Environment Agency	2020-06-19	N2K_end2019_21-04-2020
870		555529478	IT9150006		Rauccio	Rauccio	Special Area of Conservation (Habitats Directive)	Special Area of Conservation (Habitats Directive)	Regional	Marine Natura 2000 site	Marine Protected Area	Not reported	Not reported	{ITA}	{MAD}	59.97	60.01	65.9	65.84	91	91	Designated	2018	Not reported	Regione Puglia	Not reported		Not listed	https://natura2000.eea.europa.eu/?query=Natura2000Sites_9883_0,SITECODE,IT9150006	European Environment Agency	2020-06-19	N2K_end2019_21-04-2020
871	871	390447			Regno di Nettuno	Regno di Nettuno	Marine Protected Area (Italy)	Area Marina Protetta	National	MPA with a national statute	Marine Protected Area	Main	IV - Habitat/species management area	{ITA}	{MWE}	112.56	110.65	112.56	112.64	100	98	Designated	2007	Not reported	Regno di Nettuno Management Consortium	Not reported		Not listed	http://www.nettunoamp.org	European Environment Agency	2020-06-30	CDDA_v18_29-05-2020
1722		555578836	IT3330008		Relitti di Posidonia presso Grado	Relitti di Posidonia presso Grado	Proposed Site of Community Importance (Habitats Directive)	Proposed Site of Community Importance (Habitats Directive)	Regional	Marine Natura 2000 proposed site	Site of conservation interest	Not reported	Not reported	{ITA}	{MAD}	0.01	0.01	0.01	0.01	100	100	Proposed	2013	Not reported	Not reported	Not reported		Not listed	https://natura2000.eea.europa.eu/?query=Natura2000Sites_9883_0,SITECODE,IT3330008	European Environment Agency	2020-06-19	N2K_end2019_21-04-2020
872		555528781	IT4070026		Relitto della piattaforma Paguro	Relitto della piattaforma Paguro	Special Area of Conservation (Habitats Directive)	Special Area of Conservation (Habitats Directive)	Regional	Marine Natura 2000 site	Marine Protected Area	Not reported	Not reported	{ITA}	{MAD}	0.66	0.66	0.66	0.66	100	100	Designated	2019	Not reported	ENTE GESTORE: Regione Emilia-Romagna	Not reported		Not listed	https://natura2000.eea.europa.eu/?query=Natura2000Sites_9883_0,SITECODE,IT4070026	European Environment Agency	2020-06-19	N2K_end2019_21-04-2020
1233				119	Sacca di Bellocchio	Sacca di Bellocchio	Ramsar site	Ramsar site	International	Ramsar site	Site of conservation interest	Not reported	Not reported	{ITA}	{MAD}	0.0	0.23	2.23	2.24	0	10	Designated	1976	Not reported	Not reported	Not reported		Not listed	https://rsis.ramsar.org/ris/119	Ministero dell'Ambiente e della Tutela del Territorio e del Mare (Italy)	2015-01-07	Data downloaded using the WFS provided by the national geoportal (http://www.pcn.minambiente.it/GN/).
873			IT4060005		Sacca di Goro, Po di Goro, Valle Dindona, Foce del Po di Volano	Sacca di Goro, Po di Goro, Valle Dindona, Foce del Po di Volano	SPA (Birds Directive) + pSCI (Habitats Directive)	SPA (Birds Directive) + pSCI (Habitats Directive)	Regional	Marine Natura 2000 site	Marine Protected Area	Not reported	Not reported	{ITA}	{MAD}	29.72	37.37	48.72	48.67	61	77	Designated	1988	Not reported	Not reported	Not reported		Not listed	https://natura2000.eea.europa.eu/?query=Natura2000Sites_9883_0,SITECODE,IT4060005	European Environment Agency	2020-06-19	N2K_end2019_21-04-2020
874			ITA090014		Saline di Augusta	Saline di Augusta	SPA (Birds Directive) + SAC (Habitats Directive)	SPA (Birds Directive) + SAC (Habitats Directive)	Regional	Marine Natura 2000 site	Marine Protected Area	Not reported	Not reported	{ITA}	{MIC}	0.41	0.1	1.14	1.14	36	9	Designated	1998	Not reported	Not reported	Not reported		Not listed	https://natura2000.eea.europa.eu/?query=Natura2000Sites_9883_0,SITECODE,ITA090014	European Environment Agency	2020-06-19	N2K_end2019_21-04-2020
1723		555529724	ITA010007		Saline di Trapani	Saline di Trapani	Special Area of Conservation (Habitats Directive)	Special Area of Conservation (Habitats Directive)	Regional	Marine Natura 2000 site	Marine Protected Area	Not reported	Not reported	{ITA}	{MWE}	0.1	5.86	10.07	10.07	1	58	Designated	2017	Not reported	Not reported	Not reported		Not listed	https://natura2000.eea.europa.eu/?query=Natura2000Sites_9883_0,SITECODE,ITA010007	European Environment Agency	2020-06-19	N2K_end2019_21-04-2020
1724	1724	178772			Saline di Trapani e Paceco	Saline di Trapani e Paceco	Integral Nature Reserve (Italy)	Riserva Naturale integrale	National	MPA with a national statute	Marine Protected Area	Main	Ia - Strict nature reserve	{ITA}	{MWE}	0.0	5.19	9.11	9.19	0	56	Designated	1995	Not reported	Not reported	Not reported		Not listed	https://www.protectedplanet.net/178772	European Environment Agency	2020-01-07	CDDA_v18_29-05-2020
876	876	390448			Santa Maria di Castellabate	Santa Maria di Castellabate	Marine Protected Area (Italy)	Area Marina Protetta	National	MPA with a national statute	Marine Protected Area	Main	IV - Habitat/species management area	{ITA}	{MWE}	70.95	70.2	70.95	70.91	100	99	Designated	2009	Not reported	National Park of Cilento, Vallo di Diano e Alburni	Not reported		Not listed	http://www.cilentoediano.it	European Environment Agency	2020-06-30	CDDA_v18_29-05-2020
877		555529960	ITB032219		Sassu - Cirras	Sassu - Cirras	Special Area of Conservation (Habitats Directive)	Special Area of Conservation (Habitats Directive)	Regional	Marine Natura 2000 site	Marine Protected Area	Not reported	Not reported	{ITA}	{MWE}	0.68	0.83	2.51	2.51	27	33	Designated	2019	Not reported	Regione Autonoma della Sardegna	Fully implemented	http://buras.regione.sardegna.it/custom/frontend/viewPart.xhtml?partId=f117f059-91f6-4511-9d73-7aec4142748b	Not listed	https://natura2000.eea.europa.eu/?query=Natura2000Sites_9883_0,SITECODE,ITB032219	European Environment Agency	2020-06-19	N2K_end2019_21-04-2020
878	644	555578846	IT5160020		Scarpata continentale dell'Arcipelago Toscano	Scarpata continentale dell'Arcipelago Toscano	Special Area of Conservation (Habitats Directive)	Special Area of Conservation (Habitats Directive)	Regional	Marine Natura 2000 site	Marine Protected Area	Secondary	Not reported	{ITA}	{MWE}	4.73	4.74	4.73	4.74	100	100	Designated	2016	Not reported	Not reported	Not reported		Not listed	https://natura2000.eea.europa.eu/?query=Natura2000Sites_9883_0,SITECODE,IT5160020	European Environment Agency	2020-06-19	N2K_end2019_21-04-2020
879	644	555578845	IT5160019		Scoglietto di Portoferraio	Scoglietto di Portoferraio	Special Area of Conservation (Habitats Directive)	Special Area of Conservation (Habitats Directive)	Regional	Marine Natura 2000 site	Marine Protected Area	Secondary	Not reported	{ITA}	{MWE}	1.54	1.54	1.54	1.54	100	100	Designated	2016	Not reported	Not reported	Not reported		Not listed	https://natura2000.eea.europa.eu/?query=Natura2000Sites_9883_0,SITECODE,IT5160019	European Environment Agency	2020-06-19	N2K_end2019_21-04-2020
1725		555529379	IT8030027		Scoglio del Vervece	Scoglio del Vervece	Special Area of Conservation (Habitats Directive)	Special Area of Conservation (Habitats Directive)	Regional	Marine Natura 2000 site	Marine Protected Area	Not reported	Not reported	{ITA}	{MWE}	0.04	0.04	0.04	0.04	98	100	Designated	2019	Not reported	Regione Campania	Not reported		Not listed	https://natura2000.eea.europa.eu/?query=Natura2000Sites_9883_0,SITECODE,IT8030027	European Environment Agency	2020-06-19	N2K_end2019_21-04-2020
880	644	555578848	IT51A0038		Scoglio dell'Argentarola	Scoglio dell'Argentarola	Special Area of Conservation (Habitats Directive)	Special Area of Conservation (Habitats Directive)	Regional	Marine Natura 2000 site	Marine Protected Area	Secondary	Not reported	{ITA}	{MWE}	0.14	0.14	0.14	0.14	100	100	Designated	2016	Not reported	Not reported	Not reported		Not listed	https://natura2000.eea.europa.eu/?query=Natura2000Sites_9883_0,SITECODE,IT51A0038	European Environment Agency	2020-06-19	N2K_end2019_21-04-2020
1726		555635624	IT9120012		Scoglio dell'Eremita	Scoglio dell'Eremita	SPA (Birds Directive) + SAC (Habitats Directive)	SPA (Birds Directive) + SAC (Habitats Directive)	Regional	Marine Natura 2000 site	Marine Protected Area	Not reported	Not reported	{ITA}	{MAD}	0.17	0.14	0.18	0.18	97	78	Designated	2017	Not reported	Regione Puglia - Servizio Parchi e tutela della biodiversità	Not reported		Not listed	https://natura2000.eea.europa.eu/?query=Natura2000Sites_9883_0,SITECODE,IT9120012	European Environment Agency	2020-06-19	N2K_end2019_21-04-2020
881		555529587	IT9310053		Secca di Amendolara	Secca di Amendolara	Special Area of Conservation (Habitats Directive)	Special Area of Conservation (Habitats Directive)	Regional	Marine Natura 2000 site	Marine Protected Area	Not reported	Not reported	{ITA}	{MIC}	6.11	6.11	6.11	6.11	100	100	Designated	2017	Not reported	Provincia di Cosenza	Partially implemented		Not listed	https://natura2000.eea.europa.eu/?query=Natura2000Sites_9883_0,SITECODE,IT9310053	European Environment Agency	2020-06-19	N2K_end2019_21-04-2020
882	882	390493			Secche della Meloria	Secche della Meloria	Marine Protected Area (Italy)	Area Marina Protetta	National	MPA with a national statute	Marine Protected Area	Main	IV - Habitat/species management area	{ITA}	{MWE}	93.72	93.79	93.72	93.78	100	100	Designated	2009	Government-delegated management	Regional Park of Migliarino San Rossore Massaciuccoli	Inexistent		Not listed	http://www.parcosanrossore.org/meloria	European Environment Agency	2020-06-30	CDDA_v18_29-05-2020
883	882	555578844	IT5160018		Secche della Meloria	Secche della Meloria	Special Area of Conservation (Habitats Directive)	Special Area of Conservation (Habitats Directive)	Regional	Marine Natura 2000 site	Marine Protected Area	Secondary	Not reported	{ITA}	{MWE}	87.27	87.32	87.27	87.32	100	100	Designated	2016	Not reported	Parco di Migliarino, San Rossore, Massaciuccoli	Not reported		Not listed	https://natura2000.eea.europa.eu/?query=Natura2000Sites_9883_0,SITECODE,IT5160018	European Environment Agency	2020-06-19	N2K_end2019_21-04-2020
884		555529057	IT6000008		Secche di Macchiatonda	Secche di Macchiatonda	Special Area of Conservation (Habitats Directive)	Special Area of Conservation (Habitats Directive)	Regional	Marine Natura 2000 site	Marine Protected Area	Not reported	Not reported	{ITA}	{MWE}	20.12	20.11	20.12	20.11	100	100	Designated	2017	Not reported	Regione Lazio - Direzione Infrastrutture, Ambiente e Politiche abitative	Not reported		Not listed	https://natura2000.eea.europa.eu/?query=Natura2000Sites_9883_0,SITECODE,IT6000008	European Environment Agency	2020-06-19	N2K_end2019_21-04-2020
885	885	20721			Secche di Tor Paterno	Secche di Tor Paterno	Marine Protected Area (Italy)	Area Marina Protetta	National	MPA with a national statute	Marine Protected Area	Main	IV - Habitat/species management area	{ITA}	{MWE}	13.87	13.85	13.87	13.85	100	100	Designated	2000	Not reported	RomaNatura	Not reported		Not listed	http://ampsecchetorpaterno.it	European Environment Agency	2020-06-30	CDDA_v18_29-05-2020
886	885	555529059	IT6000010		Secche di Tor Paterno	Secche di Tor Paterno	Special Area of Conservation (Habitats Directive)	Special Area of Conservation (Habitats Directive)	Regional	Marine Natura 2000 site	Marine Protected Area	Secondary	Not reported	{ITA}	{MWE}	13.81	13.8	13.81	13.8	100	100	Designated	2016	Not reported	Regione Lazio - Direzione Infrastrutture, Ambiente e Politiche abitative	Fully implemented	http:// http://www.lifecomebis.eu/comebis.cfm	Not listed	https://natura2000.eea.europa.eu/?query=Natura2000Sites_9883_0,SITECODE,IT6000010	European Environment Agency	2020-06-19	N2K_end2019_21-04-2020
887		555529058	IT6000009		Secche di Torre Flavia	Secche di Torre Flavia	Special Area of Conservation (Habitats Directive)	Special Area of Conservation (Habitats Directive)	Regional	Marine Natura 2000 site	Marine Protected Area	Not reported	Not reported	{ITA}	{MWE}	13.38	13.37	13.38	13.37	100	100	Designated	2017	Not reported	Regione Lazio - Direzione Infrastrutture, Ambiente e Politiche abitative	Not reported		Not listed	https://natura2000.eea.europa.eu/?query=Natura2000Sites_9883_0,SITECODE,IT6000009	European Environment Agency	2020-06-19	N2K_end2019_21-04-2020
888		555529990	ITB042220		Serra is Tres Portus (Sant'Antioco)	Serra is Tres Portus (Sant'Antioco)	Special Area of Conservation (Habitats Directive)	Special Area of Conservation (Habitats Directive)	Regional	Marine Natura 2000 site	Marine Protected Area	Not reported	Not reported	{ITA}	{MWE}	0.65	0.55	2.61	2.61	25	21	Designated	2017	Not reported	Regione Autonoma della Sardegna	Fully implemented	http://buras.regione.sardegna.it/custom/frontend/viewPart.xhtml?partId=f1566057-71c1-4f28-a170-4abe3c32e673	Not listed	https://natura2000.eea.europa.eu/?query=Natura2000Sites_9883_0,SITECODE,ITB042220	European Environment Agency	2020-06-19	N2K_end2019_21-04-2020
889		555529695	IT9350160		Spiaggia di Brancaleone	Spiaggia di Brancaleone	Special Area of Conservation (Habitats Directive)	Special Area of Conservation (Habitats Directive)	Regional	Marine Natura 2000 site	Marine Protected Area	Not reported	Not reported	{ITA}	{MIC}	14.11	14.26	15.85	15.86	89	90	Designated	2017	Not reported	Provincia di Reggio Calabria	Fully implemented	http://www.regione.calabria.it/ambiente/index.php?option=com_content&task=view&id=250&Itemid=100	Not listed	https://natura2000.eea.europa.eu/?query=Natura2000Sites_9883_0,SITECODE,IT9350160	European Environment Agency	2020-06-19	N2K_end2019_21-04-2020
890		555540608	ITB043025		Stagni di Colostrai	Stagni di Colostrai	Special Protection Area (Birds Directive)	Special Protection Area (Birds Directive)	Regional	Marine Natura 2000 site	Marine Protected Area	Not reported	Not reported	{ITA}	{MWE}	2.49	4.37	19.18	19.19	13	23	Designated	2009	Not reported	Regione Autonoma della Sardegna	Not reported		Not listed	https://natura2000.eea.europa.eu/?query=Natura2000Sites_9883_0,SITECODE,ITB043025	European Environment Agency	2020-06-19	N2K_end2019_21-04-2020
891		555529966	ITB040019		Stagni di Colostrai e delle Saline	Stagni di Colostrai e delle Saline	Special Area of Conservation (Habitats Directive)	Special Area of Conservation (Habitats Directive)	Regional	Marine Natura 2000 site	Marine Protected Area	Not reported	Not reported	{ITA}	{MWE}	3.34	5.09	11.51	11.52	29	44	Designated	2019	Not reported	Regione Autonoma della Sardegna	Fully implemented	http://buras.regione.sardegna.it/custom/frontend/viewPart.xhtml?partId=4ee5f3e3-8c20-45e9-9c8e-19b6571c32d8	Not listed	https://natura2000.eea.europa.eu/?query=Natura2000Sites_9883_0,SITECODE,ITB040019	European Environment Agency	2020-06-19	N2K_end2019_21-04-2020
892		555529964	ITB040017		Stagni di Murtas e S'Acqua Durci	Stagni di Murtas e S'Acqua Durci	Proposed Site of Community Importance (Habitats Directive)	Proposed Site of Community Importance (Habitats Directive)	Regional	Marine Natura 2000 proposed site	Site of conservation interest	Not reported	Not reported	{ITA}	{MWE}	3.35	3.44	7.44	7.45	45	46	Proposed	1995	Not reported	Regione Autonoma della Sardegna	Fully implemented	http://buras.regione.sardegna.it/custom/frontend/viewPart.xhtml?partId=4ee5f3e3-8c20-45e9-9c8e-19b6571c32d8	Not listed	https://natura2000.eea.europa.eu/?query=Natura2000Sites_9883_0,SITECODE,ITB040017	European Environment Agency	2020-06-19	N2K_end2019_21-04-2020
893			IT9140003		Stagni e Saline di Punta della Contessa	Stagni e Saline di Punta della Contessa	SPA (Birds Directive) + SAC (Habitats Directive)	SPA (Birds Directive) + SAC (Habitats Directive)	Regional	Marine Natura 2000 site	Marine Protected Area	Not reported	Not reported	{ITA}	{MAD}	25.72	26.77	28.58	28.56	90	94	Designated	1998	Not reported	Not reported	Not reported		Not listed	https://natura2000.eea.europa.eu/?query=Natura2000Sites_9883_0,SITECODE,IT9140003	European Environment Agency	2020-06-19	N2K_end2019_21-04-2020
1727		555529954	ITB030036		Stagno di Cabras	Stagno di Cabras	Special Area of Conservation (Habitats Directive)	Special Area of Conservation (Habitats Directive)	Regional	Marine Natura 2000 site	Marine Protected Area	Not reported	Not reported	{ITA}	{MWE}	0.0	20.0	47.95	47.99	0	42	Designated	2017	Not reported	Not reported	Not reported		Not listed	https://natura2000.eea.europa.eu/?query=Natura2000Sites_9883_0,SITECODE,ITB030036	European Environment Agency	2020-06-19	N2K_end2019_21-04-2020
1728		555540605	ITB034008		Stagno di Cabras	Stagno di Cabras	Special Protection Area (Birds Directive)	Special Protection Area (Birds Directive)	Regional	Marine Natura 2000 site	Marine Protected Area	Not reported	Not reported	{ITA}	{MWE}	0.0	20.02	36.17	36.2	0	55	Designated	2009	Not reported	Not reported	Not reported		Not listed	https://natura2000.eea.europa.eu/?query=Natura2000Sites_9883_0,SITECODE,ITB034008	European Environment Agency	2020-06-19	N2K_end2019_21-04-2020
1252		68054		134	Stagno di Cagliari	Stagno di Cagliari	Ramsar site	Ramsar site	International	Ramsar site	Site of conservation interest	Not reported	Not reported	{ITA}	{MWE}	0.0	12.11	34.66	36.82	0	33	Designated	1976	Not reported	Not reported	Inexistent		Not listed	https://rsis.ramsar.org/ris/134	Ministero dell'Ambiente e della Tutela del Territorio e del Mare (Italy)	2015-01-07	Data downloaded using the WFS provided by the national geoportal (http://www.pcn.minambiente.it/GN/).
1729		555540618	ITB044003		Stagno di Cagliari	Stagno di Cagliari	Special Protection Area (Birds Directive)	Special Protection Area (Birds Directive)	Regional	Marine Natura 2000 site	Marine Protected Area	Not reported	Not reported	{ITA}	{MWE}	0.0	12.28	37.56	37.59	0	33	Designated	2009	Not reported	Regione Autonoma della Sardegna	Not reported		Not listed	https://natura2000.eea.europa.eu/?query=Natura2000Sites_9883_0,SITECODE,ITB044003	European Environment Agency	2020-06-19	N2K_end2019_21-04-2020
1730		555529970	ITB040023		Stagno di Cagliari, Saline di Macchiareddu, Laguna di Santa Gilla	Stagno di Cagliari, Saline di Macchiareddu, Laguna di Santa Gilla	Special Area of Conservation (Habitats Directive)	Special Area of Conservation (Habitats Directive)	Regional	Marine Natura 2000 site	Marine Protected Area	Not reported	Not reported	{ITA}	{MWE}	3.59	16.1	59.83	59.88	6	27	Designated	2017	Not reported	Regione Autonoma della Sardegna	Fully implemented	http://buras.regione.sardegna.it/custom/frontend/viewPart.xhtml?partId=f1566057-71c1-4f28-a170-4abe3c32e673	Not listed	https://natura2000.eea.europa.eu/?query=Natura2000Sites_9883_0,SITECODE,ITB040023	European Environment Agency	2020-06-19	N2K_end2019_21-04-2020
894		555529950	ITB030032		Stagno di Corru S'Ittiri	Stagno di Corru S'Ittiri	Proposed Site of Community Importance (Habitats Directive)	Proposed Site of Community Importance (Habitats Directive)	Regional	Marine Natura 2000 proposed site	Site of conservation interest	Not reported	Not reported	{ITA}	{MWE}	30.84	30.63	57.12	57.16	54	54	Proposed	1995	Not reported	Regione Autonoma della Sardegna	Fully implemented	http://buras.regione.sardegna.it/custom/frontend/viewPart.xhtml?partId=4ee5f3e3-8c20-45e9-9c8e-19b6571c32d8	Not listed	https://natura2000.eea.europa.eu/?query=Natura2000Sites_9883_0,SITECODE,ITB030032	European Environment Agency	2020-06-19	N2K_end2019_21-04-2020
1247		68058		179	Stagno di Corru S'Ittiri, Stagni di San Giovanni e Marceddì	Stagno di Corru S'Ittiri, Stagni di San Giovanni e Marceddì	Ramsar site	Ramsar site	International	Ramsar site	Site of conservation interest	Not reported	Not reported	{ITA}	{MWE}	0.0	22.48	26.1	26.43	0	85	Designated	1979	Not reported	Not reported	Not reported		Not listed	https://rsis.ramsar.org/ris/179	Ministero dell'Ambiente e della Tutela del Territorio e del Mare (Italy)	2015-01-07	Data downloaded using the WFS provided by the national geoportal (http://www.pcn.minambiente.it/GN/).
1248		68057		178	Stagno di Cábras	Stagno di Cábras	Ramsar site	Ramsar site	International	Ramsar site	Site of conservation interest	Not reported	Not reported	{ITA}	{MWE}	0.0	19.99	35.75	36.24	0	55	Designated	1979	Not reported	Not reported	Not reported		Not listed	https://rsis.ramsar.org/ris/178	Ministero dell'Ambiente e della Tutela del Territorio e del Mare (Italy)	2015-01-07	Data downloaded using the WFS provided by the national geoportal (http://www.pcn.minambiente.it/GN/).
1249		68072		233	Stagno di Mistras	Stagno di Mistras	Ramsar site	Ramsar site	International	Ramsar site	Site of conservation interest	Not reported	Not reported	{ITA}	{MWE}	0.0	4.12	6.8	7.11	0	58	Designated	1982	Not reported	Not reported	Inexistent		Not listed	https://rsis.ramsar.org/ris/233	Ministero dell'Ambiente e della Tutela del Territorio e del Mare (Italy)	2015-01-07	Data downloaded using the WFS provided by the national geoportal (http://www.pcn.minambiente.it/GN/).
1731		555540603	ITB034006		Stagno di Mistras	Stagno di Mistras	Special Protection Area (Birds Directive)	Special Protection Area (Birds Directive)	Regional	Marine Natura 2000 site	Marine Protected Area	Not reported	Not reported	{ITA}	{MWE}	0.0	4.12	7.02	7.03	0	59	Designated	2009	Not reported	Regione Autonoma della Sardegna	Not reported		Not listed	https://natura2000.eea.europa.eu/?query=Natura2000Sites_9883_0,SITECODE,ITB034006	European Environment Agency	2020-06-19	N2K_end2019_21-04-2020
895		555529952	ITB030034		Stagno di Mistras di Oristano	Stagno di Mistras di Oristano	Proposed Site of Community Importance (Habitats Directive)	Proposed Site of Community Importance (Habitats Directive)	Regional	Marine Natura 2000 proposed site	Site of conservation interest	Not reported	Not reported	{ITA}	{MWE}	3.4	7.94	16.21	16.23	21	49	Proposed	1994	Not reported	Regione Autonoma della Sardegna	Fully implemented	http://buras.regione.sardegna.it/custom/frontend/viewPart.xhtml?partId=f117f059-91f6-4511-9d73-7aec4142748b	Not listed	https://natura2000.eea.europa.eu/?query=Natura2000Sites_9883_0,SITECODE,ITB030034	European Environment Agency	2020-06-19	N2K_end2019_21-04-2020
896		555529922	ITB010002		Stagno di Pilo e di Casaraccio	Stagno di Pilo e di Casaraccio	Special Area of Conservation (Habitats Directive)	Special Area of Conservation (Habitats Directive)	Regional	Marine Natura 2000 site	Marine Protected Area	Not reported	Not reported	{ITA}	{MWE}	6.96	8.77	18.82	18.84	37	47	Designated	2017	Not reported	Regione Autonoma della Sardegna	Fully implemented	http://buras.regione.sardegna.it/custom/frontend/viewPart.xhtml?partId=4ee5f3e3-8c20-45e9-9c8e-19b6571c32d8	Not listed	https://natura2000.eea.europa.eu/?query=Natura2000Sites_9883_0,SITECODE,ITB010002	European Environment Agency	2020-06-19	N2K_end2019_21-04-2020
1732		555540586	ITB013012		Stagno di Pilo, Casaraccio e Saline di Stintino	Stagno di Pilo, Casaraccio e Saline di Stintino	Special Protection Area (Birds Directive)	Special Protection Area (Birds Directive)	Regional	Marine Natura 2000 site	Marine Protected Area	Not reported	Not reported	{ITA}	{MWE}	3.47	5.29	12.87	12.88	27	41	Designated	2009	Not reported	Regione Autonoma della Sardegna	Not reported		Not listed	https://natura2000.eea.europa.eu/?query=Natura2000Sites_9883_0,SITECODE,ITB013012	European Environment Agency	2020-06-19	N2K_end2019_21-04-2020
897		555529989	ITB042218		Stagno di Piscinnì	Stagno di Piscinnì	Special Area of Conservation (Habitats Directive)	Special Area of Conservation (Habitats Directive)	Regional	Marine Natura 2000 site	Marine Protected Area	Not reported	Not reported	{ITA}	{MWE}	1.07	0.92	4.45	4.45	24	21	Designated	2017	Not reported	Regione Autonoma della Sardegna	Fully implemented	http://buras.regione.sardegna.it/custom/frontend/viewPart.xhtml?partId=4ee5f3e3-8c20-45e9-9c8e-19b6571c32d8	Not listed	https://natura2000.eea.europa.eu/?query=Natura2000Sites_9883_0,SITECODE,ITB042218	European Environment Agency	2020-06-19	N2K_end2019_21-04-2020
898		555529993	ITB042226		Stagno di Porto Botte	Stagno di Porto Botte	Special Area of Conservation (Habitats Directive)	Special Area of Conservation (Habitats Directive)	Regional	Marine Natura 2000 site	Marine Protected Area	Not reported	Not reported	{ITA}	{MWE}	4.89	5.97	12.22	12.23	40	49	Designated	2017	Not reported	Regione Autonoma della Sardegna	Fully implemented	http://buras.regione.sardegna.it/custom/frontend/viewPart.xhtml?partId=f117f059-91f6-4511-9d73-7aec4142748b	Not listed	https://natura2000.eea.europa.eu/?query=Natura2000Sites_9883_0,SITECODE,ITB042226	European Environment Agency	2020-06-19	N2K_end2019_21-04-2020
899		555529956	ITB030038		Stagno di Putzu Idu (Salina Manna e Pauli Marigosa)	Stagno di Putzu Idu (Salina Manna e Pauli Marigosa)	Special Area of Conservation (Habitats Directive)	Special Area of Conservation (Habitats Directive)	Regional	Marine Natura 2000 site	Marine Protected Area	Not reported	Not reported	{ITA}	{MWE}	2.21	2.18	5.98	5.98	37	36	Designated	2019	Not reported	Regione Autonoma della Sardegna	Fully implemented	http://buras.regione.sardegna.it/custom/frontend/viewPart.xhtml?partId=4ee5f3e3-8c20-45e9-9c8e-19b6571c32d8	Not listed	https://natura2000.eea.europa.eu/?query=Natura2000Sites_9883_0,SITECODE,ITB030038	European Environment Agency	2020-06-19	N2K_end2019_21-04-2020
901		555529949	ITB030016		Stagno di S'Ena Arrubia e territori limitrofi	Stagno di S'Ena Arrubia e territori limitrofi	Special Area of Conservation (Habitats Directive)	Special Area of Conservation (Habitats Directive)	Regional	Marine Natura 2000 site	Marine Protected Area	Not reported	Not reported	{ITA}	{MWE}	0.08	0.1	2.79	2.79	3	4	Designated	2019	Not reported	Regione Autonoma della Sardegna	Fully implemented	http://buras.regione.sardegna.it/custom/frontend/viewPart.xhtml?partId=f117f059-91f6-4511-9d73-7aec4142748b	Not listed	https://natura2000.eea.europa.eu/?query=Natura2000Sites_9883_0,SITECODE,ITB030016	European Environment Agency	2020-06-19	N2K_end2019_21-04-2020
900		555529929	ITB010011		Stagno di San Teodoro	Stagno di San Teodoro	Proposed Site of Community Importance (Habitats Directive)	Proposed Site of Community Importance (Habitats Directive)	Regional	Marine Natura 2000 proposed site	Site of conservation interest	Not reported	Not reported	{ITA}	{MWE}	2.54	4.57	8.2	8.2	31	56	Proposed	1995	Not reported	Regione Autonoma della Sardegna	Not reported		Not listed	https://natura2000.eea.europa.eu/?query=Natura2000Sites_9883_0,SITECODE,ITB010011	European Environment Agency	2020-06-19	N2K_end2019_21-04-2020
902		555529923	ITB010003		Stagno e ginepreto di Platamona	Stagno e ginepreto di Platamona	Special Area of Conservation (Habitats Directive)	Special Area of Conservation (Habitats Directive)	Regional	Marine Natura 2000 site	Marine Protected Area	Not reported	Not reported	{ITA}	{MWE}	7.74	8.04	16.13	16.14	48	50	Designated	2017	Not reported	Regione Autonoma della Sardegna	Fully implemented	http://buras.regione.sardegna.it/custom/frontend/viewPart.xhtml?partId=f1566057-71c1-4f28-a170-4abe3c32e673	Not listed	https://natura2000.eea.europa.eu/?query=Natura2000Sites_9883_0,SITECODE,ITB010003	European Environment Agency	2020-06-19	N2K_end2019_21-04-2020
903		555540556	ITA010028		Stagnone di Marsala e Saline di Trapani - area marina e terrestre	Stagnone di Marsala e Saline di Trapani - area marina e terrestre	Special Protection Area (Birds Directive)	Special Protection Area (Birds Directive)	Regional	Marine Natura 2000 site	Marine Protected Area	Not reported	Not reported	{ITA}	{MWE}	18.28	26.91	37.31	37.3	49	72	Designated	2005	Not reported	Not reported	Not reported		Not listed	https://natura2000.eea.europa.eu/?query=Natura2000Sites_9883_0,SITECODE,ITA010028	European Environment Agency	2020-06-19	N2K_end2019_21-04-2020
904	904	13174			Tavolara - Punta Coda Cavallo	Tavolara - Punta Coda Cavallo	Marine Protected Area (Italy)	Area Marina Protetta	National	MPA with a national statute	Marine Protected Area	Main	IV - Habitat/species management area	{ITA}	{MWE}	153.57	152.26	153.57	153.24	100	99	Designated	1997	Sub-national ministry or agency	Tavolara Management Consortium	Partially implemented		Not listed	http://www.amptavolara.com	European Environment Agency	2020-06-30	CDDA_v18_29-05-2020
905	904	365003			Tavolara-Punta Coda Cavallo Marine Protected Area	Tavolara-Punta Coda Cavallo Marine Protected Area	SPAMI	Specially Protected Area of Mediterranean Importance	Regional	SPAMI	Marine Protected Area	Secondary	Not assigned	{ITA}	{MWE}	153.57	152.26	153.57	153.24	100	99	Adopted	2008	Not reported	Ministero dell'Ambiente e della Tutela del Territorio e del Mare	Not reported		Not listed	http://www.rac-spa.org/sites/default/files/doc_spamis/spamis/08_tavolara.pdf	European Environment Agency	2020-01-07	GIS layer identical to that of the Marine Protected Area (WDPA ID: 13174)
906		555578834	IT3250047		Tegnùe di Chioggia	Tegnùe di Chioggia	Special Area of Conservation (Habitats Directive)	Special Area of Conservation (Habitats Directive)	Regional	Marine Natura 2000 site	Marine Protected Area	Not reported	Not reported	{ITA}	{MAD}	26.55	26.53	26.55	26.53	100	100	Designated	2018	Not reported	Not reported	Not reported		Not listed	https://natura2000.eea.europa.eu/?query=Natura2000Sites_9883_0,SITECODE,IT3250047	European Environment Agency	2020-06-19	N2K_end2019_21-04-2020
907		555578835	IT3250048		Tegnùe di Porto Falconera	Tegnùe di Porto Falconera	Special Area of Conservation (Habitats Directive)	Special Area of Conservation (Habitats Directive)	Regional	Marine Natura 2000 site	Marine Protected Area	Not reported	Not reported	{ITA}	{MAD}	6.23	6.22	6.23	6.22	100	100	Designated	2018	Not reported	Not reported	Not reported		Not listed	https://natura2000.eea.europa.eu/?query=Natura2000Sites_9883_0,SITECODE,IT3250048	European Environment Agency	2020-06-19	N2K_end2019_21-04-2020
908		555529459	IT9130001		Torre Colimena	Torre Colimena	Special Area of Conservation (Habitats Directive)	Special Area of Conservation (Habitats Directive)	Regional	Marine Natura 2000 site	Marine Protected Area	Not reported	Not reported	{ITA}	{MIC}	17.41	17.29	26.78	26.77	65	65	Designated	2018	Not reported	Regione Puglia	Not reported		Not listed	https://natura2000.eea.europa.eu/?query=Natura2000Sites_9883_0,SITECODE,IT9130001	European Environment Agency	2020-06-19	N2K_end2019_21-04-2020
911	911	15263			Torre Guaceto	Torre Guaceto	Marine Protected Area (Italy)	Area Marina Protetta	National	MPA with a national statute	Marine Protected Area	Main	IV - Habitat/species management area	{ITA}	{MAD}	22.27	21.61	22.27	21.82	100	99	Designated	1991	Joint governance	Torre Guaceto Management Consortium Municipalities of Carovigno and BrindisiWWF Italy NGO	Partially implemented		Not listed	http://www.riservaditorreguaceto.it	European Environment Agency	2020-06-30	CDDA_v18_29-05-2020
1244		68064		215	Torre Guaceto	Torre Guaceto	Ramsar site	Ramsar site	International	Ramsar site	Site of conservation interest	Not reported	Not reported	{ITA}	{MAD}	0.0	3.11	9.4	5.38	0	58	Designated	1981	Not reported	Not reported	Inexistent		Not listed	https://rsis.ramsar.org/ris/215	Ministero dell'Ambiente e della Tutela del Territorio e del Mare (Italy)	2015-01-07	Data downloaded using the WFS provided by the national geoportal (http://www.pcn.minambiente.it/GN/).
1733		555540528	IT9140008		Torre Guaceto	Torre Guaceto	Special Protection Area (Birds Directive)	Special Protection Area (Birds Directive)	Regional	Marine Natura 2000 site	Marine Protected Area	Not reported	Not reported	{ITA}	{MAD}	2.74	3.03	5.48	5.48	50	55	Designated	1988	Not reported	Ente Parco	Fully implemented	https://www.regione.puglia.it/	Not listed	https://natura2000.eea.europa.eu/?query=Natura2000Sites_9883_0,SITECODE,IT9140008	European Environment Agency	2020-06-19	N2K_end2019_21-04-2020
912	911	365004			Torre Guaceto Marine Protected Area and Natural Reserve	Torre Guaceto Marine Protected Area and Natural Reserve	SPAMI	Specially Protected Area of Mediterranean Importance	Regional	SPAMI	Marine Protected Area	Secondary	Not assigned	{ITA}	{MAD}	22.27	21.61	22.27	21.82	100	99	Adopted	2008	Not reported	Ministero dell'Ambiente e della Tutela del Territorio e del Mare	Not reported		Not listed	http://rac-spa.org/spami	European Environment Agency	2020-01-07	GIS layer identical to that of the Marine Protected Area (WDPA ID: 15263)
913		555529469	IT9140005		Torre Guaceto e Macchia S. Giovanni	Torre Guaceto e Macchia S. Giovanni	Special Area of Conservation (Habitats Directive)	Special Area of Conservation (Habitats Directive)	Regional	Marine Natura 2000 site	Marine Protected Area	Not reported	Not reported	{ITA}	{MAD}	75.79	76.61	79.78	79.74	95	96	Designated	2018	Not reported	Ente Parco	Not reported		Not listed	https://natura2000.eea.europa.eu/?query=Natura2000Sites_9883_0,SITECODE,IT9140005	European Environment Agency	2020-06-19	N2K_end2019_21-04-2020
914		555540571	ITA050012		Torre Manfria, Biviere e Piana di Gela	Torre Manfria, Biviere e Piana di Gela	Special Protection Area (Birds Directive)	Special Protection Area (Birds Directive)	Regional	Marine Natura 2000 site	Marine Protected Area	Not reported	Not reported	{ITA}	{MIC}	27.56	19.32	250.57	250.75	11	8	Designated	2005	Not reported	Not reported	Not reported		Not listed	https://natura2000.eea.europa.eu/?query=Natura2000Sites_9883_0,SITECODE,ITA050012	European Environment Agency	2020-06-19	N2K_end2019_21-04-2020
915		555529495	IT9150025		Torre Veneri	Torre Veneri	Special Area of Conservation (Habitats Directive)	Special Area of Conservation (Habitats Directive)	Regional	Marine Natura 2000 site	Marine Protected Area	Not reported	Not reported	{ITA}	{MAD}	13.94	13.59	17.42	17.4	80	78	Designated	2018	Not reported	Regione Puglia	Fully implemented	https://www.regione.puglia.it/	Not listed	https://natura2000.eea.europa.eu/?query=Natura2000Sites_9883_0,SITECODE,IT9150025	European Environment Agency	2020-06-19	N2K_end2019_21-04-2020
909	909	390446			Torre del Cerrano	Torre del Cerrano	Marine Protected Area (Italy)	Area Marina Protetta	National	MPA with a national statute	Marine Protected Area	Main	IV - Habitat/species management area	{ITA}	{MAD}	34.31	34.07	34.31	34.17	100	100	Designated	2009	Joint governance	Torre del Cerrano Management Consortium	Partially implemented		Not listed	http://www.torredelcerrano.it	European Environment Agency	2020-06-30	CDDA_v18_29-05-2020
910		555578851	IT7120215		Torre del Cerrano	Torre del Cerrano	Special Area of Conservation (Habitats Directive)	Special Area of Conservation (Habitats Directive)	Regional	Marine Natura 2000 site	Marine Protected Area	Not reported	Not reported	{ITA}	{MAD}	33.47	34.07	34.15	34.17	98	100	Designated	2018	Not reported	Consorzio per la gestione dell'Area marina protetta 	Not reported		Not listed	https://natura2000.eea.europa.eu/?query=Natura2000Sites_9883_0,SITECODE,IT7120215	European Environment Agency	2020-06-19	N2K_end2019_21-04-2020
1257		555629240		2329	Trapani and Paceco salt ponds	Trapani and Paceco salt ponds	Ramsar site	Ramsar site	International	Ramsar site	Site of conservation interest	Not reported	Not reported	{ITA}	{MWE}	0.0	5.9	9.71	9.7	0	61	Designated	2017	Not reported	Not reported	Not reported		Not listed	https://rsis.ramsar.org/ris/2329	Ramsar Sites Information Service	2020-06-22	Ramsar_21-04-2020
918		555578837	IT3330009		Trezze San Pietro e Bardelli	Trezze San Pietro e Bardelli	Proposed Site of Community Importance (Habitats Directive)	Proposed Site of Community Importance (Habitats Directive)	Regional	Marine Natura 2000 proposed site	Site of conservation interest	Not reported	Not reported	{ITA}	{MAD}	23.8	23.81	23.8	23.81	100	100	Proposed	2013	Not reported	REGIONE AUTONOMA FRIULI VENEZIA GIULIA — DIREZIONE CENTRALE RISORSE RURALI, AGROALIMENTARI E FORESTALI — SERVIZIO CACCIA, RISORSE ITTICHE E BIODIVERSITÀ	Not reported		Not listed	https://natura2000.eea.europa.eu/?query=Natura2000Sites_9883_0,SITECODE,IT3330009	European Environment Agency	2020-06-19	N2K_end2019_21-04-2020
643	644	901248			Tuscan Islands	Tuscan Islands	Biosphere Reserve	Biosphere Reserve	International	Biosphere reserve	Site of conservation interest	Secondary	Not applicable	{ITA}	{MWE}	660.9	559.8	945.9	730.06	70	77	Designated	2003	Not reported	Not reported	Not reported		Not listed	https://en.unesco.org/biosphere/eu-na/tuscan-islands	Not Reported		Not Reported
1235		68066		224	Valle Bertuzzi	Valle Bertuzzi	Ramsar site	Ramsar site	International	Ramsar site	Site of conservation interest	Not reported	Not reported	{ITA}	{MAD}	0.0	1.14	31.0	29.55	0	4	Designated	1981	Not reported	Not reported	Not reported		Not listed	https://rsis.ramsar.org/ris/224	Ministero dell'Ambiente e della Tutela del Territorio e del Mare (Italy)	2015-01-07	Data downloaded using the WFS provided by the national geoportal (http://www.pcn.minambiente.it/GN/).
1734	1734	178865			Valle Cavanata	Valle Cavanata	Nature Reserve (Italy)	Riserva Naturale	National	MPA with a national statute	Marine Protected Area	Main	IV - Habitat/species management area	{ITA}	{MAD}	0.67	0.61	3.94	3.38	17	18	Designated	1996	Not reported	Amministrazione Regionale/Provinciale	Not reported		Not listed	https://www.protectedplanet.net/178865	European Environment Agency	2020-01-07	CDDA_v18_29-05-2020
919			IT3330006		Valle Cavanata e Banco Mula di Muggia	Valle Cavanata e Banco Mula di Muggia	SPA (Birds Directive) + SAC (Habitats Directive)	SPA (Birds Directive) + SAC (Habitats Directive)	Regional	Marine Natura 2000 site	Marine Protected Area	Not reported	Not reported	{ITA}	{MAD}	6.11	5.64	8.6	8.6	71	66	Designated	2000	Not reported	Not reported	Not reported		Not listed	https://natura2000.eea.europa.eu/?query=Natura2000Sites_9883_0,SITECODE,IT3330006	European Environment Agency	2020-06-19	N2K_end2019_21-04-2020
920		555540238	IT3250041		Valle Vecchia - Zumelle - Valli di Bibione	Valle Vecchia - Zumelle - Valli di Bibione	Special Protection Area (Birds Directive)	Special Protection Area (Birds Directive)	Regional	Marine Natura 2000 site	Marine Protected Area	Not reported	Not reported	{ITA}	{MAD}	0.0	4.56	20.89	20.86	0	22	Designated	2003	Not reported	Azienda Regionale Veneto Agricoltura	Not reported		Not listed	https://natura2000.eea.europa.eu/?query=Natura2000Sites_9883_0,SITECODE,IT3250041	European Environment Agency	2020-06-19	N2K_end2019_21-04-2020
1236		68065		223	Valle di Gorino	Valle di Gorino	Ramsar site	Ramsar site	International	Ramsar site	Site of conservation interest	Not reported	Not reported	{ITA}	{MAD}	0.0	10.85	13.3	13.43	0	81	Designated	1981	Not reported	Not reported	Partially implemented		Not listed	https://rsis.ramsar.org/ris/223	Ministero dell'Ambiente e della Tutela del Territorio e del Mare (Italy)	2015-01-07	Data downloaded using the WFS provided by the national geoportal (http://www.pcn.minambiente.it/GN/).
1245		68079		424	Vendicari	Vendicari	Ramsar site	Ramsar site	International	Ramsar site	Site of conservation interest	Not reported	Not reported	{ITA}	{MIC}	0.0	1.76	14.5	15.09	0	12	Designated	1989	Not reported	Not reported	Not reported		Not listed	https://rsis.ramsar.org/ris/424	Ministero dell'Ambiente e della Tutela del Territorio e del Mare (Italy)	2015-01-07	Data downloaded using the WFS provided by the national geoportal (http://www.pcn.minambiente.it/GN/).
921			IT4060003		Vene di Bellocchio, Sacca di Bellocchio, Foce del Fiume Reno, Pineta di Bellocchio	Vene di Bellocchio, Sacca di Bellocchio, Foce del Fiume Reno, Pineta di Bellocchio	SPA (Birds Directive) + pSCI (Habitats Directive)	SPA (Birds Directive) + pSCI (Habitats Directive)	Regional	Marine Natura 2000 site	Marine Protected Area	Not reported	Not reported	{ITA}	{MAD}	3.14	3.54	22.44	22.42	14	16	Designated	1988	Not reported	Not reported	Not reported		Not listed	https://natura2000.eea.europa.eu/?query=Natura2000Sites_9883_0,SITECODE,IT4060003	European Environment Agency	2020-06-19	N2K_end2019_21-04-2020
1735	1735	178988			Villa di Tiberio	Oasi blu Villa di Tiberio	Blue Oasis (Italy)	Oasi Blu	National	MPA with a national statute	Marine Protected Area	Main	IV - Habitat/species management area	{ITA}	{MWE}	0.1	0.11	0.1	0.22	100	50	Designated	1995	Not reported	Not reported	Not reported		Not listed	https://www.protectedplanet.net/178988	European Environment Agency	2020-01-07	CDDA_v18_29-05-2020
1513	1513				West of Gela Basin (Strait of Sicily)	West of Gela Basin (Strait of Sicily)	Protection of Essential Fish Habitats (EFH)	Protection of Essential Fish Habitats (EFH)	Regional	Fisheries Restricted Area (EFH)	OECM (potential)	Main	Not applicable	{ITA}	{MIC}	814.0	814.49	814.0	814.49	100	100	Designated	2016	Not reported	Not reported	Not reported		Not listed	http://www.fao.org/gfcm/data/maps/fras	General Fisheries Commission for the Mediterranean (GFCM)	2021-01-22	Data downloaded from the GFCM website in January 2021 (http://www.fao.org/gfcm/data/map-fisheries-restricted-areas/en).
922		555529658	IT9340091		Zona costiera fra Briatico e Nicotera	Zona costiera fra Briatico e Nicotera	Special Area of Conservation (Habitats Directive)	Special Area of Conservation (Habitats Directive)	Regional	Marine Natura 2000 site	Marine Protected Area	Not reported	Not reported	{ITA}	{MWE}	4.52	4.52	7.79	7.8	58	58	Designated	2017	Not reported	Amministrazione Provinciale di Vibo Valentia	Not reported		Not listed	https://natura2000.eea.europa.eu/?query=Natura2000Sites_9883_0,SITECODE,IT9340091	European Environment Agency	2020-06-19	N2K_end2019_21-04-2020
1736	1736				Abbassieh	العبّاسيّة	Nature Reserve (Lebanon)	محمية طبيعية	National	MPA with a national statute	Marine Protected Area	Main	Not reported	{LBN}	{MAL}		2.64		2.93		90	Designated	2020	Not reported	Not reported	Not reported		Not listed		Ministry of Environment	2020-06-24	GIS layer from the Department of Ecosystems
923	923	13388			Palm Islands	جزر النخل	Nature Reserve (Lebanon)	محمية طبيعية	National	MPA with a national statute	Marine Protected Area	Main	IV - Habitat/species management area	{LBN}	{MAL}	0.0	3.88	5.0	4.17	0	93	Designated	1992	Joint governance	Palm Islands Nature Reserve Committee	Partially implemented		Not listed	https://www.protectedplanet.net/13388	Ramsar Sites Information Service	2013-01-09	GIS layer identical to that of the Ramsar site (Ramsar ID: 1079)
924	923	555547507			Palm Islands Nature Reserve	Palm Islands Nature Reserve	SPAMI	Specially Protected Area of Mediterranean Importance	Regional	SPAMI	Marine Protected Area	Secondary	Not assigned	{LBN}	{MAL}	0.0	3.88	5.0	4.17	0	93	Adopted	2012	Not reported	Palm Islands Nature Reserve Committee	Not reported		Not listed	http://rac-spa.org/spami	Ramsar Sites Information Service	2013-01-09	GIS layer identical to that of the Ramsar site (Ramsar ID: 1079)
925		900592		1079	Palm Islands Nature Reserve	Palm Islands Nature Reserve	Ramsar site	Ramsar site	International	Ramsar site	Site of conservation interest	Not reported	Not reported	{LBN}	{MAL}	3.92	3.88	4.15	4.17	94	93	Designated	2001	Not reported	Palm Islands Nature Reserve Committee	Not reported		Not listed	https://rsis.ramsar.org/ris/1079	Ramsar Sites Information Service	2013-01-09	GIS layer digitised by MedPAN on QGIS, based on the map displayed in the Ramsar Sites database (500m buffer around the islands).
926	927	220099		980	Tyre Beach	Tyre Beach	Ramsar site	Ramsar site	International	Ramsar site	Site of conservation interest	Secondary	Not reported	{LBN}	{MAL}	0.22	118.84	3.8	120.7	6	98	Designated	1999	Not reported	Not reported	Not reported		Not listed	https://rsis.ramsar.org/ris/980	Ministry of Environment	2020-07-16	GIS layer identical to that of the Nature Reserve (WDPA ID: 555576135)
927	927	555576135			Tyre Coast	شاطئ صور	Nature Reserve (Lebanon)	محمية طبيعية	National	MPA with a national statute	Marine Protected Area	Main	Not reported	{LBN}	{MAL}	0.22	118.84	3.8	120.7	6	98	Designated	1998	Government-delegated management	Tyre Coast Nature Reserve	Inexistent		Not listed	https://www.protectedplanet.net/555576135	Ministry of Environment	2020-07-16	GIS layer digitised by MedPAN on QGIS, based on the map provided by the General Directorate of Environment in August 2015 (extension to the 12nm).
928	927	555547506			Tyre Coast Nature Reserve	Tyre Coast Nature Reserve	SPAMI	Specially Protected Area of Mediterranean Importance	Regional	SPAMI	Marine Protected Area	Secondary	Not assigned	{LBN}	{MAL}	0.22	118.84	3.8	120.7	6	98	Adopted	2012	Not reported	Ministry of Environment - General Directorate of Environment (Lebanon)	Not reported		Not listed	http://rac-spa.org/spami	Ministry of Environment	2020-07-16	GIS layer identical to that of the Nature Reserve (WDPA ID: 555576135)
929	929				Ain Al-Ghazalah Lagoon and Elba Island	بحيرة عين الغزالة وجزيرة العلبة	Marine Protected Area (Libya)	محمية بحرية	National	MPA with a national statute	Marine Protected Area	Main	Not reported	{LBY}	{MAL}	260.74	261.45	292.78	292.77	89	89	Designated	2011	Not reported	Environmental General Authority	Not reported		Not listed		Marine Biology Research Centre	2012-01-08	GIS layer digitised by MedPAN based on the coordinates provided by the Marine Biology Research Centre.
934	934				Farwa Lagoon	بحيرة فروة	Marine Protected Area (Libya)	محمية بحرية	National	MPA with a national statute	Marine Protected Area	Main	Not reported	{LBY}	{MIC}	46.5	47.33	55.91	55.91	83	85	Designated	2011	Not reported	Environmental General Authority	Not reported		Not listed		Marine Biology Research Centre	2012-01-08	GIS layer digitised by MedPAN based on the coordinates provided by the Marine Biology Research Centre.
957	957				Al-Hoceima	الحسيمة	National Park (Morocco)	منتزه وطني	National	MPA with a national statute	Marine Protected Area	Main	II - National park	{MAR}	{MWE}	196.0	212.97	484.6	490.75	40	43	Designated	2004	Government-delegated management	Haut Commissariat aux Eaux et Forêts et à la Lutte Contre la Désertification	Inexistent		Not listed	https://en.wikipedia.org/wiki/Al_Hoceima_National_Park	Parc National d'Al Hoceima	2012-01-05	GIS layer digitised by MedPAN using Google Earth. Based on the Atlas du Parc National d'Al Hoceima (UICN).
958	957	555547509			Al-Hoceima National Park	Al-Hoceima National Park	SPAMI	Specially Protected Area of Mediterranean Importance	Regional	SPAMI	Marine Protected Area	Secondary	Not assigned	{MAR}	{MWE}	196.0	212.97	484.6	490.75	40	43	Adopted	2009	Not reported	High Commission for Water, Forests and Combating Desertification	Not reported		Not listed	http://www.rac-spa.org/sites/default/files/doc_spamis/spamis/12_hoceima.pdf	Parc National d'Al Hoceima	2012-01-05	GIS layer identical to that of the National Park (WDPA ID not assigned)
959		555624204		1473	Cap des Trois Fourches	Cap des Trois Fourches	Ramsar site	Ramsar site	International	Ramsar site	Site of conservation interest	Not reported	Not reported	{MAR}	{MWE}	35.0	29.11	50.0	43.83	70	66	Designated	2005	Not reported	High Commission for Water, Forests and Combating Desertification	Not reported		Not listed	https://rsis.ramsar.org/ris/1473	Ramsar Sites Information Service	2013-01-12	GIS layer digitised by MedPAN from Google Earth. Based on the map provided on Ramsar Sites Database.
1737	957	555698089		2379	Côte des Bokkoyas	Côte des Bokkoyas	Ramsar site	Ramsar site	International	Ramsar site	Site of conservation interest	Secondary	Not reported	{MAR}	{MWE}		28.42	55.3	55.29	0	51	Designated	2019	Not reported	Not reported	Not reported		Not listed	https://rsis.ramsar.org/ris/2379	Ramsar Sites Information Service	2020-06-22	Ramsar_21-04-2020
961		555592576		1478	Embouchure de la Moulouya	Embouchure de la Moulouya	Ramsar site	Ramsar site	International	Ramsar site	Site of conservation interest	Not reported	Not reported	{MAR}	{MWE}	0.0	1.57	30.0	16.98	0	9	Designated	2005	Not reported	High Commission for Water, Forests and Combating Desertification	Not reported		Not listed	https://rsis.ramsar.org/ris/1478	Ramsar Sites Information Service	2013-01-12	GIS layer digitised by MedPAN from Google Earth. Based on the map provided on Ramsar Sites Database.
1738		555698087		2381	Littoral de Jbel Moussa	Littoral de Jbel Moussa	Ramsar site	Ramsar site	International	Ramsar site	Site of conservation interest	Not reported	Not reported	{MAR}	{MWE}		1.58	5.0	5.04	0	31	Designated	2019	Not reported	Not reported	Not reported		Not listed	https://rsis.ramsar.org/ris/2381	Ramsar Sites Information Service	2020-06-22	Ramsar_21-04-2020
965		555592575		1484	Sebkha Bou Areg	Sebkha Bou Areg	Ramsar site	Ramsar site	International	Ramsar site	Site of conservation interest	Not reported	Not reported	{MAR}	{MWE}	0.0	130.75	140.0	153.48	0	85	Designated	2005	Not reported	High Commission for Water, Forests and Combating Desertification	Inexistent		Not listed	https://rsis.ramsar.org/ris/1484	Ramsar Sites Information Service	2013-01-12	GIS layer digitised by MedPAN from Google Earth. Based on the map provided on Ramsar Sites Database.
951	951	11709			Larvotto	Larvotto	Underwater reserve (Monaco)	Réserve Sous-marine	National	MPA with a national statute	Marine Protected Area	Main	IV - Habitat/species management area	{MCO}	{MWE}	0.33	0.16	0.33	0.23	100	70	Designated	1978	Government-delegated management	AMPN (Association Monégasque pour la Protection de la Nature)	Partially implemented		Not listed	https://www.protectedplanet.net/11709	Gouvernement Princier - Direction de l'Environnement (Principauté de Monaco)	2015-01-07	Data provided by the Department of Environment (Government of Monaco) in July 2015.
1227		145542		918	Réserve sous-marine du Larvotto 	Réserve sous-marine du Larvotto 	Ramsar site	Ramsar site	International	Ramsar site	Site of conservation interest	Not reported	Not reported	{MCO}	{MWE}	0.23	0.16	0.23	0.23	100	70	Designated	1997	Government-delegated management	AMPN (Association Monégasque pour la Protection de la Nature)	Partially implemented		Not listed	https://rsis.ramsar.org/ris/918	Ramsar Sites Information Service	2020-06-22	Ramsar_21-04-2020
952	952	16057			Tombant des Spélugues	Tombant des Spélugues	Marine Reserve (Monaco)	Réserve Marine	National	MPA with a national statute	Marine Protected Area	Main	IV - Habitat/species management area	{MCO}	{MWE}	0.02	0.01	0.02	0.02	100	50	Designated	1986	Government-delegated management	AMPN (Association Monégasque pour la Protection de la Nature)	Inexistent		Not listed	https://www.protectedplanet.net/16057	Gouvernement Princier - Direction de l'Environnement (Principauté de Monaco)	2012-01-05	Not Reported
950		555578884	MT0000103		Dwejra area (Gozo) Marine area	Żona fil-Baħar fl-Inħawi tad-Dwejra (Għawdex)	Site of Community Importance (Habitats Directive)	Site of Community Importance (Habitats Directive)	Regional	Marine Natura 2000 site	Marine Protected Area	Not reported	Not reported	{MLT}	{MIC}	2.29	1.79	2.29	2.29	100	78	Designated	2012	Not reported	Malta Environment and Resources Authority (ERA)	Not reported		Not listed	https://natura2000.eea.europa.eu/?query=Natura2000Sites_9883_0,SITECODE,MT0000103	European Environment Agency	2020-06-19	N2K_end2019_21-04-2020
1519		555623624	MT0000110		Marine Zone in Southern Maltese Sea	Żona fil-Baħar fin-Nofsinhar	Special Protection Area (Birds Directive)	Special Protection Area (Birds Directive)	Regional	Marine Natura 2000 site	Marine Protected Area	Not reported	Not reported	{MLT}	{MIC}	834.86	835.6	834.86	835.46	100	100	Designated	2016	Not reported	Malta Environment and Resources Authority (ERA)	Not reported		Not listed	https://natura2000.eea.europa.eu/?query=Natura2000Sites_9883_0,SITECODE,MT0000110	European Environment Agency	2020-06-19	N2K_end2019_21-04-2020
1315	1315	174737			Marine area around Filfla	Il-Baħar ta' Madwar Filfla	No Berthing Zone/No Entry Zone except for Fisheries (Malta)	L-ebda Żona tal-Irmiġġ / L-Ebda Żona ta ’Dħul ħlief għas-Sajd	National	MPA with a national statute	Marine Protected Area	Main	VI - Protected area with sustainable use of natural resources	{MLT}	{MIC}	12.97	12.95	12.97	12.97	100	100	Designated	1990	Federal or national ministry or agency	Environment and Resources Authority (ERA)	Inexistent		Not listed	https://www.protectedplanet.net/il-bahar-ta-madwar-filfla-no-berthing-zone-no-entry-zone-except-for-fisheries	European Environment Agency	2020-06-19	CDDA_v18_29-05-2020
1521		555623626	MT0000112		Marine area around Gozo	Żona fil-Baħar madwar Għawdex	Special Protection Area (Birds Directive)	Special Protection Area (Birds Directive)	Regional	Marine Natura 2000 site	Marine Protected Area	Not reported	Not reported	{MLT}	{MIC}	556.33	551.63	556.33	556.72	100	99	Designated	2016	Not reported	Malta Environment and Resources Authority (ERA)	Not reported		Not listed	https://natura2000.eea.europa.eu/?query=Natura2000Sites_9883_0,SITECODE,MT0000112	European Environment Agency	2020-06-19	N2K_end2019_21-04-2020
1530	1530	555589829			Marine area around Gozo	Il-Baħar ta' madwar Għawdex	Special Protection Area (Malta)	Żona ta 'Protezzjoni Speċjali	National	MPA with a national statute	Marine Protected Area	Main	IV - Habitat/species management area	{MLT}	{MIC}	556.85	551.53	556.85	556.83	100	99	Designated	2016	Not reported	Malta Environment and Resources Authority (ERA)	Not reported		Not listed	https://era.org.mt/en/Pages/Protected-Areas-National.aspx	European Environment Agency	2020-06-19	CDDA_v18_29-05-2020
1557		555623619	MT0000116		Marine area at the Medina Graben	Żona fil-Baħar fl-inħawi tal-Graben ta’ Medina	Proposed Site of Community Importance (Habitats Directive)	Proposed Site of Community Importance (Habitats Directive)	Regional	Marine Natura 2000 proposed site	Site of conservation interest	Not reported	Not reported	{MLT}	{MIC}	911.93	912.71	911.93	912.58	100	100	Proposed	2018	Not reported	Malta Environment and Resources Authority (ERA)	Not reported		Not listed	https://natura2000.eea.europa.eu/?query=Natura2000Sites_9883_0,SITECODE,MT0000116	European Environment Agency	2020-06-19	N2K_end2019_21-04-2020
1558	1558	555589827			Marine area at the Medina Graben	Żona fil-Baħar fl-inħawi tal-Graben ta'Medina	Special Area of Conservation - International Importance (Malta)	Żona Speċjali ta 'Konservazzjoni - Importanza Internazzjonali	National	MPA with a national statute	Marine Protected Area	Main	IV - Habitat/species management area	{MLT}	{MIC}	912.53	912.71	912.53	912.58	100	100	Designated	2018	Not reported	Malta Environment and Resources Authority (ERA)	Not reported		Not listed	https://era.org.mt/en/Pages/Protected-Areas-National.aspx	European Environment Agency	2020-06-19	CDDA_v18_29-05-2020
948		555578883	MT0000102		Marine area between Għar Lapsi and Filfla	Żona fil-Baħar fl-Inħawi ta' Għar Lapsi u ta' Filfla	Site of Community Importance (Habitats Directive)	Site of Community Importance (Habitats Directive)	Regional	Marine Natura 2000 site	Marine Protected Area	Not reported	Not reported	{MLT}	{MIC}	26.29	25.96	26.29	26.31	100	99	Designated	2012	Not reported	Malta Environment and Resources Authority (ERA)	Not reported		Not listed	https://natura2000.eea.europa.eu/?query=Natura2000Sites_9883_0,SITECODE,MT0000102	European Environment Agency	2020-06-19	N2K_end2019_21-04-2020
944	944	555546265			Marine area between Il-Ponta tal-Ħotba and Tal-Fessej (Gozo)	Żona fil-Baħar bejn Il-Ponta tal-Ħotba u Tal-Fessej (Għawdex)	Special Area of Conservation - International Importance (Malta)	Żona Speċjali ta 'Konservazzjoni - Importanza Internazzjonali	National	MPA with a national statute	Marine Protected Area	Main	IV - Habitat/species management area	{MLT}	{MIC}	1.69	1.24	1.69	1.69	100	73	Designated	2010	Not reported	Malta Environment and Resources Authority (ERA)	Not reported		Not listed	https://era.org.mt/en/Pages/Protected-Areas-National.aspx	European Environment Agency	2020-06-19	CDDA_v18_29-05-2020
949		555578885	MT0000104		Marine area between Il-Ponta tal-Ħotba and Tal-Fessej (Gozo)	Żona fil-Baħar bejn Il-Ponta tal-Ħotba u Tal-Fessej (Għawdex)	Site of Community Importance (Habitats Directive)	Site of Community Importance (Habitats Directive)	Regional	Marine Natura 2000 site	Marine Protected Area	Not reported	Not reported	{MLT}	{MIC}	1.69	1.24	1.69	1.69	100	73	Designated	2012	Not reported	Malta Environment and Resources Authority (ERA)	Not reported		Not listed	https://natura2000.eea.europa.eu/?query=Natura2000Sites_9883_0,SITECODE,MT0000104	European Environment Agency	2020-06-19	N2K_end2019_21-04-2020
940		555530255	MT0000101		Marine area between Rdum Majjiesa and Għar Lapsi	Żona fil-Baħar bejn Rdum Majjiesa u Għar Lapsi	Site of Community Importance (Habitats Directive)	Site of Community Importance (Habitats Directive)	Regional	Marine Natura 2000 site	Marine Protected Area	Not reported	Not reported	{MLT}	{MIC}	14.6	12.78	14.6	14.61	100	87	Designated	2008	Not reported	Malta Environment and Resources Authority (ERA)	Not reported		Not listed	https://natura2000.eea.europa.eu/?query=Natura2000Sites_9883_0,SITECODE,MT0000101	European Environment Agency	2020-06-19	N2K_end2019_21-04-2020
946	946	330745			Marine area between Rdum Majjiesa and Għar Lapsi	Żona fil-Baħar bejn Rdum Majjiesa u Għar Lapsi	Special Area of Conservation - International Importance (Malta)	Żona Speċjali ta 'Konservazzjoni - Importanza Internazzjonali	National	MPA with a national statute	Marine Protected Area	Main	IV - Habitat/species management area	{MLT}	{MIC}	14.6	12.77	14.6	14.61	100	87	Designated	2005	Not reported	Malta Environment and Resources Authority (ERA)	Not reported		Not listed	https://era.org.mt/en/Pages/Protected-Areas-National.aspx	European Environment Agency	2020-06-19	CDDA_v18_29-05-2020
945	945	555546266			Marine area between San Dimitri Point (Gozo) and Il-Qaliet	Żona fil-Baħar fil-bejn Il-Ponta ta'San Dimitri (Għawdex) u Il-Qaliet	Special Area of Conservation - International Importance (Malta)	Żona Speċjali ta 'Konservazzjoni - Importanza Internazzjonali	National	MPA with a national statute	Marine Protected Area	Main	IV - Habitat/species management area	{MLT}	{MIC}	158.96	155.81	158.96	158.92	100	98	Designated	2010	Not reported	Malta Environment and Resources Authority (ERA)	Not reported		Not listed	https://era.org.mt/en/Pages/Protected-Areas-National.aspx	European Environment Agency	2020-06-19	CDDA_v18_29-05-2020
947		555578886	MT0000105		Marine area between San Dimitri Point (Gozo) and Il-Qaliet	Żona fil-Baħar bejn Il-Ponta ta’ San Dimitri (Għawdex) u Il-Qaliet	Site of Community Importance (Habitats Directive)	Site of Community Importance (Habitats Directive)	Regional	Marine Natura 2000 site	Marine Protected Area	Not reported	Not reported	{MLT}	{MIC}	158.8	155.79	158.8	158.92	100	98	Designated	2012	Not reported	Malta Environment and Resources Authority (ERA)	Not reported		Not listed	https://natura2000.eea.europa.eu/?query=Natura2000Sites_9883_0,SITECODE,MT0000105	European Environment Agency	2020-06-19	N2K_end2019_21-04-2020
1525		555623621	MT0000107		Marine area in North-Eastern Maltese Sea	Żona fil-Baħar fil-Grigal	Special Protection Area (Birds Directive)	Special Protection Area (Birds Directive)	Regional	Marine Natura 2000 site	Marine Protected Area	Not reported	Not reported	{MLT}	{MIC}	351.65	351.87	351.65	351.93	100	100	Designated	2016	Not reported	Malta Environment and Resources Authority (ERA)	Not reported		Not listed	https://natura2000.eea.europa.eu/?query=Natura2000Sites_9883_0,SITECODE,MT0000107	European Environment Agency	2020-06-19	N2K_end2019_21-04-2020
1523		555623627	MT0000114		Marine area in North-Western Maltese Sea	Żona fil-Baħar fil-Majjistral	Special Protection Area (Birds Directive)	Special Protection Area (Birds Directive)	Regional	Marine Natura 2000 site	Marine Protected Area	Not reported	Not reported	{MLT}	{MIC}	55.9	55.92	55.9	55.93	100	100	Designated	2016	Not reported	Malta Environment and Resources Authority (ERA)	Not reported		Not listed	https://natura2000.eea.europa.eu/?query=Natura2000Sites_9883_0,SITECODE,MT0000114	European Environment Agency	2020-06-19	N2K_end2019_21-04-2020
1524		555623620	MT0000106		Marine area in Northern Maltese Sea	Żona fil-Baħar fit-Tramuntana	Special Protection Area (Birds Directive)	Special Protection Area (Birds Directive)	Regional	Marine Natura 2000 site	Marine Protected Area	Not reported	Not reported	{MLT}	{MIC}	319.02	319.06	319.02	319.0	100	100	Designated	2016	Not reported	Malta Environment and Resources Authority (ERA)	Not reported		Not listed	https://natura2000.eea.europa.eu/?query=Natura2000Sites_9883_0,SITECODE,MT0000106	European Environment Agency	2020-06-19	N2K_end2019_21-04-2020
1527		555623623	MT0000109		Marine area in South-Eastern Maltese Sea	Żona fil-Baħar fix-Xlokk	Special Protection Area (Birds Directive)	Special Protection Area (Birds Directive)	Regional	Marine Natura 2000 site	Marine Protected Area	Not reported	Not reported	{MLT}	{MIC}	219.16	219.34	219.16	219.33	100	100	Designated	2016	Not reported	Malta Environment and Resources Authority (ERA)	Not reported		Not listed	https://natura2000.eea.europa.eu/?query=Natura2000Sites_9883_0,SITECODE,MT0000109	European Environment Agency	2020-06-19	N2K_end2019_21-04-2020
1520		555623625	MT0000111		Marine area in South-Western Maltese area	Żona fil-Baħar fil-Lbiċ	Special Protection Area (Birds Directive)	Special Protection Area (Birds Directive)	Regional	Marine Natura 2000 site	Marine Protected Area	Not reported	Not reported	{MLT}	{MIC}	255.95	253.58	255.95	256.15	100	99	Designated	2016	Not reported	Malta Environment and Resources Authority (ERA)	Not reported		Not listed	https://natura2000.eea.europa.eu/?query=Natura2000Sites_9883_0,SITECODE,MT0000111	European Environment Agency	2020-06-19	N2K_end2019_21-04-2020
1522		555623617	MT0000113		Marine area in Western Maltese Sea	Żona fil-Baħar fil-Punent	Site of Community Importance (Habitats Directive)	Site of Community Importance (Habitats Directive)	Regional	Marine Natura 2000 site	Marine Protected Area	Not reported	Not reported	{MLT}	{MIC}	464.94	465.63	464.94	465.25	100	100	Designated	2017	Not reported	Malta Environment and Resources Authority (ERA)	Not reported		Not listed	https://natura2000.eea.europa.eu/?query=Natura2000Sites_9883_0,SITECODE,MT0000113	European Environment Agency	2020-06-19	N2K_end2019_21-04-2020
1531	1531	555589831			Marine area in Western Maltese Sea	Żona fil-Baħar fil-Punent	Special Area of Conservation - International Importance (Malta)	Żona Speċjali ta 'Konservazzjoni - Importanza Internazzjonali	National	MPA with a national statute	Marine Protected Area	Main	IV - Habitat/species management area	{MLT}	{MIC}	465.17	465.63	465.17	465.25	100	100	Designated	2016	Not reported	Malta Environment and Resources Authority (ERA)	Not reported		Not listed	https://era.org.mt/en/Pages/Protected-Areas-National.aspx	European Environment Agency	2020-06-19	CDDA_v18_29-05-2020
1526		555623622	MT0000108		Marine area in the Eastern Maltese Sea	Żona fil-Baħar fil-Lvant	Special Protection Area (Birds Directive)	Special Protection Area (Birds Directive)	Regional	Marine Natura 2000 site	Marine Protected Area	Not reported	Not reported	{MLT}	{MIC}	625.09	625.59	625.09	625.59	100	100	Designated	2016	Not reported	Malta Environment and Resources Authority (ERA)	Not reported		Not listed	https://natura2000.eea.europa.eu/?query=Natura2000Sites_9883_0,SITECODE,MT0000108	European Environment Agency	2020-06-19	N2K_end2019_21-04-2020
1555		555623618	MT0000115		Marine area in the North Gozo Graben	Żona fil-Baħar fl-inħawi tal-Graben tat-Tramuntana ta’ Għawdex	Proposed Site of Community Importance (Habitats Directive)	Proposed Site of Community Importance (Habitats Directive)	Regional	Marine Natura 2000 proposed site	Site of conservation interest	Not reported	Not reported	{MLT}	{MIC}	390.26	390.29	390.26	390.28	100	100	Proposed	2018	Not reported	Malta Environment and Resources Authority (ERA)	Not reported		Not listed	https://natura2000.eea.europa.eu/?query=Natura2000Sites_9883_0,SITECODE,MT0000115	European Environment Agency	2020-06-19	N2K_end2019_21-04-2020
1556	1556	555589822			Marine area in the North Gozo Graben	Żona fil-Baħar fl-inħawi tal-Graben tat-Tramuntana ta'Għawdex	Special Area of Conservation - International Importance (Malta)	Żona Speċjali ta 'Konservazzjoni - Importanza Internazzjonali	National	MPA with a national statute	Marine Protected Area	Main	IV - Habitat/species management area	{MLT}	{MIC}	390.27	390.29	390.27	390.28	100	100	Designated	2018	Not reported	Malta Environment and Resources Authority (ERA)	Not reported		Not listed	https://era.org.mt/en/Pages/Protected-Areas-National.aspx	European Environment Agency	2020-06-19	CDDA_v18_29-05-2020
1561			MT0000118		Marine area in the Northwestern area of the Malta Graben	Żona fil-Baħar fl-inħawi tal-Majjistral tal-Graben ta’ Malta	Proposed Site of Community Importance (Habitats Directive)	Proposed Site of Community Importance (Habitats Directive)	Regional	Marine Natura 2000 proposed site	Site of conservation interest	Not reported	Not reported	{MLT}	{MIC}	107.2	107.27	107.2	107.26	100	100	Proposed	2018	Not reported	Malta Environment and Resources Authority (ERA)	Not reported		Not listed	https://natura2000.eea.europa.eu/?query=Natura2000Sites_9883_0,SITECODE,MT0000118	European Environment Agency	2020-06-19	N2K_end2019_21-04-2020
1562	1562	555634474			Marine area in the Northwestern area of the Malta Graben	Żona fil-Baħar fl-inħawi tal-Majjistral tal-Graben ta'Malta	Special Area of Conservation - International Importance (Malta)	Żona Speċjali ta 'Konservazzjoni - Importanza Internazzjonali	National	MPA with a national statute	Marine Protected Area	Main	IV - Habitat/species management area	{MLT}	{MIC}	107.26	107.27	107.26	107.26	100	100	Designated	2018	Not reported	Malta Environment and Resources Authority (ERA)	Not reported		Not listed	https://era.org.mt/en/Pages/Protected-Areas-National.aspx	European Environment Agency	2020-06-19	CDDA_v18_29-05-2020
1560	1560	555634475			Marine area in the Western area of the Malta Graben	Żona fil-Baħar fl-inħawi tal-Punent tal-Graben ta'Malta	Special Area of Conservation - International Importance (Malta)	Żona Speċjali ta 'Konservazzjoni - Importanza Internazzjonali	National	MPA with a national statute	Marine Protected Area	Main	IV - Habitat/species management area	{MLT}	{MIC}	201.39	201.4	201.39	201.39	100	100	Designated	2018	Not reported	Malta Environment and Resources Authority (ERA)	Not reported		Not listed	https://era.org.mt/en/Pages/Protected-Areas-National.aspx	European Environment Agency	2020-06-19	CDDA_v18_29-05-2020
1559			MT0000117		Marine area in the western area of the Malta Graben	Żona fil-Baħar fl-inħawi tal-Punent tal-Graben ta’ Malta	Proposed Site of Community Importance (Habitats Directive)	Proposed Site of Community Importance (Habitats Directive)	Regional	Marine Natura 2000 proposed site	Site of conservation interest	Not reported	Not reported	{MLT}	{MIC}	201.28	201.4	201.28	201.39	100	100	Proposed	2018	Not reported	Malta Environment and Resources Authority (ERA)	Not reported		Not listed	https://natura2000.eea.europa.eu/?query=Natura2000Sites_9883_0,SITECODE,MT0000117	European Environment Agency	2020-06-19	N2K_end2019_21-04-2020
942	942	555546264			Marine area within the limits of Dwerja (Gozo)	Żona fil-baħar fil-limiti tad-Dwerja (Għawdex)	Special Area of Conservation - International Importance (Malta)	Żona Speċjali ta 'Konservazzjoni - Importanza Internazzjonali	National	MPA with a national statute	Marine Protected Area	Main	IV - Habitat/species management area	{MLT}	{MIC}	2.29	1.78	2.29	2.29	100	78	Designated	2007	Not reported	Malta Environement and Planning Authority	Not reported		Not listed	https://era.org.mt/en/Pages/Protected-Areas-National.aspx	European Environment Agency	2020-06-19	CDDA_v18_29-05-2020
943	943	555546263			Marine area within the limits of Għar Lapsi and Filfla	Żona fil-baħar fil-limiti ta' Għar Lapsi u ta' Filfla	Special Area of Conservation - International Importance (Malta)	Żona Speċjali ta 'Konservazzjoni - Importanza Internazzjonali	National	MPA with a national statute	Marine Protected Area	Main	IV - Habitat/species management area	{MLT}	{MIC}	26.29	25.95	26.29	26.31	100	99	Designated	2010	Not reported	Malta Environment and Resources Authority (ERA)	Not reported		Not listed	https://era.org.mt/en/Pages/Protected-Areas-National.aspx	European Environment Agency	2020-06-19	CDDA_v18_29-05-2020
1535	1535	555589824			The East Sea	Il-Baħar tal-Lvant	Special Protection Area (Malta)	Żona ta 'Protezzjoni Speċjali	National	MPA with a national statute	Marine Protected Area	Main	IV - Habitat/species management area	{MLT}	{MIC}	625.59	625.59	625.59	625.59	100	100	Designated	2016	Not reported	Malta Environment and Resources Authority (ERA)	Not reported		Not listed	https://era.org.mt/en/Pages/Protected-Areas-National.aspx	European Environment Agency	2020-06-19	CDDA_v18_29-05-2020
1533	1533	555589821			The North Sea	Il-Baħar tat-Tramuntana	Special Protection Area (Malta)	Żona ta 'Protezzjoni Speċjali	National	MPA with a national statute	Marine Protected Area	Main	IV - Habitat/species management area	{MLT}	{MIC}	319.22	319.31	319.22	319.24	100	100	Designated	2016	Not reported	Malta Environment and Resources Authority (ERA)	Not reported		Not listed	https://era.org.mt/en/Pages/Protected-Areas-National.aspx	European Environment Agency	2020-06-19	CDDA_v18_29-05-2020
1534	1534	555589823			The Northeast Sea	Il-Baħar tal-Grigal	Special Protection Area (Malta)	Żona ta 'Protezzjoni Speċjali	National	MPA with a national statute	Marine Protected Area	Main	IV - Habitat/species management area	{MLT}	{MIC}	351.94	351.87	351.94	351.93	100	100	Designated	2016	Not reported	Malta Environment and Resources Authority (ERA)	Not reported		Not listed	https://era.org.mt/en/Pages/Protected-Areas-National.aspx	European Environment Agency	2020-06-19	CDDA_v18_29-05-2020
1532	1532	555589832			The Northwest Sea	Il-Baħar tal-Majjistral	Special Protection Area (Malta)	Żona ta 'Protezzjoni Speċjali	National	MPA with a national statute	Marine Protected Area	Main	IV - Habitat/species management area	{MLT}	{MIC}	55.93	55.92	55.93	55.93	100	100	Designated	2016	Not reported	Malta Environment and Resources Authority (ERA)	Not reported		Not listed	https://era.org.mt/en/Pages/Protected-Areas-National.aspx	European Environment Agency	2020-06-19	CDDA_v18_29-05-2020
1528	1528	555589826			The South Sea	Il-Baħar tan-Nofsinhar	Special Protection Area (Malta)	Żona ta 'Protezzjoni Speċjali	National	MPA with a national statute	Marine Protected Area	Main	IV - Habitat/species management area	{MLT}	{MIC}	835.41	835.59	835.41	835.46	100	100	Designated	2016	Not reported	Malta Environment and Resources Authority (ERA)	Not reported		Not listed	https://era.org.mt/en/Pages/Protected-Areas-National.aspx	European Environment Agency	2020-06-19	CDDA_v18_29-05-2020
1536	1536	555589825			The Southeast Sea	Il-Baħar tax-Xlokk	Special Protection Area (Malta)	Żona ta 'Protezzjoni Speċjali	National	MPA with a national statute	Marine Protected Area	Main	IV - Habitat/species management area	{MLT}	{MIC}	219.34	219.34	219.34	219.33	100	100	Designated	2016	Not reported	Malta Environment and Resources Authority (ERA)	Not reported		Not listed	https://era.org.mt/en/Pages/Protected-Areas-National.aspx	European Environment Agency	2020-06-19	CDDA_v18_29-05-2020
1529	1529	555589828			The Southwest Sea	Il-Baħar tal-Lbiċ	Special Protection Area (Malta)	Żona ta 'Protezzjoni Speċjali	National	MPA with a national statute	Marine Protected Area	Main	IV - Habitat/species management area	{MLT}	{MIC}	256.3	253.52	256.3	256.31	100	99	Designated	2016	Not reported	Malta Environment and Resources Authority (ERA)	Not reported		Not listed	https://era.org.mt/en/Pages/Protected-Areas-National.aspx	European Environment Agency	2020-06-19	CDDA_v18_29-05-2020
954	954				Kotorsko Risanski Zaliv	Kotorsko Risanski Zaliv	Area protected by municipal decision (Montenegro)	Područja zaštićena opštinskim odlukama	National	MPA with a national statute	Marine Protected Area	Main	V - Protected landscape/seascape	{MNE}	{MAD}	0.0	23.86	150.0	109.96	0	22	Designated	1979	Not reported	Kotor Area Management Council	Partially implemented		Not listed	http://mne-mpa.org/kotorsko-risanski-zaliv-eng/	Municipality of Kotor	2015-01-05	GIS layer digitised by MedPAN using Google Earth. Based on the map of the inscribed property available in the World Heritage Centre (http://whc.unesco.org/document/121073).
955	954				Natural and Culturo-Historical Region of Kotor	Natural and Culturo-Historical Region of Kotor	World Heritage Site	World Heritage Site	International	World heritage site	Site of conservation interest	Secondary	Not applicable	{MNE}	{MAD}	0.0	23.86	150.0	109.96	0	22	Inscribed	1979	Not reported	Not reported	Not reported		Not listed	http://whc.unesco.org/en/list/125	World Heritage Centre		GIS layer digitised by MedPAN using Google Earth. Based on the map of the inscribed property available in the World Heritage Centre (http://whc.unesco.org/document/121073).
956		555558411		2135	Tivat Saline 	Tivat Saline 	Ramsar site	Ramsar site	International	Ramsar site	Site of conservation interest	Not reported	Not reported	{MNE}	{MAD}	0.37	0.4	1.5	1.44	25	28	Designated	2013	Government-delegated management	Public Enterprise for  Coastal Zone Management of Montenegro	Inexistent		Not listed	https://rsis.ramsar.org/ris/2135	Ramsar Sites Information Service	2020-06-22	Ramsar_21-04-2020
1569	1569	555560029			Tivatska solila	Tivatska solila	Special Nature Reserve (Montenegro)	Specijalni rezervat prirode	National	MPA with a national statute	Marine Protected Area	Main	V - Protected landscape/seascape	{MNE}	{MAD}		0.43	1.5	1.4	0	31	Designated	2008	Government-delegated management	Public Enterprise for  Coastal Zone Management of Montenegro	Inexistent		Not listed	https://www.protectedplanet.net/555560029	European Environment Agency	2020-06-19	CDDA_v18_29-05-2020
1411					Akamas and Chrysochou Bay	Akamas and Chrysochou Bay	EBSA	Ecologically or Biologically Significant Marine Area	International	EBSA	Site of conservation interest	Not reported	Not applicable	{N/A}	{N/A}	0.0	106.66	107.0	106.58	0	100	Designated	2014	Not reported	Not reported	Not reported		Not listed	https://www.cbd.int/ebsa/	SPA/RAC - Regional Activity Centre for Specially Protected Areas (UNEP-MAP)	2014-04-12	EBSA dataset provided by UNEP-MAP-RAC/SPA in December 2014.
1412					Central Aegean Sea	Central Aegean Sea	EBSA	Ecologically or Biologically Significant Marine Area	International	EBSA	Site of conservation interest	Not reported	Not applicable	{N/A}	{N/A}	0.0	91608.46	91701.0	91709.76	0	100	Designated	2014	Not reported	Not reported	Not reported		Not listed	https://www.cbd.int/ebsa/	SPA/RAC - Regional Activity Centre for Specially Protected Areas (UNEP-MAP)	2014-04-12	EBSA dataset provided by UNEP-MAP-RAC/SPA in December 2014.
1739	1739				Deepwater FRA (below 1000 m)	Deepwater FRA (below 1000 m)	Protection of deep-sea habitats and resources	Protection of deep-sea habitats and resources	Regional	Fisheries Restricted Area (deep sea)	Site of conservation interest	Main	Not applicable	{N/A}	{N/A}	1734091.0	1461041.0	1734091.0	1461038.94	100	100	Designated	2005	Not reported	Not reported	Not reported		Not listed	http://www.fao.org/gfcm/data/maps/fras	General Fisheries Commission for the Mediterranean (GFCM)	2021-01-22	Data downloaded from the GFCM website in January 2021 (http://www.fao.org/gfcm/data/map-fisheries-restricted-areas/en).
1413					East Levantine Canyons (ELCA)	East Levantine Canyons (ELCA)	EBSA	Ecologically or Biologically Significant Marine Area	International	EBSA	Site of conservation interest	Not reported	Not applicable	{N/A}	{N/A}	0.0	10676.1	10678.0	10673.5	0	100	Designated	2014	Not reported	Not reported	Not reported		Not listed	https://www.cbd.int/ebsa/	SPA/RAC - Regional Activity Centre for Specially Protected Areas (UNEP-MAP)	2014-04-12	EBSA dataset provided by UNEP-MAP-RAC/SPA in December 2014.
1414					Gulf of Sirte	Gulf of Sirte	EBSA	Ecologically or Biologically Significant Marine Area	International	EBSA	Site of conservation interest	Not reported	Not applicable	{N/A}	{N/A}	0.0	96925.81	97304.0	97197.34	0	100	Designated	2014	Not reported	Not reported	Not reported		Not listed	https://www.cbd.int/ebsa/	SPA/RAC - Regional Activity Centre for Specially Protected Areas (UNEP-MAP)	2014-04-12	EBSA dataset provided by UNEP-MAP-RAC/SPA in December 2014.
1415					Hellenic Trench	Hellenic Trench	EBSA	Ecologically or Biologically Significant Marine Area	International	EBSA	Site of conservation interest	Not reported	Not applicable	{N/A}	{N/A}	0.0	90751.73	90759.0	90757.65	0	100	Designated	2014	Not reported	Not reported	Not reported		Not listed	https://www.cbd.int/ebsa/	SPA/RAC - Regional Activity Centre for Specially Protected Areas (UNEP-MAP)	2014-04-12	EBSA dataset provided by UNEP-MAP-RAC/SPA in December 2014.
1416					Jabuka / Pomo Pit	Jabuka / Pomo Pit	EBSA	Ecologically or Biologically Significant Marine Area	International	EBSA	Site of conservation interest	Not reported	Not applicable	{N/A}	{N/A}	0.0	6577.28	6577.0	6562.29	0	100	Designated	2014	Not reported	Not reported	Not reported		Not listed	https://www.cbd.int/ebsa/	SPA/RAC - Regional Activity Centre for Specially Protected Areas (UNEP-MAP)	2014-04-12	EBSA dataset provided by UNEP-MAP-RAC/SPA in December 2014.
1365					Kalamos	Kalamos	Cetaceans Critical Habitat	Cetaceans Critical Habitat	Regional	Critical Cetacean Habitat	Site of conservation interest	Not reported	Not applicable	{N/A}	{N/A}		850.93		868.86		98	Adopted	2010	Not reported	Not reported	Not reported		Not listed	https://accobams.org/conservations-action/protected-areas/	ACCOBAMS	2015-01-06	Data provided by the ACCOBAMS Secretariat in June 2015. The polygons were slightly modified to match the EEA coastline for analysis.
1417					Le Golfe de Gabès	Le Golfe de Gabès	EBSA	Ecologically or Biologically Significant Marine Area	International	EBSA	Site of conservation interest	Not reported	Not applicable	{N/A}	{N/A}	0.0	25334.92	25336.0	25336.46	0	100	Designated	2014	Not reported	Not reported	Not reported		Not listed	https://www.cbd.int/ebsa/	SPA/RAC - Regional Activity Centre for Specially Protected Areas (UNEP-MAP)	2014-04-12	EBSA dataset provided by UNEP-MAP-RAC/SPA in December 2014.
1418					Nile Delta Fan	Nile Delta Fan	EBSA	Ecologically or Biologically Significant Marine Area	International	EBSA	Site of conservation interest	Not reported	Not applicable	{N/A}	{N/A}	0.0	72760.29	72837.0	72812.73	0	100	Designated	2014	Not reported	Not reported	Not reported		Not listed	https://www.cbd.int/ebsa/	SPA/RAC - Regional Activity Centre for Specially Protected Areas (UNEP-MAP)	2014-04-12	EBSA dataset provided by UNEP-MAP-RAC/SPA in December 2014.
1419					North Aegean	North Aegean	EBSA	Ecologically or Biologically Significant Marine Area	International	EBSA	Site of conservation interest	Not reported	Not applicable	{N/A}	{N/A}	0.0	54039.09	54026.0	54028.9	0	100	Designated	2014	Not reported	Not reported	Not reported		Not listed	https://www.cbd.int/ebsa/	SPA/RAC - Regional Activity Centre for Specially Protected Areas (UNEP-MAP)	2014-04-12	EBSA dataset provided by UNEP-MAP-RAC/SPA in December 2014.
1420					North East Levantine Sea	North East Levantine Sea	EBSA	Ecologically or Biologically Significant Marine Area	International	EBSA	Site of conservation interest	Not reported	Not applicable	{N/A}	{N/A}	0.0	58720.17	58578.0	58610.08	0	100	Designated	2014	Not reported	Not reported	Not reported		Not listed	https://www.cbd.int/ebsa/	SPA/RAC - Regional Activity Centre for Specially Protected Areas (UNEP-MAP)	2014-04-12	EBSA dataset provided by UNEP-MAP-RAC/SPA in December 2014.
1421					North West Mediterranean Pelagic Ecosystem	North West Mediterranean Pelagic Ecosystem	EBSA	Ecologically or Biologically Significant Marine Area	International	EBSA	Site of conservation interest	Not reported	Not applicable	{N/A}	{N/A}	0.0	341765.44	341481.0	341518.33	0	100	Designated	2014	Not reported	Not reported	Not reported		Not listed	https://www.cbd.int/ebsa/	SPA/RAC - Regional Activity Centre for Specially Protected Areas (UNEP-MAP)	2014-04-12	EBSA dataset provided by UNEP-MAP-RAC/SPA in December 2014.
1422					North Western Mediterranean Benthic Ecosystem	North Western Mediterranean Benthic Ecosystem	EBSA	Ecologically or Biologically Significant Marine Area	International	EBSA	Site of conservation interest	Not reported	Not applicable	{N/A}	{N/A}	0.0	195870.17	195907.0	195913.22	0	100	Designated	2014	Not reported	Not reported	Not reported		Not listed	https://www.cbd.int/ebsa/	SPA/RAC - Regional Activity Centre for Specially Protected Areas (UNEP-MAP)	2014-04-12	EBSA dataset provided by UNEP-MAP-RAC/SPA in December 2014.
1357					North western area of Sardinia	North western area of Sardinia	Cetaceans Critical Habitat	Cetaceans Critical Habitat	Regional	Critical Cetacean Habitat	Site of conservation interest	Not reported	Not applicable	{N/A}	{N/A}		3820.73		3833.65		100	Adopted	2010	Not reported	Not reported	Not reported		Not listed	https://accobams.org/conservations-action/protected-areas/	ACCOBAMS	2015-01-06	Data provided by the ACCOBAMS Secretariat in June 2015. The polygons were slightly modified to match the EEA coastline for analysis.
1423					Northern Adriatic	Northern Adriatic	EBSA	Ecologically or Biologically Significant Marine Area	International	EBSA	Site of conservation interest	Not reported	Not applicable	{N/A}	{N/A}	0.0	25280.54	25257.0	25263.18	0	100	Designated	2014	Not reported	Not reported	Not reported		Not listed	https://www.cbd.int/ebsa/	SPA/RAC - Regional Activity Centre for Specially Protected Areas (UNEP-MAP)	2014-04-12	EBSA dataset provided by UNEP-MAP-RAC/SPA in December 2014.
1372					Sallum Marine Protected Area	Sallum Marine Protected Area	Cetaceans Critical Habitat	Cetaceans Critical Habitat	Regional	Critical Cetacean Habitat	Site of conservation interest	Not reported	Not applicable	{N/A}	{N/A}		1099.82		1102.0		100	Adopted	2010	Not reported	Not reported	Not reported		Not listed	https://accobams.org/conservations-action/protected-areas/	ACCOBAMS	2015-01-06	Data provided by the ACCOBAMS Secretariat in June 2015. The polygons were slightly modified to match the EEA coastline for analysis.
1424					Sicilian Channel	Sicilian Channel	EBSA	Ecologically or Biologically Significant Marine Area	International	EBSA	Site of conservation interest	Not reported	Not applicable	{N/A}	{N/A}	0.0	269163.66	269180.0	269175.78	0	100	Designated	2014	Not reported	Not reported	Not reported		Not listed	https://www.cbd.int/ebsa/	SPA/RAC - Regional Activity Centre for Specially Protected Areas (UNEP-MAP)	2014-04-12	EBSA dataset provided by UNEP-MAP-RAC/SPA in December 2014.
1425					South Adriatic Ionian Strait	South Adriatic Ionian Strait	EBSA	Ecologically or Biologically Significant Marine Area	International	EBSA	Site of conservation interest	Not reported	Not applicable	{N/A}	{N/A}	0.0	38166.7	38171.0	38163.16	0	100	Designated	2014	Not reported	Not reported	Not reported		Not listed	https://www.cbd.int/ebsa/	SPA/RAC - Regional Activity Centre for Specially Protected Areas (UNEP-MAP)	2014-04-12	EBSA dataset provided by UNEP-MAP-RAC/SPA in December 2014.
1367					Southwest Crete and the Hellenic Trench	Southwest Crete and the Hellenic Trench	Cetaceans Critical Habitat	Cetaceans Critical Habitat	Regional	Critical Cetacean Habitat	Site of conservation interest	Not reported	Not applicable	{N/A}	{N/A}		27540.87		27374.52		100	Adopted	2010	Not reported	Not reported	Not reported		Not listed	https://accobams.org/conservations-action/protected-areas/	ACCOBAMS	2015-01-06	Data provided by the ACCOBAMS Secretariat in June 2015. The polygons were slightly modified to match the EEA coastline for analysis.
1356					The Alboran Sea	The Alboran Sea	Cetaceans Critical Habitat	Cetaceans Critical Habitat	Regional	Critical Cetacean Habitat	Site of conservation interest	Not reported	Not applicable	{N/A}	{N/A}		78198.84		79104.0		99	Adopted	2010	Not reported	Not reported	Not reported		Not listed	https://accobams.org/conservations-action/protected-areas/	ACCOBAMS	2015-01-06	Data provided by the ACCOBAMS Secretariat in June 2015. The polygons were slightly modified to match the EEA coastline for analysis.
1373					The Alboran Sea and the Strait of Gibraltar	The Alboran Sea and the Strait of Gibraltar	Cetaceans Critical Habitat	Cetaceans Critical Habitat	Regional	Critical Cetacean Habitat	Site of conservation interest	Not reported	Not applicable	{N/A}	{N/A}		78198.84		79104.0		99	Adopted	2010	Not reported	Not reported	Not reported		Not listed	https://accobams.org/conservations-action/protected-areas/	ACCOBAMS	2015-01-06	Data provided by the ACCOBAMS Secretariat in June 2015. The polygons were slightly modified to match the EEA coastline for analysis.
1364					The Amvrakikos Gulf (northwestern Greece)	The Amvrakikos Gulf (northwestern Greece)	Cetaceans Critical Habitat	Cetaceans Critical Habitat	Regional	Critical Cetacean Habitat	Site of conservation interest	Not reported	Not applicable	{N/A}	{N/A}		415.71		494.37		84	Adopted	2010	Not reported	Not reported	Not reported		Not listed	https://accobams.org/conservations-action/protected-areas/	ACCOBAMS	2015-01-06	Data provided by the ACCOBAMS Secretariat in June 2015. The polygons were slightly modified to match the EEA coastline for analysis.
1368					The Gulf of Saronikos and adjacent waters	The Gulf of Saronikos and adjacent waters	Cetaceans Critical Habitat	Cetaceans Critical Habitat	Regional	Critical Cetacean Habitat	Site of conservation interest	Not reported	Not applicable	{N/A}	{N/A}		8326.57		8381.13		99	Adopted	2010	Not reported	Not reported	Not reported		Not listed	https://accobams.org/conservations-action/protected-areas/	ACCOBAMS	2015-01-06	Data provided by the ACCOBAMS Secretariat in June 2015. The polygons were slightly modified to match the EEA coastline for analysis.
1363					The Sazani Island - Karaburuni Peninsula	The Sazani Island - Karaburuni Peninsula	Cetaceans Critical Habitat	Cetaceans Critical Habitat	Regional	Critical Cetacean Habitat	Site of conservation interest	Not reported	Not applicable	{N/A}	{N/A}		391.41		393.73		99	Adopted	2010	Not reported	Not reported	Not reported		Not listed	https://accobams.org/conservations-action/protected-areas/	ACCOBAMS	2015-01-06	Data provided by the ACCOBAMS Secretariat in June 2015. The polygons were slightly modified to match the EEA coastline for analysis.
1360					The Strait of Sicily for fin whales and common, bottlenose and striped dolphins	The Strait of Sicily for fin whales and common, bottlenose and striped dolphins	Cetaceans Critical Habitat	Cetaceans Critical Habitat	Regional	Critical Cetacean Habitat	Site of conservation interest	Not reported	Not applicable	{N/A}	{N/A}		30928.26		30967.77		100	Adopted	2010	Not reported	Not reported	Not reported		Not listed	https://accobams.org/conservations-action/protected-areas/	ACCOBAMS	2015-01-06	Data provided by the ACCOBAMS Secretariat in June 2015. The polygons were slightly modified to match the EEA coastline for analysis.
1366					The eastern Ionian Sea and the Gulf of Corinth	The eastern Ionian Sea and the Gulf of Corinth	Cetaceans Critical Habitat	Cetaceans Critical Habitat	Regional	Critical Cetacean Habitat	Site of conservation interest	Not reported	Not applicable	{N/A}	{N/A}		10887.34		10978.9		99	Adopted	2010	Not reported	Not reported	Not reported		Not listed	https://accobams.org/conservations-action/protected-areas/	ACCOBAMS	2015-01-06	Data provided by the ACCOBAMS Secretariat in June 2015. The polygons were slightly modified to match the EEA coastline for analysis.
1370					The northern Aegean Sea	The northern Aegean Sea	Cetaceans Critical Habitat	Cetaceans Critical Habitat	Regional	Critical Cetacean Habitat	Site of conservation interest	Not reported	Not applicable	{N/A}	{N/A}		23001.66		23042.42		100	Adopted	2010	Not reported	Not reported	Not reported		Not listed	https://accobams.org/conservations-action/protected-areas/	ACCOBAMS	2015-01-06	Data provided by the ACCOBAMS Secretariat in June 2015. The polygons were slightly modified to match the EEA coastline for analysis.
1358					Tuscany archipelago	Tuscany archipelago	Cetaceans Critical Habitat	Cetaceans Critical Habitat	Regional	Critical Cetacean Habitat	Site of conservation interest	Not reported	Not applicable	{N/A}	{N/A}		3698.32		3703.1		100	Adopted	2010	Not reported	Not reported	Not reported		Not listed	https://accobams.org/conservations-action/protected-areas/	ACCOBAMS	2015-01-06	Data provided by the ACCOBAMS Secretariat in June 2015. The polygons were slightly modified to match the EEA coastline for analysis.
1362					Waters along east coast of the Cres-Lošinj archipelago	Waters along east coast of the Cres-Lošinj archipelago	Cetaceans Critical Habitat	Cetaceans Critical Habitat	Regional	Critical Cetacean Habitat	Site of conservation interest	Not reported	Not applicable	{N/A}	{N/A}		1159.23		1174.39		99	Adopted	2010	Not reported	Not reported	Not reported		Not listed	https://accobams.org/conservations-action/protected-areas/	ACCOBAMS	2015-01-06	Data provided by the ACCOBAMS Secretariat in June 2015. The polygons were slightly modified to match the EEA coastline for analysis.
1371					Waters surrounding the Dodecanese	Waters surrounding the Dodecanese	Cetaceans Critical Habitat	Cetaceans Critical Habitat	Regional	Critical Cetacean Habitat	Site of conservation interest	Not reported	Not applicable	{N/A}	{N/A}		19799.17		19841.91		99	Adopted	2010	Not reported	Not reported	Not reported		Not listed	https://accobams.org/conservations-action/protected-areas/	ACCOBAMS	2015-01-06	Data provided by the ACCOBAMS Secretariat in June 2015. The polygons were slightly modified to match the EEA coastline for analysis.
1359					Waters surrounding the island of Ischia	Waters surrounding the island of Ischia	Cetaceans Critical Habitat	Cetaceans Critical Habitat	Regional	Critical Cetacean Habitat	Site of conservation interest	Not reported	Not applicable	{N/A}	{N/A}		746.27		749.8		100	Adopted	2010	Not reported	Not reported	Not reported		Not listed	https://accobams.org/conservations-action/protected-areas/	ACCOBAMS	2015-01-06	Data provided by the ACCOBAMS Secretariat in June 2015. The polygons were slightly modified to match the EEA coastline for analysis.
1361					Waters surrounding the island of Malta and south-eastern Sicily	Waters surrounding the island of Malta and south-eastern Sicily	Cetaceans Critical Habitat	Cetaceans Critical Habitat	Regional	Critical Cetacean Habitat	Site of conservation interest	Not reported	Not applicable	{N/A}	{N/A}		25425.13		25364.39		100	Adopted	2010	Not reported	Not reported	Not reported		Not listed	https://accobams.org/conservations-action/protected-areas/	ACCOBAMS	2015-01-06	Data provided by the ACCOBAMS Secretariat in June 2015. The polygons were slightly modified to match the EEA coastline for analysis.
1369					Waters surrounding the northern Sporades	Waters surrounding the northern Sporades	Cetaceans Critical Habitat	Cetaceans Critical Habitat	Regional	Critical Cetacean Habitat	Site of conservation interest	Not reported	Not applicable	{N/A}	{N/A}		7613.06		7673.72		99	Adopted	2010	Not reported	Not reported	Not reported		Not listed	https://accobams.org/conservations-action/protected-areas/	ACCOBAMS	2015-01-06	Data provided by the ACCOBAMS Secretariat in June 2015. The polygons were slightly modified to match the EEA coastline for analysis.
1321		555535198	SI3000241		Ankaran - Sv. Nikolaj	Ankaran - Sv. Nikolaj	Special Area of Conservation (Habitats Directive)	Special Area of Conservation (Habitats Directive)	Regional	Marine Natura 2000 site	Marine Protected Area	Not reported	Not reported	{SVN}	{MAD}	0.01	0.0	0.07	0.07	18	0	Designated	2007	Not reported	Not reported	In preparation / Not implemented		Not listed	https://natura2000.eea.europa.eu/?query=Natura2000Sites_9883_0,SITECODE,SI3000241	European Environment Agency	2020-06-19	N2K_end2019_21-04-2020
1322		555535199	SI3000243		Debeli Rtič	Debeli Rtič	Special Area of Conservation (Habitats Directive)	Special Area of Conservation (Habitats Directive)	Regional	Marine Natura 2000 site	Marine Protected Area	Not reported	Not reported	{SVN}	{MAD}	0.01	0.01	0.05	0.05	25	20	Designated	2007	Local communities	MPA management body of the Municipality of Ankaran	In preparation / Not implemented		Not listed	https://natura2000.eea.europa.eu/?query=Natura2000Sites_9883_0,SITECODE,SI3000243	European Environment Agency	2020-06-19	N2K_end2019_21-04-2020
1553	1553	555641767			Debeli Rtič	Debeli Rtič	Landscape Park (Slovenia)	Krajinski park	National	MPA with a national statute	Marine Protected Area	Main	V - Protected landscape/seascape	{SVN}	{MAD}	1.35	1.46	3.37	3.37	40	43	Designated	2018	Local communities	MPA management body of the Municipality of Ankaran	In preparation / Not implemented		Not listed	https://www.protectedplanet.net/555641767	European Environment Agency	2020-06-19	CDDA_v18_29-05-2020
1323		555577855	SI5000028		Debeli rtič	Debeli rtič	Special Protection Area (Birds Directive)	Special Protection Area (Birds Directive)	Regional	Marine Natura 2000 site	Marine Protected Area	Not reported	Not reported	{SVN}	{MAD}	0.93	0.84	0.93	0.93	100	90	Designated	2013	Local communities	MPA management body of the Municipality of Ankaran	In preparation / Not implemented		Not listed	https://natura2000.eea.europa.eu/?query=Natura2000Sites_9883_0,SITECODE,SI5000028	European Environment Agency	2020-06-19	N2K_end2019_21-04-2020
969		555535196	SI3000239		Kanal Sv. Jerneja	Kanal Sv. Jerneja	Special Area of Conservation (Habitats Directive)	Special Area of Conservation (Habitats Directive)	Regional	Marine Natura 2000 site	Marine Protected Area	Not reported	Not reported	{SVN}	{MAD}	0.03	0.07	0.32	0.32	9	22	Designated	2007	Government-delegated management	SOLINE Pridelava soli d. o. o.	Fully implemented		Not listed	https://natura2000.eea.europa.eu/?query=Natura2000Sites_9883_0,SITECODE,SI3000239	European Environment Agency	2020-06-19	N2K_end2019_21-04-2020
1741	975				Landscape Park Strunjan	Landscape Park Strunjan	SPAMI	Specially Protected Area of Mediterranean Importance	Regional	SPAMI	Marine Protected Area	Secondary	Not assigned	{SVN}	{MAD}	1.48	1.48	4.29	4.29	34	34	Adopted	2019	Government-delegated management	Javni zavod Krajinski park Strunjan	Fully implemented	https://parkstrunjan.si/nacrt-upravljanja-2018-2027/	Not listed	http://rac-spa.org/spami	European Environment Agency	2020-01-07	GIS layer identical to that of the Landscape Park (WDPA ID: 196471)
970	975	555535203	SI3000249		Med Izolo in Strunjanom - klif	Med Izolo in Strunjanom - klif	Special Area of Conservation (Habitats Directive)	Special Area of Conservation (Habitats Directive)	Regional	Marine Natura 2000 site	Marine Protected Area	Not reported	Not reported	{SVN}	{MAD}	0.37	0.36	0.56	0.56	66	64	Designated	2007	Government-delegated management	Javni zavod Krajinski park Strunjan	Fully implemented	http://prostor.zgs.gov.si/pregledovalnik/	Not listed	https://natura2000.eea.europa.eu/?query=Natura2000Sites_9883_0,SITECODE,SI3000249	European Environment Agency	2020-06-19	N2K_end2019_21-04-2020
971	975	555579063	SI3000307		Med Strunjanom in Fieso	Med Strunjanom in Fieso	Special Area of Conservation (Habitats Directive)	Special Area of Conservation (Habitats Directive)	Regional	Marine Natura 2000 site	Marine Protected Area	Not reported	Not reported	{SVN}	{MAD}	0.11	0.11	0.15	0.15	76	73	Designated	2015	Government-delegated management	Public Institute Nature Park Strunjan	Partially implemented		Not listed	https://natura2000.eea.europa.eu/?query=Natura2000Sites_9883_0,SITECODE,SI3000307	European Environment Agency	2020-06-19	N2K_end2019_21-04-2020
967	967	326112			Rt Madona v Piranu	Rt Madona v Piranu	Natural Monument (Slovenia)	Naravni Spomenik	National	MPA with a national statute	Marine Protected Area	Main	III - Natural monument or feature	{SVN}	{MAD}	0.12	0.1	0.12	0.12	100	83	Designated	1990	Not reported	Not reported	Inexistent		Not listed	https://www.protectedplanet.net/326112	European Environment Agency	2020-06-19	CDDA_v18_29-05-2020
972			SI5000018		Sečoveljske soline	Sečoveljske soline	Special Protection Area (Birds Directive)	Special Protection Area (Birds Directive)	Regional	Marine Natura 2000 site	Marine Protected Area	Not reported	Not reported	{SVN}	{MAD}	2.5	8.35	8.92	8.92	28	94	Designated	2004	Government-delegated management	SOLINE Pridelava soli d. o. o.	Fully implemented		Not listed	https://natura2000.eea.europa.eu/?query=Natura2000Sites_9883_0,SITECODE,SI5000018	European Environment Agency	2020-06-19	N2K_end2019_21-04-2020
973		555535197	SI3000240		Sečoveljske soline in estuarij Dragonje	Sečoveljske soline in estuarij Dragonje	Special Area of Conservation (Habitats Directive)	Special Area of Conservation (Habitats Directive)	Regional	Marine Natura 2000 site	Marine Protected Area	Not reported	Not reported	{SVN}	{MAD}	0.11	3.26	3.66	3.66	3	89	Designated	2007	Government-delegated management	SOLINE Pridelava soli d. o. o.	Fully implemented		Not listed	https://natura2000.eea.europa.eu/?query=Natura2000Sites_9883_0,SITECODE,SI3000240	European Environment Agency	2020-06-19	N2K_end2019_21-04-2020
975	975	196471			Strunjan	Strunjan	Landscape Park (Slovenia)	Krajinski park	National	MPA with a national statute	Marine Protected Area	Main	V - Protected landscape/seascape	{SVN}	{MAD}	0.13	1.48	4.29	4.29	3	34	Designated	2004	Government-delegated management	Public Institute Nature Park Strunjan	Fully implemented		Not listed	http://www.parkstrunjan.si	European Environment Agency	2020-06-19	CDDA_v18_29-05-2020
976	975	555577858	SI5000031		Strunjan	Strunjan	Special Protection Area (Birds Directive)	Special Protection Area (Birds Directive)	Regional	Marine Natura 2000 site	Marine Protected Area	Not reported	Not reported	{SVN}	{MAD}	1.67	1.44	1.88	1.88	89	77	Designated	2013	Government-delegated management	Public Institute Nature Park Strunjan	Fully implemented		Not listed	https://natura2000.eea.europa.eu/?query=Natura2000Sites_9883_0,SITECODE,SI5000031	European Environment Agency	2020-06-19	N2K_end2019_21-04-2020
1742	975	326403			Strunjan	Strunjan	Nature Reserve (Slovenia)	Naravni Rezervat	National	MPA with a national statute	Marine Protected Area	Zone	Ib - Wilderness area	{SVN}	{MAD}	0.09	0.73	1.24	1.24	7	59	Designated	2004	Government-delegated management	Public Institute Nature Park Strunjan	Fully implemented		Not listed	https://www.protectedplanet.net/326403	European Environment Agency	2020-06-19	CDDA_v18_29-05-2020
1757	975	326404			Strunjan - Stjuža	Strunjan - Stjuža	Nature Reserve (Slovenia)	Naravni Rezervat	National	MPA with a national statute	Marine Protected Area	Zone	Ib - Wilderness area	{SVN}	{MAD}	0.13	0.06	0.34	0.34	38	18	Designated	2004	Government-delegated management	Public Institute Nature Park Strunjan	Fully implemented		Not listed	https://www.protectedplanet.net/326404	European Environment Agency	2021-01-21	CDDA_v18_29-05-2020
1318	975	555535195	SI3000238		Strunjanske soline s Stjužo	Strunjanske soline s Stjužo	Special Area of Conservation (Habitats Directive)	Special Area of Conservation (Habitats Directive)	Regional	Marine Natura 2000 site	Marine Protected Area	Not reported	Not reported	{SVN}	{MAD}	0.15	0.07	0.35	0.35	42	20	Designated	2007	Government-delegated management	Public Institute Nature Park Strunjan	Partially implemented		Not listed	https://natura2000.eea.europa.eu/?query=Natura2000Sites_9883_0,SITECODE,SI3000238	European Environment Agency	2020-06-19	N2K_end2019_21-04-2020
974	974	326354			Škocjanski Zatok	Škocjanski Zatok	Nature Reserve (Slovenia)	Naravni Rezervat	National	MPA with a national statute	Marine Protected Area	Main	Ib - Wilderness area	{SVN}	{MAD}		0.0	1.23	1.23	0	0	Designated	1998	Government-delegated management	DOPPS - BirdLife Slovenia	Fully implemented		Not listed	https://www.protectedplanet.net/326354	European Environment Agency	2020-06-19	CDDA_v18_29-05-2020
1319		395191	SI3000252		Škocjanski zatok	Škocjanski zatok	Special Area of Conservation (Habitats Directive)	Special Area of Conservation (Habitats Directive)	Regional	Marine Natura 2000 site	Marine Protected Area	Not reported	Not reported	{SVN}	{MAD}		0.0	1.23	1.23	0	0	Designated	2007	Government-delegated management	DOPPS - BirdLife Slovenia	Fully implemented		Not listed	https://natura2000.eea.europa.eu/?query=Natura2000Sites_9883_0,SITECODE,SI3000252	European Environment Agency	2020-06-19	N2K_end2019_21-04-2020
1320		555541573	SI5000008		Škocjanski zatok	Škocjanski zatok	Special Protection Area (Birds Directive)	Special Protection Area (Birds Directive)	Regional	Marine Natura 2000 site	Marine Protected Area	Not reported	Not reported	{SVN}	{MAD}	0.0	0.0	1.23	1.23	0	0	Designated	2004	Government-delegated management	DOPPS - BirdLife Slovenia	Fully implemented		Not listed	https://natura2000.eea.europa.eu/?query=Natura2000Sites_9883_0,SITECODE,SI5000008	European Environment Agency	2020-06-19	N2K_end2019_21-04-2020
977		555535204	SI3000251		Žusterna - rastišče pozejdonke	Žusterna - rastišče pozejdonke	Special Area of Conservation (Habitats Directive)	Special Area of Conservation (Habitats Directive)	Regional	Marine Natura 2000 site	Marine Protected Area	Not reported	Not reported	{SVN}	{MAD}	0.07	0.05	0.07	0.07	99	71	Designated	2007	Not reported	Not reported	Partially implemented	Natura 2000 sites management program (2015-2020)	Not listed	https://natura2000.eea.europa.eu/?query=Natura2000Sites_9883_0,SITECODE,SI3000251	European Environment Agency	2020-06-19	N2K_end2019_21-04-2020
1158	1158	302587			Fanar Ibn Hani	فنار ابن هانئ	Nature Reserve for Marine Wildlife (Syria)	محمية بيئية	National	MPA with a national statute	Marine Protected Area	Main	Not reported	{SYR}	{MAL}	10.0	4.18	10.0	4.25	100	98	Designated	2000	Not reported	Not reported	Not reported		Not listed	https://www.protectedplanet.net/302587	Ministry for Environmental Affairs	2016-10-10	GIS layer digitised by MedPAN. Based on the description provided in the creation text: 1,5 km wide marine strip running along the coast from Ras Ibn Hani Lighthouse to the High Institute of Marine Research.
1160	1160	302577			Om Al Toyour	أم الطيور	Coastal forest environmental reserve (Syria)	حراجية شاطئية	National	MPA with a national statute	Marine Protected Area	Main	Not reported	{SYR}	{MAL}	8.35	11.02	11.27	11.2	74	98	Designated	1999	Not reported	Ministry of State for Environment Affairs	Not reported		Not listed	https://www.protectedplanet.net/302577	SPA/RAC - Regional Activity Centre for Specially Protected Areas (UNEP-MAP)	2014-01-10	GIS layer digitised by MedPAN from the « Detailed recommendations for the management of the marine areas of Oum Toyour and Ras el Bassit » (UNEP-MAP-RAC/SPA, Nautilus).
1166		903071		1697	Bahiret el Bibane	Bahiret el Bibane	Ramsar site	Ramsar site	International	Ramsar site	Site of conservation interest	Not reported	Not reported	{TUN}	{MIC}	0.0	367.15	392.66	468.33	0	78	Designated	2007	Not reported	Ministère de l’Agriculture des ressources hydrauliques et de la pêche	Not reported		Not listed	https://rsis.ramsar.org/ris/1697	Ramsar Sites Information Service	2013-01-12	GIS layer digitised by MedPAN from Google Earth. Based on the map provided on Ramsar Sites Database.
1171		555558449		2100	Complexe des zones humides de Sebkhet Oum Ez-Zessar et Sebkhet El Grine	Complexe des zones humides de Sebkhet Oum Ez-Zessar et Sebkhet El Grine	Ramsar site	Ramsar site	International	Ramsar site	Site of conservation interest	Not reported	Not reported	{TUN}	{MIC}	0.0	33.77	91.95	74.37	0	45	Designated	2013	Not reported	Not reported	Not reported		Not listed	https://rsis.ramsar.org/ris/2100	Ramsar Sites Information Service	2013-01-12	GIS layer digitised by MedPAN from Google Earth. Based on the map provided on Ramsar Sites Database.
1172		555555578		2076	Complexe des zones humides des Chott el Guetayate et Sebkhet Dhreia et Oueds Akarit, Rekhama et Meleh	Complexe des zones humides des Chott el Guetayate et Sebkhet Dhreia et Oueds Akarit, Rekhama et Meleh	Ramsar site	Ramsar site	International	Ramsar site	Site of conservation interest	Not reported	Not reported	{TUN}	{MIC}	0.0	38.08	48.45	58.59	0	65	Designated	2012	Not reported	Ministère de l’Agriculture des ressources hydrauliques et de la pêche	Not reported		Not listed	https://rsis.ramsar.org/ris/2076	Ramsar Sites Information Service	2013-01-12	GIS layer digitised by MedPAN from Google Earth. Based on the map provided on Ramsar Sites Database.
1175		903074		1700	Djerba Bin El Ouedian	Djerba Bin El Ouedian	Ramsar site	Ramsar site	International	Ramsar site	Site of conservation interest	Not reported	Not reported	{TUN}	{MIC}	0.0	91.38	120.82	121.84	0	75	Designated	2007	Not reported	Ministère de l’Agriculture des ressources hydrauliques et de la pêche	Not reported		Not listed	https://rsis.ramsar.org/ris/1700	Ramsar Sites Information Service	2013-01-12	GIS layer digitised by MedPAN from Google Earth. Based on the map provided on Ramsar Sites Database.
1176		903075		1701	Djerba Guellala	Djerba Guellala	Ramsar site	Ramsar site	International	Ramsar site	Site of conservation interest	Not reported	Not reported	{TUN}	{MIC}	0.0	20.29	22.85	24.22	0	84	Designated	2007	Not reported	Ministère de l’Agriculture des ressources hydrauliques et de la pêche	Not reported		Not listed	https://rsis.ramsar.org/ris/1701	Ramsar Sites Information Service	2013-01-12	GIS layer digitised by MedPAN from Google Earth. Based on the map provided on Ramsar Sites Database.
1177		903076		1702	Djerba Ras Rmel	Djerba Ras Rmel	Ramsar site	Ramsar site	International	Ramsar site	Site of conservation interest	Not reported	Not reported	{TUN}	{MIC}	0.0	15.16	18.56	18.97	0	80	Designated	2007	Not reported	Ministère de l’Agriculture des ressources hydrauliques et de la pêche	Not reported		Not listed	https://rsis.ramsar.org/ris/1702	Ramsar Sites Information Service	2013-01-12	GIS layer digitised by MedPAN from Google Earth. Based on the map provided on Ramsar Sites Database.
1178	1178				Galiton	جاليطون	Nature Reserve (Tunisia)	محمية طبيعية	National	MPA with a national statute	Marine Protected Area	Main	Not reported	{TUN}	{MWE}	4.8	4.46	4.8	4.82	100	93	Designated	1980	Not reported	Coastal Protection and Development Agency	Not reported		Not listed		Ministère de l'environnement	2013-01-12	GIS layer digitised by MedPAN on the basis of the Ministerial Order (Arrêté du 04/07/1980 relatif à l'institution d'une réserve marine intégrale autour de l'îlot du Galiton).
1179		555624277		2008	Golfe de Boughrara	Golfe de Boughrara	Ramsar site	Ramsar site	International	Ramsar site	Site of conservation interest	Not reported	Not reported	{TUN}	{MIC}	0.0	25.31	128.8	88.01	0	29	Designated	2012	Not reported	Ministère de l’Agriculture des ressources hydrauliques et de la pêche	Not reported		Not listed	https://rsis.ramsar.org/ris/2008	Ramsar Sites Information Service	2013-01-12	GIS layer digitised by MedPAN from Google Earth. Based on the map provided on Ramsar Sites Database.
1188	1205	2115			IIes Zembra et Zembretta	IIes Zembra et Zembretta	Biosphere Reserve	Biosphere Reserve	International	Biosphere reserve	Site of conservation interest	Secondary	Not applicable	{TUN}	{MWE}	4.0	76.87	7.91	81.89	51	94	Designated	1977	Not reported	Ministère de l’Agriculture des ressources hydrauliques et de la pêche	Not reported		Not listed	http://www.unesco.org/mabdb/br/brdir/directory/biores.asp?mode=all&code=TUN+04	Not Reported	2014-01-01	The boundaries of the Biosphere Reserve are the same as those of the Zembra and Zembretta National Park.
1183				2012	Iles Kerkennah ou L'archipel de Kerkennah	Iles Kerkennah ou L'archipel de Kerkennah	Ramsar site	Ramsar site	International	Ramsar site	Site of conservation interest	Not reported	Not reported	{TUN}	{MIC}	0.0	30.13	150.0	68.15	0	44	Designated	2012	Federal or national ministry or agency	Agence de Protection et d'Aménagement du Littoral	Partially implemented		Not listed	https://rsis.ramsar.org/ris/2012	Ramsar Sites Information Service	2013-01-12	GIS layer digitised by MedPAN from Google Earth. Based on the map provided on Ramsar Sites Database.
1187				1704	Iles Kneiss avec leurs zones intertidales	Iles Kneiss avec leurs zones intertidales	Ramsar site	Ramsar site	International	Ramsar site	Site of conservation interest	Not reported	Not reported	{TUN}	{MIC}	0.0	155.11	220.27	220.58	0	70	Designated	2007	Not reported	Coastal Protection and Development Agency	Not reported		Not listed	https://rsis.ramsar.org/ris/1704	Ramsar Sites Information Service	2013-01-12	GIS layer digitised by MedPAN from Google Earth. Based on the map provided on Ramsar Sites Database.
1186	1185	365018			Kneiss Islands	Kneiss Islands	SPAMI	Specially Protected Area of Mediterranean Importance	Regional	SPAMI	Marine Protected Area	Secondary	Not assigned	{TUN}	{MIC}	0.0	69.35	58.5	77.72	0	89	Adopted	2001	Not reported	Coastal Protection and Development Agency	Not reported		Not listed	http://www.rac-spa.org/sites/default/files/doc_spamis/spamis/22_kneiss_island.pdf	Office de la Topographie et du Cadastre		GIS layer identical to that of the Nature Reserve (WDPA ID: 15198)
1165	1148	109053			La Galite Archipelago	أرخبيل جالطة	SPAMI	Specially Protected Area of Mediterranean Importance	Regional	SPAMI	Marine Protected Area	Secondary	Not assigned	{TUN}	{MWE}	64.65	82.13	74.24	91.15	87	90	Adopted	2001	Not reported	Ministère de l’Agriculture des ressources hydrauliques et de la pêche	Not reported		Not listed	http://rac-spa.org/spami	Not Reported		"GIS layer digitised by MedPAN (1,5 nautical mile buffer belt around the islands of Galite and Galiton, based on the ""No Fishing Zones"" declared by Order of the Minister of Agriculture of 28 September 1995)"
1192	1192	903080		1706	Lagune de Ghar el Melh et Delta de la Mejerda	Lagune de Ghar el Melh et Delta de la Mejerda	Ramsar site	Ramsar site	International	Ramsar site	Site of conservation interest	Main	Not reported	{TUN}	{MWE}	0.0	58.26	101.68	101.23	0	58	Designated	2007	Not reported	Ministère de l’Agriculture des ressources hydrauliques et de la pêche	Not reported		Not listed	https://rsis.ramsar.org/ris/1706	Ramsar Sites Information Service	2013-01-12	GIS layer digitised by MedPAN from Google Earth. Based on the map provided on Ramsar Sites Database.
1194		903081		1707	Lagunes du Cap Bon oriental	Lagunes du Cap Bon oriental	Ramsar site	Ramsar site	International	Ramsar site	Site of conservation interest	Not reported	Not reported	{TUN}	{MIC}	0.0	2.78	5.04	5.66	0	49	Designated	2007	Not reported	Not reported	Not reported		Not listed	https://rsis.ramsar.org/ris/1707	Ramsar Sites Information Service	2014-01-01	GIS layer digitised by MedPAN from Google Earth. Based on the map provided on Ramsar Sites Database.
1197		903083		1709	Salines de Thyna	Salines de Thyna	Ramsar site	Ramsar site	International	Ramsar site	Site of conservation interest	Not reported	Not reported	{TUN}	{MIC}	0.0	17.57	33.43	27.24	0	65	Designated	2007	Not reported	Ministère de l’Agriculture des ressources hydrauliques et de la pêche	Not reported		Not listed	https://rsis.ramsar.org/ris/1709	Ramsar Sites Information Service	2013-01-12	GIS layer digitised by MedPAN from Google Earth. Based on the map provided on Ramsar Sites Database.
1201	1201	903087		1713	Sebkhet Soliman	Sebkhet Soliman	Ramsar site	Ramsar site	International	Ramsar site	Site of conservation interest	Main	Not reported	{TUN}	{MWE}	0.0	2.39	8.8	7.11	0	34	Designated	2007	Not reported	Not reported	Not reported		Not listed	https://rsis.ramsar.org/ris/1713	Ramsar Sites Information Service	2013-01-12	GIS layer digitised by MedPAN from Google Earth. Based on the map provided on Ramsar Sites Database.
1205	1205				Zembra	زمبرة	Biological Protection Zone (Tunisia)	منطقة حماية بيولوجية	National	MPA with a national statute	Marine Protected Area	Main	Not reported	{TUN}	{MWE}		50.29		50.82		99	Designated	1973	Not reported	Not reported	Not reported		Not listed		Ministère de l'Agriculture	2016-04-13	GIS layer digitised by MedPAN using the Ministerial Order as a reference (Arrêté du Ministre de l'Agriculture du 9 novembre 1973 relatif à l'institution d'une zone de protection biologique autour de l'Ile de Zembra): a 1,5 nautical mile buffer belt was created around the island of Zembra.
1206	1205	365017			Zembra and Zembretta National Park	Zembra and Zembretta National Park	SPAMI	Specially Protected Area of Mediterranean Importance	Regional	SPAMI	Marine Protected Area	Secondary	Not assigned	{TUN}	{MWE}	46.99	76.87	50.9	81.89	92	94	Adopted	2001	Not reported	Ministère de l’Agriculture des ressources hydrauliques et de la pêche	Not reported		Not listed	http://www.rac-spa.org/sites/default/files/doc_spamis/spamis/24_zembra_zembretta.pdf	Not Reported		"GIS layer digitised by MedPAN (1,5 nautical mile buffer belt around the islands of Zembra and Zembretta, based on the ""No Fishing Zones"" declared by Order of the Minister of Agriculture of 28 September 1995)"
1185	1185	15198			Îles Kneiss	جزر الكنائس	Nature Reserve (Tunisia)	محمية طبيعية	National	MPA with a national statute	Marine Protected Area	Main	Not reported	{TUN}	{MIC}	0.0	69.35	58.5	77.72	0	89	Designated	1993	Not reported	Coastal Protection and Development Agency	Not reported		Not listed	https://www.protectedplanet.net/15198	Office de la Topographie et du Cadastre	2013-01-12	GIS layer digitised by MedPAN using Google Earth. Based on the 1:50,000 topographic map of the Office de la Topographie et du Cadastre (O.T.C.).
1207		166755		943	Akyatan Lagoon	Akyatan Lagoon	Ramsar site	Ramsar site	International	Ramsar site	Site of conservation interest	Not reported	Not reported	{TUR}	{MAL}		86.56	147.0	163.65	0	53	Designated	1998	Not reported	Not reported	Inexistent		Not listed	https://rsis.ramsar.org/ris/943	Ramsar Sites Information Service	2020-07-16	Ramsar_21-04-2020
1208	1208				Akyatan Lagünü	Akyatan Lagünü	Wildlife Refuge (Turkey)	Yaban Hayatı Koruma Alanı	National	MPA with a national statute	Marine Protected Area	Main	Not reported	{TUR}	{MAL}	0.0	70.27	153.04	152.88	0	46	Designated	1987	Not reported	Not reported	Not reported		Not listed		Ministry of Environment and Urbanization	2014-01-11	Polygon downloaded from the General Directorate website (http://www.milliparklar.gov.tr/Files/ka.rar) in November 2014.
1210	1210				Datça-Bozburun	Datça-Bozburun	Special Environmental Protection Area (Turkey)	Özel Çevre Koruma Bölgesi	National	MPA with a national statute	Marine Protected Area	Main	IV - Habitat/species management area	{TUR}	{MAL}	736.63	743.61	1443.9	1443.58	51	52	Designated	1990	Government-delegated management	General Directorate for the Protection of Natural Assets (GDPNA - Tabiat Varlıklarını Koruma Genel Müdürlüğü)	Inexistent		Not listed	https://ockb.csb.gov.tr/datca-bozburun-ozel-cevre-koruma-bolgesi-i-2747	Ministry of Environment and Urbanization	2012-01-02	Polygon provided to MedPAN by the General Directorate in February 2012.
1211	1211				Dilek Yarımadası	Dilek Yarımadası	National Park (Turkey)	Milli Parkı	National	MPA with a national statute	Marine Protected Area	Main	II - National park	{TUR}	{MAL}	0.0	95.07	276.75	276.2	0	34	Designated	1966	Not reported	General Directorate for the Protection of Natural Assets (GDPNA - Tabiat Varlıklarını Koruma Genel Müdürlüğü)	Not reported		Not listed	http://www.dilekyarimadasi.gov.tr/	Ministry of Environment and Urbanization	2014-01-11	Polygon downloaded from the General Directorate website (http://www.milliparklar.gov.tr/Files/ka.rar) in November 2014.
1212	1212				Fethiye-Gocek	Fethiye-Gocek	Special Environmental Protection Area (Turkey)	Özel Çevre Koruma Bölgesi	National	MPA with a national statute	Marine Protected Area	Main	IV - Habitat/species management area	{TUR}	{MAL}	340.11	328.29	805.37	805.16	42	41	Designated	1988	Federal or national ministry or agency	Mediterranean Conservation Society	Inexistent		Not listed	https://ockb.csb.gov.tr/fethiye-gocek-ozel-cevre-koruma-bolgesi-i-2746	Ministry of Environment and Urbanization	2012-01-02	Polygon provided to MedPAN by the General Directorate in February 2012.
1213	1213				Foça	Foça	Special Environmental Protection Area (Turkey)	Özel Çevre Koruma Bölgesi	National	MPA with a national statute	Marine Protected Area	Main	IV - Habitat/species management area	{TUR}	{MAL}	51.78	49.54	71.44	71.43	72	69	Designated	1990	Not reported	General Directorate for the Protection of Natural Assets (GDPNA - Tabiat Varlıklarını Koruma Genel Müdürlüğü)	Partially implemented		Not listed	https://ockb.csb.gov.tr/foca-ozel-cevre-koruma-bolgesi-i-2760	Ministry of Environment and Urbanization	2012-01-02	Polygon provided to MedPAN by the General Directorate in February 2012.
1214		166884		945	Gediz Delta	Gediz Delta	Ramsar site	Ramsar site	International	Ramsar site	Site of conservation interest	Not reported	Not reported	{TUR}	{MAL}		69.67	149.0	152.91	0	46	Designated	1998	Not reported	Not reported	Inexistent		Not listed	https://rsis.ramsar.org/ris/945	Ramsar Sites Information Service	2020-07-16	Ramsar_21-04-2020
1215	1215				Gökova	Gökova	Special Environmental Protection Area (Turkey)	Özel Çevre Koruma Bölgesi	National	MPA with a national statute	Marine Protected Area	Main	IV - Habitat/species management area	{TUR}	{MAL}	820.23	819.21	1097.78	1092.49	75	75	Designated	1988	Government-delegated management	General Directorate for the Protection of Natural Assets (GDPNA - Tabiat Varlıklarını Koruma Genel Müdürlüğü)	Partially implemented		Not listed	https://ockb.csb.gov.tr/gokova-ozel-cevre-koruma-bolgesi-i-2748	Ministry of Environment and Urbanization	2012-01-02	Polygon provided to MedPAN by the General Directorate in February 2012.
1217		95399		657	Göksu Delta	Göksu Delta	Ramsar site	Ramsar site	International	Ramsar site	Site of conservation interest	Not reported	Not reported	{TUR}	{MAL}	61.68	60.19	150.0	142.71	41	42	Designated	1994	Not reported	General Directorate for the Protection of Natural Assets (GDPNA - Tabiat Varlıklarını Koruma Genel Müdürlüğü)	Inexistent		Not listed	https://rsis.ramsar.org/ris/657	Ramsar Sites Information Service	2020-07-16	Ramsar_21-04-2020
1216	1216				Göksu Deltası	Göksu Deltası	Special Environmental Protection Area (Turkey)	Özel Çevre Koruma Bölgesi	National	MPA with a national statute	Marine Protected Area	Main	IV - Habitat/species management area	{TUR}	{MAL}	80.78	77.69	228.5	228.38	35	34	Designated	1990	Not reported	General Directorate for the Protection of Natural Assets (GDPNA - Tabiat Varlıklarını Koruma Genel Müdürlüğü)	Fully implemented		Not listed	https://ockb.csb.gov.tr/goksu-deltasi-ozel-cevre-koruma-bolgesi-i-2749	Ministry of Environment and Urbanization	2012-01-02	Polygon provided to MedPAN by the General Directorate in February 2012.
1743	1743				Karaburun-Ildır Körfezi	Karaburun-Ildır Körfezi	Special Environmental Protection Area (Turkey)	Özel Çevre Koruma Bölgesi	National	MPA with a national statute	Marine Protected Area	Main	IV - Habitat/species management area	{TUR}	{MAL}		497.31	946.56	946.48	0	53	Designated	2019	Not reported	General Directorate for the Protection of Natural Assets (GDPNA - Tabiat Varlıklarını Koruma Genel Müdürlüğü)	Not reported		Not listed	https://tvk.csb.gov.tr/karaburun-ildir-korfezi-i-91579	Ministry of Environment and Urbanization	2020-10-06	Polygon provided to MedPAN by the Mediterranean Conservation Society in June 2020.
1218	1218				Kaş-Kekova	Kaş-Kekova	Special Environmental Protection Area (Turkey)	Özel Çevre Koruma Bölgesi	National	MPA with a national statute	Marine Protected Area	Main	IV - Habitat/species management area	{TUR}	{MAL}	165.91	151.75	257.83	257.92	64	59	Designated	1990	Federal or national ministry or agency	General Directorate for the Protection of Natural Assets (GDPNA - Tabiat Varlıklarını Koruma Genel Müdürlüğü)	Partially implemented		Not listed	https://ockb.csb.gov.tr/kas-kekova-ozel-cevre-koruma-bolgesi-i-2752	Ministry of Environment and Urbanization	2012-01-02	Polygon provided to MedPAN by the General Directorate in February 2012.
1219	1219				Köyceğiz-Dalyan	Köyceğiz-Dalyan	Special Environmental Protection Area (Turkey)	Özel Çevre Koruma Bölgesi	National	MPA with a national statute	Marine Protected Area	Main	IV - Habitat/species management area	{TUR}	{MAL}	40.84	34.88	461.46	461.29	9	8	Designated	1988	Not reported	General Directorate for the Protection of Natural Assets (GDPNA - Tabiat Varlıklarını Koruma Genel Müdürlüğü)	Fully implemented		Not listed	https://ockb.csb.gov.tr/koycegiz-dalyan-ozel-cevre-koruma-bolgesi-i-2753	Ministry of Environment and Urbanization	2012-01-02	Polygon provided to MedPAN by the General Directorate in February 2012.
1221	1221				Patara	Patara	Special Environmental Protection Area (Turkey)	Özel Çevre Koruma Bölgesi	National	MPA with a national statute	Marine Protected Area	Main	IV - Habitat/species management area	{TUR}	{MAL}	49.94	44.65	197.1	197.07	25	23	Designated	1990	Not reported	General Directorate for the Protection of Natural Assets (GDPNA - Tabiat Varlıklarını Koruma Genel Müdürlüğü)	Not reported		Not listed	https://ockb.csb.gov.tr/patara-ozel-cevre-koruma-bolgesi-i-2755	Ministry of Environment and Urbanization	2012-01-02	Polygon provided to MedPAN by the General Directorate in February 2012.
1223	1223				Saros Korfezi	Saros Korfezi	Special Environmental Protection Area (Turkey)	Özel Çevre Koruma Bölgesi	National	MPA with a national statute	Marine Protected Area	Main	IV - Habitat/species management area	{TUR}	{MAL}	538.34	540.76	730.2	730.13	74	74	Designated	2010	Not reported	General Directorate for the Protection of Natural Assets (GDPNA - Tabiat Varlıklarını Koruma Genel Müdürlüğü)	Not reported		Not listed	https://ockb.csb.gov.tr/saros-korfezi-ozel-cevre-koruma-bolgesi-i-2758	Ministry of Environment and Urbanization	2012-01-02	Polygon provided to MedPAN by the General Directorate in February 2012.
1224		109098		1619	Yumurtalik Lagoon	Yumurtalik Lagoon	Ramsar site	Ramsar site	International	Ramsar site	Site of conservation interest	Not reported	Not reported	{TUR}	{MAL}		99.83	198.53	198.41	0	50	Designated	2005	Not reported	General Directorate for the Protection of Natural Assets (GDPNA - Tabiat Varlıklarını Koruma Genel Müdürlüğü)	Inexistent		Not listed	https://rsis.ramsar.org/ris/1619	Ramsar Sites Information Service	2020-07-16	Ramsar_21-04-2020
1225	1225				Yumurtalık Lagünleri	Yumurtalık Lagünleri	Nature Conservation Area (Turkey)	Tabiatı Koruma Alanı	National	MPA with a national statute	Marine Protected Area	Main	Not reported	{TUR}	{MAL}	0.0	65.13	164.3	169.7	0	38	Designated	2008	Not reported	General Directorate for the Protection of Natural Assets (GDPNA - Tabiat Varlıklarını Koruma Genel Müdürlüğü)	Not reported		Not listed		Ministry of Environment and Urbanization	2014-01-11	Polygon downloaded from the General Directorate website (http://www.milliparklar.gov.tr/Files/ka.rar) in November 2014.
