Project,Id,Date of observation,Latitude,Longitude,Observer,Upload date,Edition date,Highlighted,Highlight type,Validated,Species,Photo name,Comments,Editor,Editor comments,Link,Habitat,Depth,Abundance,Covering organisms
Algues Invasores,1004050,2015-05-29,39.5812,2.349,Laura Royo Marí,2015-06-01 16:29:25+00:00,2025-10-20 12:06:16.654186+00:00,No,No destacada,Yes,Caulerpa cylindracea,10-872--20150529-caulerpa_cylindriacea_santelm.webp,Individuos más pequeños de lo normal. La foto no es muy buena porque es ya dentro del acuario donde la guardamos para estudiarla.,,Efectivamente en esta época del año los especímenes son aun de pequeño porte. ,https://www.observadoresdelmar.es/Observations/1004050,,5,2,
Algues Invasores,1004051,2015-05-29,39.5812,2.349,Laura Royo Marí,2015-06-01 16:31:03+00:00,2025-10-20 12:06:19.377989+00:00,No,No destacada,Yes,Lophocladia lallemandii,10-873--20150529-lophocladia.webp,Individuos de pequeño porte sobre buena parte de los rizomas de la pradera más exterior. Fotografía en acuario.,,Bona observació de Lophocladia a la zona de Sant Elm. ,https://www.observadoresdelmar.es/Observations/1004051,,4,2,
Algues Invasores,1004052,2015-05-29,39.5812,2.349,Laura Royo Marí,2015-06-01 16:32:14+00:00,2025-10-20 12:07:16.664143+00:00,No,No destacada,Yes,Asparagopsis taxiformis,10-874--20150529-asparagopsis_santelm_si.webp,Había un solo pie de esta especie en toda la zona de Sant Elm por la que estuvimos buceando y su coloración era muy blanquecina.,,Bona observació i molt interesant la foto de l'aquari.,https://www.observadoresdelmar.es/Observations/1004052,,5,1,
Algues Invasores,1004053,2015-05-29,39.5482,2.5993,Laura Royo Marí,2015-06-01 16:35:19+00:00,2025-10-20 12:08:22.488654+00:00,No,No destacada,Yes,Asparagopsis taxiformis,10-874--20150529-asparagopsis_taxi_calanova.webp,Sobre las rocas de la escollera exterior del puerto de Cala Nova. Más individuos a poca profundidad 0-1m. ,,"Molt bona observació ja que a aquesta localitat ja havíem vist A. taxiformis, però des de les roques. ",https://www.observadoresdelmar.es/Observations/1004053,,1,1,
Algues Invasores,1004055,2015-05-10,39.5482,2.5993,Laura Royo Marí,2015-06-01 17:26:59+00:00,2015-06-02 09:14:59+00:00,No,No destacada,Yes,Caulerpa cylindracea,,Esta especie se observaba desde la orilla y recubría las rocas de la zona más al N-E de la playa de Illetes.,,,https://www.observadoresdelmar.es/Observations/1004055,,2,2,
Algues Invasores,1004057,2014-08-02,38.9152,1.4591,Manel Royo Mayoral,2015-06-01 18:06:51+00:00,2025-10-20 12:07:12.149170+00:00,Yes,Fotografia excel·lent,Yes,Caulerpa cylindracea,10-872--20140802-img_7424.webp,"Badia de Talanamca, zona molt deforestada de posidonia",,Bona Manel! Aquesta cita de C. cylindracea a Talamanca és molt interessant ara que comencem el projecte a ODM!,https://www.observadoresdelmar.es/Observations/1004057,,3,2,
Algues Invasores,1004058,2014-03-26,39.3564,2.9163,Fiona Tomas Nash,2015-06-01 18:59:03+00:00,2025-10-20 12:06:15.706242+00:00,No,No destacada,Yes,Caulerpa cylindracea,10-872--20140326-caulerpa estanyol.webp,,,,https://www.observadoresdelmar.es/Observations/1004058,,4,2,
Algues Invasores,1004059,2011-07-15,39.2059,2.9788,Fiona Tomas Nash,2015-06-01 19:02:39+00:00,2015-06-02 09:11:58+00:00,No,No destacada,Yes,Caulerpa cylindracea,,,,,https://www.observadoresdelmar.es/Observations/1004059,,5,2,
Algues Invasores,1004060,2011-07-15,39.2059,2.9788,Fiona Tomas Nash,2015-06-01 19:03:18+00:00,2015-06-02 09:11:21+00:00,No,No destacada,Yes,Lophocladia lallemandii,,,,,https://www.observadoresdelmar.es/Observations/1004060,,5,2,
Algues Invasores,1004062,2015-06-01,41.8482,3.1135,Paula López Sendino,2015-06-03 15:19:03+00:00,2025-10-20 12:08:22.662348+00:00,Yes,Fotografia excel·lent,Yes,Asparagopsis armata,10-875--20150601-a. armata palamós paula.webp,Asparagopsis armata petitetes juntament amb ulvàcies arran de costa a Palamós,,"Molt bona fotografia! La primera observació de ""Flora Invasora"" a la península!",https://www.observadoresdelmar.es/Observations/1004062,,,2,
Algues Invasores,1004076,2014-06-05,39.8353,3.1664,Jorge Terrados,2015-06-05 16:11:55+00:00,2025-10-20 12:07:30.289797+00:00,No,No destacada,Yes,Caulerpa cylindracea,10-872--20140605-img_2319.webp,,,Observación muy interesante de C. cylindracea (antes C. racemosa) colonizando los rizomas de Posidonia en una zona de mata muerta.,https://www.observadoresdelmar.es/Observations/1004076,,3,2,
Algues Invasores,1004077,2008-08-30,39.8727,3.1551,Jorge Terrados,2015-06-05 16:15:22+00:00,2025-10-20 12:07:31.261224+00:00,No,No destacada,Yes,Acrothamnion preissii,10-879--20080830-la victoria 30 agosto 2008 062.webp,Identificado bajo la lupa.,,"Acrothamnion preissi no es una especie fácil de identificar, solamente bajo la lupa o con cierta experiencia es posible diferenciarla bien. Muy interesante para mejorar en el conocimiento de la distribución de este alga. ",https://www.observadoresdelmar.es/Observations/1004077,,8,2,
Algues Invasores,1004078,2014-09-14,39.4921,2.4654,Jorge Terrados,2015-06-05 16:22:24+00:00,2015-06-06 12:12:01+00:00,No,No destacada,Yes,Caulerpa cylindracea,,,,Observació molt interessant per al projecte!,https://www.observadoresdelmar.es/Observations/1004078,,17,1,
Algues Invasores,1004079,2014-06-12,39.4661,2.7278,Jorge Terrados,2015-06-05 16:25:15+00:00,2015-06-06 12:25:20+00:00,No,No destacada,Yes,Lophocladia lallemandii,,,,Observación muy interesante de Lophocladia en la Bahía de Palma.,https://www.observadoresdelmar.es/Observations/1004079,,8,1,
Algues Invasores,1004080,2007-06-29,39.3688,3.2323,Jorge Terrados,2015-06-05 16:29:11+00:00,2025-10-20 12:07:31.481695+00:00,Yes,Fotografia excel·lent,Yes,Caulerpa taxifolia,10-876--20070629-img_0100.webp,,,"Interesantísima observación de Caulerpa taxifolia, la primera alga invasora famosa. Esta especie en Baleares no ha sido muy dañina ya que de manera natural se ha ido retirando de las localidades que en su momento invadió como Portopetro. Con esta observación sabemos que en Junio de 2007 aun seguía en la localidad de Cala d'Or. Seguiremos investigándola!",https://www.observadoresdelmar.es/Observations/1004080,,,1,
Algues Invasores,1004081,2007-09-04,39.5862,2.3409,Jorge Terrados,2015-06-05 16:31:47+00:00,2015-06-24 16:02:23+00:00,No,No destacada,Yes,Lophocladia lallemandii,,,,,https://www.observadoresdelmar.es/Observations/1004081,,11,3,
Algues Invasores,1004082,2006-06-18,39.4923,2.4662,Jorge Terrados,2015-06-05 16:37:05+00:00,2015-06-06 11:47:49+00:00,No,No destacada,Yes,Caulerpa cylindracea,,,,Bona dada del 2006! Ens és també molt interessant tenir un registre històric per entendre millor les rutes de la invasió.,https://www.observadoresdelmar.es/Observations/1004082,,12,2,
Algues Invasores,1004083,2006-07-22,39.462,2.4707,Jorge Terrados,2015-06-05 16:41:10+00:00,2025-10-20 12:08:23.027552+00:00,No,No destacada,Yes,Lophocladia lallemandii,10-873--20060722-img_0056.webp,,,,https://www.observadoresdelmar.es/Observations/1004083,,15,3,
Algues Invasores,1004084,2006-07-22,39.462,2.4707,Jorge Terrados,2015-06-05 16:41:46+00:00,2025-10-20 12:08:23.472914+00:00,No,No destacada,Yes,Caulerpa cylindracea,10-872--20060722-img_0061.webp,,,Muy buena fotografía donde se ve a C. cylindracea (antes C. racemosa) en todo su esplendor colonizando este lecho de algas.,https://www.observadoresdelmar.es/Observations/1004084,,15,2,
Algues Invasores,1004085,2008-09-13,39.4922,2.4655,Jorge Terrados,2015-06-05 16:54:49+00:00,2025-10-20 12:07:31.902512+00:00,No,No destacada,Yes,Acrothamnion preissii,10-879--20080913-santa ponsa 13 septiembre 2008 018.webp,,,"Típic hàbitat sobre el qual s'estableix aquesta alga, els rizomes de Posidonia oceanica.",https://www.observadoresdelmar.es/Observations/1004085,,15,2,
Algues Invasores,1004086,2006-07-22,39.462,2.4707,Jorge Terrados,2015-06-05 17:05:03+00:00,2025-10-20 12:08:23.937453+00:00,No,No destacada,Yes,Lophocladia lallemandii,10-873--20060722-img_0121.webp,,,"Observación doblemente interesante por tratarse una una ""Reserva marina de la isla del Toro"" (Calvià, Mallorca). A nuestros amigos del proyecto MEDMIS-UICN seguro que también les interesará.",https://www.observadoresdelmar.es/Observations/1004086,,5,2,
Algues Invasores,1004087,2007-09-08,39.3557,2.9168,Jorge Terrados,2015-06-05 17:10:13+00:00,2025-10-20 12:07:32.279203+00:00,No,No destacada,Yes,Lophocladia lallemandii,10-873--20070908-sestanyol.webp,,,Interesante observación con una muy buena fotografía que nos deja ver cómo Lophocladia coloniza preferentemente los bordes de mata muerta de pradera de Posidonia y no el interior de la misma.,https://www.observadoresdelmar.es/Observations/1004087,,8,2,
Algues Invasores,1004088,2004-12-10,39.4721,2.5221,Jorge Terrados,2015-06-05 17:19:50+00:00,2025-10-20 12:05:13.766516+00:00,No,No destacada,Yes,Caulerpa cylindracea,10-872--20041210-pict0049.webp,,,,https://www.observadoresdelmar.es/Observations/1004088,,3,2,
Algues Invasores,1004091,2015-06-07,39.4787,3.3166,Laura Royo Marí,2015-06-08 18:05:00+00:00,2015-06-24 16:47:13+00:00,No,No destacada,Yes,Caulerpa cylindracea,,Estava a pie de orilla de mar por las rocas.,,,https://www.observadoresdelmar.es/Observations/1004091,,,1,
Algues Invasores,1004118,2014-07-15,39.1838,2.9591,Miguel McMinn,2015-06-15 17:31:59+00:00,2015-06-25 12:34:58+00:00,No,No destacada,Yes,Caulerpa cylindracea,,L'Escala Illa de Conills - recubre toda costa de la ensenada - entre la zona de salpicaduras y  -2m - No observada a más profundidad,,"Tot i que no hi hagi foto, com a bon amant de la natura i coneixedor del medi la podem validar. Cabrera n'és ple i concretament al Calo des Palangrers arriba a 0 metres. Moltes gràcies.",https://www.observadoresdelmar.es/Observations/1004118,,2,2,
Algues Invasores,1004163,2015-06-13,39.475,2.5212,LENKA JUSKANICOVA,2015-06-16 21:09:33+00:00,2025-10-20 12:08:24.272103+00:00,No,No destacada,Yes,Caulerpa cylindracea,10-872--20150613-img_0013a.webp,,,Preciosa foto! Gracias,https://www.observadoresdelmar.es/Observations/1004163,,6,1,
Algues Invasores,1004164,2014-08-03,39.536,2.3766,LENKA JUSKANICOVA,2015-06-16 21:30:38+00:00,2025-10-20 12:08:24.602005+00:00,No,No destacada,Yes,Caulerpa cylindracea,10-872--20140803-img_0013a.webp,,,"Hola Lenka, si, se trata de Caulerpa cylindracea. En la foto se aprecia un sólo fronde que parte del estolón reptante. Podrías estimar la abundancia que presentaba? Gracias por tu observación!",https://www.observadoresdelmar.es/Observations/1004164,,6,,
Algues Invasores,1004165,2014-07-28,39.536,2.3766,LENKA JUSKANICOVA,2015-06-16 21:33:03+00:00,2025-10-20 12:07:17.136183+00:00,No,No destacada,Yes,Lophocladia lallemandii,10-873--20140728-img_0494.webp,,,,https://www.observadoresdelmar.es/Observations/1004165,,12,1,
Algues Invasores,1004167,2012-12-08,39.462,2.4715,LENKA JUSKANICOVA,2015-06-17 04:20:15+00:00,2025-10-20 12:08:08.667665+00:00,Yes,Fotografia excel·lent,Yes,Caulerpa cylindracea,10-872--20121208-img_1498.webp,,,Muy buena observación. También en diciembre esta especie resiste en las Islas Baleares!,https://www.observadoresdelmar.es/Observations/1004167,,15,1,
Algues Invasores,1004168,2013-11-02,39.462,2.4715,LENKA JUSKANICOVA,2015-06-17 04:28:44+00:00,2025-10-20 12:08:16.845791+00:00,No,No destacada,Yes,Caulerpa cylindracea,10-872--20131102-img_0023.webp,,,Preciosa foto amb increible contrast de colors amb la Flabellina sobre C. cylindracea.,https://www.observadoresdelmar.es/Observations/1004168,,20,1,
Algues Invasores,1004169,2013-10-27,39.462,2.4715,LENKA JUSKANICOVA,2015-06-17 04:45:46+00:00,2025-10-20 12:08:24.777298+00:00,Yes,Fotografia excel·lent,Yes,Lophocladia lallemandii,10-873--20131027-img_0930.webp,Se trata en el origen de una foto de un opistobranquio (Hermaea cf bifida)agarrado a una rama de esta alga.En Isla de Toro este aňo ha cubierto bastante parte del fondo como una flora molesta porque no pudimos llegar a los especies de los opistobranquios que siempre buscamos.,,Boníssima fotografia en detall de la Lophocladia lallemandii. Efectivament un dels seus impactes és que redueix la riquesa d'espècies als hàbitats natius.  ,https://www.observadoresdelmar.es/Observations/1004169,,25,2,
Algues Invasores,1004172,2014-06-03,39.544,2.5963,LENKA JUSKANICOVA,2015-06-17 05:46:09+00:00,2025-10-20 12:08:25.060377+00:00,No,No destacada,Yes,Caulerpa cylindracea,10-872--20140603-img_0389.webp,,,No haviem encara detectat C. cylindracea a Cas Català! Moltes gràcies!,https://www.observadoresdelmar.es/Observations/1004172,,1,,
Algues Invasores,1004173,2015-06-17,39.475,2.5212,LENKA JUSKANICOVA,2015-06-18 05:33:33+00:00,2025-10-20 12:08:25.278842+00:00,No,No destacada,Yes,Caulerpa cylindracea,10-872--20150617-img_0013m.webp,,,"Molt bona observació, aquest espècie és ben comú a la badia de Portals. Moltes gràcies. ",https://www.observadoresdelmar.es/Observations/1004173,,2,1,
Algues Invasores,1004174,2015-06-17,39.475,2.5212,LENKA JUSKANICOVA,2015-06-18 05:35:36+00:00,2025-10-20 12:08:13.494321+00:00,No,No destacada,Yes,Caulerpa cylindracea,10-872--20150617-img_0118.webp,,,"Bonita foto de C. cylindracea, antes conocidad como C. racemosa. Es un alga de pequeño porte y gran capacidad invasiva, en el Mediterráneo.",https://www.observadoresdelmar.es/Observations/1004174,,,1,
Algues Invasores,1004175,2015-06-17,39.475,2.5212,LENKA JUSKANICOVA,2015-06-18 05:36:41+00:00,2025-10-20 12:07:33.578604+00:00,No,No destacada,Yes,Caulerpa cylindracea,10-872--20150617-img_0125a.webp,,,Bonísima la foto i nova localitat per C. cylindracea per nosaltres!,https://www.observadoresdelmar.es/Observations/1004175,,3,1,
Algues Invasores,1004176,2015-06-17,39.475,2.5212,LENKA JUSKANICOVA,2015-06-18 05:39:43+00:00,2025-10-20 12:08:17.382888+00:00,Yes,Fotografia excel·lent,Yes,Asparagopsis taxiformis,10-874--20150617-img_0098.webp,He encontrado esta ramita pegada a un erizo del mar,,Curiós transportador d'aquesta alga invasora! Bona observació d'Asparagopsis taxiformis a aigües someres.,https://www.observadoresdelmar.es/Observations/1004176,,2,1,
Algues Invasores,1004177,2015-06-17,39.475,2.5212,LENKA JUSKANICOVA,2015-06-18 05:47:43+00:00,2025-10-20 12:08:25.877977+00:00,Yes,Fotografia excel·lent,Yes,Codium fragile subsp. fragile,10-881--20150617-img_0093.webp,Lo he encontrado en 2 m de la profundidad como 6 montones creciendo en la cora distancia.,,"Hola Lenka, efectivamente, el codium crece formando una especie de árbol muy espeso. Esta alga, al igual que muchas otras, alberga una gran cantidad de fauna que tansolo es visible con una lupa. Gracias por la observación.



Un saludo, Laura A.",https://www.observadoresdelmar.es/Observations/1004177,,,1,
Algues Invasores,1004198,2015-06-20,39.462,2.4715,LENKA JUSKANICOVA,2015-06-22 05:38:05+00:00,2025-10-20 12:08:26.353626+00:00,Yes,Fotografia excel·lent,Yes,Caulerpa cylindracea,10-872--20150620-img_0031.webp,,,Interesante observación por encontrarse en la Reserva Marina de la Isla del Toro. En la imagen se puede ver como uno de los ramuli se ha desprendido pudiéndo dar lugar a otro individuo viable. ,https://www.observadoresdelmar.es/Observations/1004198,,10,2,
Algues Invasores,1004199,2015-06-20,39.462,2.4715,LENKA JUSKANICOVA,2015-06-22 05:48:45+00:00,2025-10-20 12:08:26.819380+00:00,No,No destacada,Yes,Caulerpa cylindracea,10-872--20150620-img_0041.webp,Estava crecido desde la esponja  Crambe crambe.,,"Preciosísima imagen de Caulerpa cylindracea sobre esta esponja. Tan espectacular la belleza de la foto como el carácter invasor del alga (segun la UICN, una de las 100 especies más invasoras más dañinas del mundo) ",https://www.observadoresdelmar.es/Observations/1004199,,16,2,
Algues Invasores,1004216,2015-06-25,39.5286,2.4392,Carolina Vidal,2015-06-26 10:22:03+00:00,2025-10-20 12:07:38.498069+00:00,No,No destacada,Yes,Asparagopsis taxiformis,10-874--20150625-img_0450.webp,,,Bon exemplar d'Asparagopsis. Gràcies per l'observació!,https://www.observadoresdelmar.es/Observations/1004216,,15,1,
Algues Invasores,1004219,2015-06-21,39.4615,2.4715,Andrés Suárez,2015-06-26 21:39:01+00:00,2025-10-20 12:08:27.190503+00:00,No,No destacada,Yes,Caulerpa cylindracea,10-872--20150621-dsc04533.webp,,,Observació extra-interessant de la C. cylindracea per haver estat vista a la Reserva del Toro.,https://www.observadoresdelmar.es/Observations/1004219,,18,1,
Algues Invasores,1004220,2015-06-24,39.496,2.448,Andrés Suárez,2015-06-26 21:49:04+00:00,2025-10-20 12:08:19.455508+00:00,Yes,Fotografia excel·lent,Yes,Caulerpa cylindracea,10-872--20150624-dsc04592.webp,,,¡Buena observación! Podemos ver como Caulerpa cylindracea puede crecer tanto sobre otras algas como sobre esponjas.,https://www.observadoresdelmar.es/Observations/1004220,,10,1,
Algues Invasores,1004232,2015-06-28,39.486,2.5331,LENKA JUSKANICOVA,2015-06-29 02:50:22+00:00,2025-10-20 12:08:19.956754+00:00,No,No destacada,Yes,Caulerpa cylindracea,10-872--20150628-img_0144a.webp,,,"Muchas graciaspor esta observación, además de bonita imagen.",https://www.observadoresdelmar.es/Observations/1004232,,,1,
Algues Invasores,1004244,2015-06-26,39.462,2.4715,LENKA JUSKANICOVA,2015-06-30 04:31:22+00:00,2025-10-20 12:07:34.880025+00:00,No,No destacada,Yes,Caulerpa cylindracea,10-872--20150626-img_0012.webp,,,,https://www.observadoresdelmar.es/Observations/1004244,,42,1,
Algues Invasores,1004245,2015-06-26,39.462,2.4715,LENKA JUSKANICOVA,2015-06-30 04:35:22+00:00,2025-10-20 12:08:27.742269+00:00,No,No destacada,Yes,Lophocladia lallemandii,10-873--20150626-img_0039a.webp,Asi se empiezan ver unos pequeňos islas de esta alga por el todo el fondo de la reserva.,,"Bonita foto de Lophocladia con sus tonalidades rojas. A menudo, cuando crece a menos profundidad puede tener un color menos intenso. ",https://www.observadoresdelmar.es/Observations/1004245,,25,2,
Algues Invasores,1004246,2015-06-26,39.462,2.4715,LENKA JUSKANICOVA,2015-06-30 04:37:10+00:00,2025-10-20 12:08:28.149125+00:00,No,No destacada,Yes,Lophocladia lallemandii,10-873--20150626-img_0045a.webp,,,Amb aquest macro es pot observar la morfología de L. lallemandii amb molt detall.,https://www.observadoresdelmar.es/Observations/1004246,,20,2,
Algues Invasores,1004247,2015-06-26,39.462,2.4715,LENKA JUSKANICOVA,2015-06-30 04:38:54+00:00,2025-10-20 12:08:28.692298+00:00,No,No destacada,Yes,Asparagopsis taxiformis,10-874--20150626-img_0049m.webp,,,"Frondosa mata d'A. taxiformis. Originària de l'oest d'Austràlia, ara invasora a zones d'Andalusia, Murcia, València i Balears.",https://www.observadoresdelmar.es/Observations/1004247,,15,2,
Algues Invasores,1004248,2015-06-26,39.462,2.4715,LENKA JUSKANICOVA,2015-06-30 04:40:41+00:00,2025-10-20 12:07:44.973268+00:00,No,No destacada,Yes,Caulerpa cylindracea,10-872--20150626-img_0051m.webp,,,,https://www.observadoresdelmar.es/Observations/1004248,,10,2,
Algues Invasores,1004249,2015-06-26,39.462,2.4715,LENKA JUSKANICOVA,2015-06-30 04:47:14+00:00,2025-10-20 12:07:56.500535+00:00,No,No destacada,Yes,Caulerpa cylindracea,10-872--20150626-img_0053.webp,,,,https://www.observadoresdelmar.es/Observations/1004249,,7,2,
Algues Invasores,1004250,2015-06-27,39.462,2.4715,LENKA JUSKANICOVA,2015-06-30 04:54:27+00:00,2025-10-20 12:08:05.188418+00:00,No,No destacada,Yes,Caulerpa cylindracea,10-872--20150627-img_0074.webp,,,¡Bonita foto!,https://www.observadoresdelmar.es/Observations/1004250,,10,2,
Algues Invasores,1004251,2015-06-27,39.462,2.4715,LENKA JUSKANICOVA,2015-06-30 04:56:35+00:00,2025-10-20 12:08:29.251752+00:00,No,No destacada,Yes,Caulerpa cylindracea,10-872--20150627-img_0077m.webp,,,"Gracias por esta foto. Aquí podemos ver como Caulerpa cylindracea no solamente puede crecer sobre otras algas, sino que a veces crece sobre invertebrados, aquí vemo un inicio de colonización sobre un briozo.",https://www.observadoresdelmar.es/Observations/1004251,,10,2,
Algues Invasores,1004252,2015-06-27,39.462,2.4715,LENKA JUSKANICOVA,2015-06-30 04:58:29+00:00,2025-10-20 12:08:29.526221+00:00,No,No destacada,Yes,Asparagopsis taxiformis,10-873--20150627-img_0105.webp,,,"Hola Lenka, no vemos claro que esta foto sea de Lophocladia, es una especie difícil de identificar. Más bien parece Asparagopsis, aunque no se ve bien",https://www.observadoresdelmar.es/Observations/1004252,,10,1,
Algues Invasores,1004258,2015-06-27,39.462,2.4715,LENKA JUSKANICOVA,2015-06-30 05:37:40+00:00,2025-10-20 12:08:29.894936+00:00,Yes,Fotografia excel·lent,Yes,Lophocladia lallemandii,10-873--20150627-img_0279m.webp,la alga cubre la concha de Pinna rudis,,"Excelente ejemplo de como Lophocladia lallemandii puede colonizar múltiples hábitats y especies, y puede tener efectos negativos en organismos filtradores, como Pinna.",https://www.observadoresdelmar.es/Observations/1004258,,6,2,
Algues Invasores,1004260,2015-06-27,39.462,2.4715,LENKA JUSKANICOVA,2015-06-30 05:50:17+00:00,2025-10-20 12:08:30.379102+00:00,No,No destacada,Yes,Caulerpa cylindracea,10-872--20150627-img_0205.webp,,,,https://www.observadoresdelmar.es/Observations/1004260,,4,1,
Algues Invasores,1004262,2015-06-29,39.4623,2.5197,Jorge Terrados,2015-06-30 11:43:32+00:00,2015-06-30 11:51:36+00:00,No,No destacada,Yes,Caulerpa cylindracea,,,,,https://www.observadoresdelmar.es/Observations/1004262,,3,1,
Algues Invasores,1004276,2015-06-30,39.462,2.4715,LENKA JUSKANICOVA,2015-07-03 05:13:06+00:00,2025-10-20 12:08:30.755382+00:00,Yes,Fotografia excel·lent,Yes,Caulerpa cylindracea,10-872--20150630-img_0016m.webp,,,Gracias! Efectivamente Caulerpa cylindracea es una especie capaz de crecer en un amplio rango de profundidades. ,https://www.observadoresdelmar.es/Observations/1004276,,40,1,
Algues Invasores,1004281,2015-06-30,39.462,2.4715,LENKA JUSKANICOVA,2015-07-03 05:27:46+00:00,2025-10-20 12:08:31.172115+00:00,No,No destacada,Yes,Caulerpa cylindracea,10-872--20150630-img_0089.webp,,,Gracias!! Cuantas observaciones!! ,https://www.observadoresdelmar.es/Observations/1004281,,6,2,
Algues Invasores,1004299,2015-07-06,39.92,3.0604,LENKA JUSKANICOVA,2015-07-07 06:17:02+00:00,2025-10-20 12:08:31.351558+00:00,No,No destacada,Yes,Caulerpa cylindracea,10-872--20150706-img_0148m.webp,,,,https://www.observadoresdelmar.es/Observations/1004299,,4,1,
Algues Invasores,1004300,2015-07-06,40.0525,3.987,Lali Orfila Camps,2015-07-07 16:18:21+00:00,2019-03-22 11:06:04+00:00,No,No destacada,No,Caulerpa cylindracea,,"Observada a la cala de Es Alocs  de Ferreries, hi havia poca abundància on principalment vaig observar els estolons. No vaig poder fer foto però estic segura que estractava d'aquesta 



Le vist abans estudiant el grau de biologia, anava amb una companya també biològa i vam coincidir de que es tractava d'aquesta espècie.",,"Hola de nou Lali, em pots dir on l'havies vist abans quan estudiaves el grau de Biologia? A Balears?

Gracis de nou





Hola Lali, gràcies per la teva observació. 

Com que no has posat foto, assumeixo que has vist aquesta espècie en algun altre lloc abans?

Gràcies!",https://www.observadoresdelmar.es/Observations/1004300,,2,1,
Algues Invasores,1004353,2015-07-12,39.3714,3.2345,Jorge Terrados,2015-07-14 17:18:59+00:00,2015-07-14 17:27:00+00:00,No,No destacada,Yes,Caulerpa cylindracea,,También sobre roca con algas fotófilas,,,https://www.observadoresdelmar.es/Observations/1004353,,13,2,
Algues Invasores,1004354,2015-07-12,39.3714,3.2345,Jorge Terrados,2015-07-14 17:20:00+00:00,2015-07-14 17:27:30+00:00,No,No destacada,Yes,Lophocladia lallemandii,,,,,https://www.observadoresdelmar.es/Observations/1004354,,13,2,
Algues Invasores,1004355,2015-07-12,39.3714,3.2345,Jorge Terrados,2015-07-14 17:20:45+00:00,2015-07-14 17:26:43+00:00,No,No destacada,Yes,Acrothamnion preissii,,,,,https://www.observadoresdelmar.es/Observations/1004355,,13,2,
Algues Invasores,1004356,2015-05-29,39.5811,2.3482,Jorge Terrados,2015-07-14 17:38:51+00:00,2015-07-14 17:39:44+00:00,No,No destacada,Yes,Acrothamnion preissii,,,,,https://www.observadoresdelmar.es/Observations/1004356,,4,,
Algues Invasores,1004365,2015-07-16,39.4817,2.7313,Raquel Vaquer Sunyer,2015-07-17 11:43:10+00:00,2016-06-25 12:05:22+00:00,No,No destacada,Yes,Caulerpa cylindracea,,"No tenc fotografia, però estic segura de l'espècie. Sóc ecòloga marina. La localitat concreta és el Caló de les Lleonardes.",,"Moltes gràcies per fer-nos arribar la teva observació, els detalls de la localitat i la descripció de la mateixa a falta de fotografia.",https://www.observadoresdelmar.es/Observations/1004365,,3,2,
Algues Invasores,1004368,2015-07-19,39.5316,2.5794,Jorge Terrados,2015-07-20 12:18:27+00:00,2015-07-20 12:21:25+00:00,No,No destacada,Yes,Lophocladia lallemandii,,,,,https://www.observadoresdelmar.es/Observations/1004368,,1,2,
Algues Invasores,1004369,2015-07-19,39.5323,2.5792,Jorge Terrados,2015-07-20 12:19:49+00:00,2015-07-20 12:20:48+00:00,No,No destacada,Yes,Caulerpa cylindracea,,,,,https://www.observadoresdelmar.es/Observations/1004369,,1,2,
Algues Invasores,1004371,2015-07-14,39.5324,2.5897,Natalia Martín,2015-07-20 18:48:28+00:00,2015-07-20 21:17:12+00:00,No,No destacada,Yes,Caulerpa cylindracea,,,,,https://www.observadoresdelmar.es/Observations/1004371,,1,2,
Algues Invasores,1004377,2015-07-12,39.848,4.306,Begoña Oquiñena Smith,2015-07-21 17:40:28+00:00,2025-10-20 12:08:31.677663+00:00,No,No destacada,Yes,Asparagopsis taxiformis,10-875--20150712-p1120570 asparagopsis taxiformis.webp,"Vaig agafar mostres d'aquesta zona i crec que és A.taxiformis, ja que no he vist cap mena de ganxos. Em sap greu sa foto es molt dolenta",,"Moltes gràcies, després d'haver establert contacte directe ja podem estar segures de que és A. taxiformis, ja que no tenia les branques en forma de ganxos.",https://www.observadoresdelmar.es/Observations/1004377,,2,2,
Algues Invasores,1004378,2015-07-17,39.8718,4.3138,Begoña Oquiñena Smith,2015-07-21 17:51:06+00:00,2025-10-20 12:07:13.068792+00:00,No,No destacada,No,Asparagopsis armata,10-875--20150717-dscn0239 asparagopsis.webp,"A la foto surt nomes una branqueta pero hi havia bastant mes per la zona

Es devora altres algues pero no es veu be si les recobreix







",Fiona Tomas Nash,"Hola Begoña. La foto està una mica desenfocada i jo no veig la ""branca"" que la caracteritzaria com a A. armata enlloc de A. taxiformis. Tens alguna altra foto? Gracis!!! Bona feina!!!",https://www.observadoresdelmar.es/Observations/1004378,,3,2,
Algues Invasores,1004383,2015-07-23,41.1938,1.6514,Pablo  Ruiz ,2015-07-23 15:16:31+00:00,2025-10-20 12:08:31.826254+00:00,Yes,Fotografia excel·lent,Yes,Caulerpa cylindracea,10-872--20150723-detalle.webp,en zona interior de espigón de la entrada de agua a la Termica de Cubelles.,,"Interessant observació! Primera observació dins del projecte de Caulerpa cylindracea a la costa catalana. Aquesta espècie sembla ser bastant tolerant a elevades temperatures, així que segurament les aigues càlides de la central tèrmica la puguin afavorir. ",https://www.observadoresdelmar.es/Observations/1004383,,,3,
Algues Invasores,1004391,2014-07-07,39.8717,4.3023,Begoña Oquiñena Smith,2015-07-26 14:06:49+00:00,2025-10-20 12:08:32.318390+00:00,No,No destacada,Yes,,10-99999--20140707-dscn0042 rissoela.webp,"No n'estic segura que sigui rissoella, l'he vista molt poques vegades",,"Hola Begoña.

La foto es veu borrosa, així que em costa identificar, però sí que té pinta de Rissoella verruculosa!",https://www.observadoresdelmar.es/Observations/1004391,,,1,
Algues Invasores,1004392,2015-07-13,39.8717,4.3023,Begoña Oquiñena Smith,2015-07-26 14:18:02+00:00,2025-10-20 12:08:32.819039+00:00,No,No destacada,Yes,,10-99999--20150713-040 alga.webp,"





Aquesta alga no l'havia vista mai fins l'any passat (2014), ara l'he trobada a la zona pero en un altre punt que abans no hi era. Esta rodejada d'organismes (esponges, vogamari petit, altres algues,..) pero no es veu si els cobreix. Ho comprobare in situ









",,"Hola Begoña. Gràcies per la teva observació.

Aquesta espècies no és una alga invasora, sino que es tracta d'una alga nativa, crec que és Valonia utricularis. És una alga comú que es troba present tot l'any i pot estar creixent sobre roca o sobre altres organismes. Es més aviat característica de hàbitats superficials ombrívols i exposats a ones.",https://www.observadoresdelmar.es/Observations/1004392,,2,1,
Algues Invasores,1004584,2015-09-05,38.9165,1.4929,Maria Soledad Torres Martín,2015-09-09 10:23:52+00:00,2025-10-20 12:08:32.859881+00:00,No,No destacada,Yes,Caulerpa cylindracea,10-872--20150905-cauleropa_rac_rocallisa.webp,"Trovada al Lladó sud, sobre una xarxa abandonada",,"Moltíssimes gràcies, interessant observació de C. cylindracea als illots Lladó. Quan l'alga s'enganxa a xarxes de pescar i/o ancles és una de les maneres més freqüents per les quals d'expandeix (se l'anomena vector secundari d'introducció).",https://www.observadoresdelmar.es/Observations/1004584,,15,1,
Algues Invasores,1004587,2015-08-15,39.472,2.5222,Laura Royo Marí,2015-09-10 10:24:50+00:00,2025-10-20 12:08:01.755404+00:00,No,No destacada,Yes,Caulerpa cylindracea,10-872--20150815-att_1441872159891_20150813_134705.webp,,,,https://www.observadoresdelmar.es/Observations/1004587,,,1,
Algues Invasores,1004600,2013-10-15,39.0356,1.6096,Simón  Vila Font,2015-09-13 11:45:45+00:00,2025-10-20 12:08:33.646258+00:00,No,No destacada,Yes,Caulerpa cylindracea,10-872--20131015-_mg_5496.webp,No coneixia aquest projecte i la foto està feta ja fa temps per tant hi ha unes quantes dades que no recordo o que no em surten als metadatos de les fotos. ,,"Quina foto més encertada i preciosa, Simon. Moltes gràcies per rebuscar al teu arxiu de fotografies. No passis pena, una observació amb localitat, data i fotografia és el mínim que demanem. ",https://www.observadoresdelmar.es/Observations/1004600,,7,,
Algues Invasores,1004601,2012-05-05,39.1002,1.5521,Simón  Vila Font,2015-09-13 12:10:41+00:00,2025-10-20 12:08:34.093724+00:00,No,No destacada,Yes,Asparagopsis taxiformis,10-875--20131015----- 033.webp,"Aquesta alga es pot veure abundantment per tot el nord d' Eivissa, la foto que he enviat ja es vella, per ensenyar-vos que ja fa temps que es habitual veure-les",,"Hola Simon, moltes gràcies per seguir entrant dades al subprojecte de Flora invasora. Segons podem veure a la foto, aquesta espècie es efectivament Asparagopsis, pero no armata, sino taxiformis, ja que no se li poden veure les característiques branques en forma d'arpó. De moment A. armata la trobem a aigües més fredes, per Catalunya. Podria arribar també a aigües balears, així que caldrà posar-hi un bon ULL!! Gràcies.",https://www.observadoresdelmar.es/Observations/1004601,,10,2,
Algues Invasores,1004608,2015-09-10,38.8906,1.2227,Marta y Noctiluca velero ,2015-09-14 19:24:09+00:00,2025-10-20 12:07:33.607516+00:00,No,No destacada,Yes,Lophocladia lallemandii,"10-873--20150910-lophocladia lallemandii, cala d.hort.webp",Lophocladia sobre la pradera y en clarianas de Posidonia oceanica,,Muchas gracias por esta imagen! Se puede observar como L. lallemandii recubre las hojas de P. oceanica. Con esta mar tirarse al agua es de valientes!,https://www.observadoresdelmar.es/Observations/1004608,,1,2,
Algues Invasores,1004619,2015-09-15,39.0997,1.4991,Laura Royo Marí,2015-09-17 17:04:01+00:00,2025-10-20 12:07:55.346116+00:00,No,No destacada,Yes,Lophocladia lallemandii,10-873--20150915-20150915_152245.webp,Algues trobades a les casetes de pescadors de Xarraca (Eivissa).,,,https://www.observadoresdelmar.es/Observations/1004619,,,2,
Algues Invasores,1004622,2015-09-01,38.8706,1.4048,Neus Sagristà Balanzat,2015-09-20 22:25:57+00:00,2015-09-24 18:51:55+00:00,No,No destacada,Yes,Caulerpa cylindracea,,"Alga de molt fàcil reconeixement, no es pot confondre amb cap altre i a més és molt abundant i fàcil de distingir",,"Moltes gràcies Neus, realment aquesta Caulerpa no té confusió!! Si la propera vegada que veus una invasora, en pots arrancar un trosset i fer-li una foto a la superfície amb una mica d'aigua, ens serà molt i molt útil. Gràcies igualment!",https://www.observadoresdelmar.es/Observations/1004622,,,2,
Algues Invasores,1004623,2014-08-17,38.8706,1.4048,Neus Sagristà Balanzat,2015-09-20 22:28:33+00:00,2015-09-20 22:28:33+00:00,No,No destacada,No,Caulerpa cylindracea,,"Estic totalment segura que és C.cylindracea, recobreix gairebé per complet una enclotxa d'uns 20-30 cm de llargada. A l'estiu de 2015, aquesta enclotxa ja no hi és",,,https://www.observadoresdelmar.es/Observations/1004623,,2,2,
Algues Invasores,1004624,2015-09-09,38.9582,1.215,Neus Sagristà Balanzat,2015-09-20 22:33:01+00:00,2015-09-29 20:17:54+00:00,No,No destacada,No,Lophocladia lallemandii,,Totalment segura que és L.lallemandi,,"Hola Neus, moltes gràcies per entrat la observació. Llàstima de la foto, sempre és interessant veure-la. Ja havies vist abans L. llamendii, doncs? Vas estar a cap dels tallers que vam fer a Eivissa?",https://www.observadoresdelmar.es/Observations/1004624,,2,2,
Algues Invasores,1004630,2015-09-19,39.3252,2.9848,Lupe Suárez Garcés,2015-09-25 13:23:44+00:00,2025-10-20 12:05:19.439241+00:00,No,No destacada,Yes,Caulerpa cylindracea,10-872--20150919-caulerpa cylindracea.webp,També hábitat Roca,,"Bona observació Lupe, efectivament es tracta de C. cylindracea, coneguda abans com C. racemosa. Moltes gràcies pels detalls de la observació que has inclòs!",https://www.observadoresdelmar.es/Observations/1004630,,,2,
Algues Invasores,1004633,2008-08-18,39.0035,1.2923,Neus Sagristà Balanzat,2015-09-29 20:27:54+00:00,2025-10-20 12:08:34.517281+00:00,No,No destacada,Yes,Lophocladia lallemandii,10-873--20080818-cimg0506.webp,"Aquesta foto la vaig prendre a l'estiu de 2008 (el dia me l'he inventat, no el recordo). Sempre havia pensat que era L.Lallemandii, ara en dubto. W.setacea? Ho deixo a la vostra expertesa!Gràcies",,"Gràcies Neus pel feedback. efectivament es tracta de L.lallemandii amb molt bona coloració roig-rosada. Aquesta alga tot i ser vermella com la W. setacea no es pot confondre, ja que la W. setacea forma un turf de 1-3 cm d'alt recobrint roca o rizomes de fanerògames i en general està a més profunditat de la que marques. L. lallemandii forma aquestes catifes de forma cotonosa i a vegades molt extenses, com la que mostres a la fotografia. ",https://www.observadoresdelmar.es/Observations/1004633,,6,3,
Algues Invasores,1004640,2015-09-25,38.872,1.4059,Raül Luna,2015-10-02 11:00:02+00:00,2025-10-20 12:07:33.656108+00:00,Yes,Fotografia excel·lent,Yes,Caulerpa cylindracea,10-872--20150925-p9250373.webp,"Praderies poc profundes de Cymodocea nodosa, Caulerpa prolifera i Posidonia oceanica",,"Primera observació de C. cylindracea sobre praderies de Cymodocea nodosa! La presència d'aquesta alga invasora en redueix la densitat de feixos, entre d'atres. Gràcies!",https://www.observadoresdelmar.es/Observations/1004640,,1,2,
Algues Invasores,1004641,2015-09-28,38.9152,1.4538,Raül Luna,2015-10-02 11:05:25+00:00,2015-10-06 18:38:01+00:00,No,No destacada,Yes,Caulerpa cylindracea,,"Sobre escull de posidonia de Talamanca, al costat de praderies de Cymodocea nodosa",,"Bona observació a Talamanca, una badia molt impactada amb àncores, emissaris, etc. ",https://www.observadoresdelmar.es/Observations/1004641,,,,
Algues Invasores,1004642,2015-10-02,39.45,3.27,Servane Daniel ,2015-10-02 12:07:53+00:00,2025-10-20 12:08:34.960894+00:00,No,No destacada,Yes,Asparagopsis taxiformis,10-874--20151002-p9260277.webp,,,"Muchas gracias por esta nueva observación de A. taxiformis! Primera para la costa E de Mallorca. Un alga extendida por las islas, aunque aún no se ahn estudiado en profundidad sus impactos en las comunidades baleares.",https://www.observadoresdelmar.es/Observations/1004642,,6,2,
Algues Invasores,1004643,2015-10-02,39.45,3.27,Servane Daniel ,2015-10-02 12:31:30+00:00,2025-10-20 12:08:35.400484+00:00,No,No destacada,Yes,Asparagopsis taxiformis,10-874--20151002-p9260277.webp,,,Preciosa fotografía. ¡Gracias!,https://www.observadoresdelmar.es/Observations/1004643,,8,2,
Algues Invasores,1004645,2015-10-02,39.45,3.27,Servane Daniel ,2015-10-02 12:52:38+00:00,2025-10-20 12:08:36.222518+00:00,No,No destacada,Yes,,10-99999--20151002-p9210241.webp,This algae is spreading much throughout the summer. It grows on rocks over other algaes. It develops especially on rocks exposed to the south.,,"It is not easy to identify with a landscape image, but we think that this algae assemblage could be Derbesia tenuissima or Derbesia marina. This species appears in high nutrient conditions. We are aware of the spread of a Derbesia sp. during this warm summer in Eastern Mallorca's costal waters. There are 2 introduced Derbesia species, but its distribution is quite local. So, D. marina or D. tenuissima are a big possibility!",https://www.observadoresdelmar.es/Observations/1004645,,6,3,
Algues Invasores,1004659,2015-10-03,39.486,2.477,LENKA JUSKANICOVA,2015-10-05 04:23:17+00:00,2025-10-20 12:08:36.669547+00:00,No,No destacada,Yes,Caulerpa cylindracea,10-872--20151003-img_0067m.webp,"Me he sorprendido que esta alga estava creciendo desde la esponja Sarcotragus foetidus.

",,"Preciosa imágen además de ser muy informativa de lo que C. cylindracea puede hacer a esta esponja. En 6 meses una esponja de este género (S. spinosulus) puede acabar muriendo ahogada, recubierta por los frondes de este alga invasora que se meten por sus ósculos impidiendo su principal fuente nutritiva que es la filtración. Más información sobre en Zuljevic et al. (2011) en la revista Biological invasions.",https://www.observadoresdelmar.es/Observations/1004659,,6,1,
Algues Invasores,1004697,2015-10-09,39.5313,2.3672,Jorge Terrados,2015-10-13 10:02:29+00:00,2015-10-13 13:42:12+00:00,No,No destacada,Yes,Caulerpa cylindracea,,,,"Profunda observació de C. cylindracea, 37m! Tot i que es ditribueix normalment de 0 a 50m, també se l'ha trobada a 70m. Per ser una alga verda té un rang de profunditat especialment ampli, segurament una de les característiques que la fa bona invasora!",https://www.observadoresdelmar.es/Observations/1004697,,37,3,
Algues Invasores,1004698,2015-10-09,39.5313,2.3672,Jorge Terrados,2015-10-13 10:03:40+00:00,2015-10-13 13:21:56+00:00,No,No destacada,Yes,Asparagopsis taxiformis,,,,"Asparagopsis taxiformis,una especie que ya es invasora en zonas de Andalucía, Murcia, Valencia y Baleares y siempre sobre roca. ",https://www.observadoresdelmar.es/Observations/1004698,,15,1,
Algues Invasores,1004739,2015-10-24,39.102,1.5079,Neus Sagristà Balanzat,2015-11-08 17:00:59+00:00,2015-11-08 17:00:59+00:00,No,No destacada,No,Lophocladia lallemandii,,,,,https://www.observadoresdelmar.es/Observations/1004739,,,,
Algues Invasores,1004744,2015-10-04,38.8727,1.4048,Joana M.  Soler Brunet,2015-11-09 18:21:16+00:00,2025-10-20 12:08:37.151165+00:00,No,No destacada,Yes,Caulerpa cylindracea,10-872--20151004-caulerpa racemosa 2015 10 04.webp,,,"Bona observació, especialment interessant per trobar-se al marge del PN de Ses SaLines d'Eivissa i Formentera. Aquesta espècie es va observar per primera vegada a Libia l'any 1990 i en alguns casos està canviant severament les comunitats vegetals autòctones. ",https://www.observadoresdelmar.es/Observations/1004744,,1,,
Algues Invasores,1004793,2015-11-13,41.1973,1.6729,Pablo  Ruiz ,2015-11-15 19:26:18+00:00,2025-10-20 12:08:37.273733+00:00,No,No destacada,Yes,Caulerpa cylindracea,10-872--20151113-img_3369.webp,La colonia abarca una superficie de unos dos metros cuadrados aproximadamente.,,"Muy bien, estos individuos de C. cylindracea tienen un tamaño considerable por esta profundidad y época del año. Muchas gracias Pablo!",https://www.observadoresdelmar.es/Observations/1004793,,,2,
Algues Invasores,1004798,2015-11-18,39.9508,4.2684,Laura Royo Marí,2015-11-18 19:42:37+00:00,2025-10-20 12:06:28.814194+00:00,No,No destacada,Yes,Caulerpa cylindracea,10-872--20151118-img-20151118-wa0000.webp,Al mollet d'Es Grau. ,,Aquesta C. cylindracea està ben grossa per aquesta època de l'any i profunditat!,https://www.observadoresdelmar.es/Observations/1004798,,2,2,
Algues Invasores,1004827,2015-07-23,39.1443,2.9357,Marc Ayats Plana,2015-12-10 11:58:03+00:00,2025-10-20 12:08:37.360589+00:00,No,No destacada,Yes,Caulerpa cylindracea,10-872--20150723-img-20150723-wa0002.webp,,,Les observacions de flora invasora als espais naturals protegits són especialment valuoses per la posibilitat de replicar el seguiment per part de grups d'investigació i/o personal del parc. Gràcies voluntaris ambientals de Creu Roja.,https://www.observadoresdelmar.es/Observations/1004827,,1,1,
Algues Invasores,1004828,2015-08-20,39.1443,2.9357,Marc Ayats Plana,2015-12-10 11:59:01+00:00,2015-12-10 18:26:36+00:00,No,No destacada,Yes,Caulerpa cylindracea,,"Gràcies a la formació presencial d'""Ojo a las invasoras"" a l'equip de voluntaris ambientals de Creu Roja, s'ahn pogut formar a observadors, que en aquest cas per anar en kayac no han pogut agafar una mostra, però poden identificar-la sense problema.",,Gràcies Creu Roja!,https://www.observadoresdelmar.es/Observations/1004828,,,1,
Algues Invasores,1004829,2015-08-12,39.496,2.7433,Marc Ayats Plana,2015-12-10 12:07:12+00:00,2015-12-10 18:26:02+00:00,No,No destacada,Yes,Caulerpa cylindracea,,"Gràcies a la formació presencial d'""Ojo a las invasoras"" a l'equip de voluntaris ambientals de Creu Roja, s'ahn pogut formar a observadors, que en aquest cas per anar en kayac no han pogut agafar una mostra, però poden identificar-la sense problema.",,Gràcies Creu Roja!,https://www.observadoresdelmar.es/Observations/1004829,,1,1,
Algues Invasores,1004843,2010-08-21,39.116,1.5282,Juan José Enseñat Pons,2015-12-12 15:21:25+00:00,2025-10-20 12:08:37.770225+00:00,No,No destacada,Yes,Lophocladia lallemandii,10-873--20100821-img_0117.webp,,,"Efectivament, a més a més aquesta observació està feta ben a prop d'allà on es va citar Lophocladia lallemandii per primera vegada a les Illes Balears.",https://www.observadoresdelmar.es/Observations/1004843,,5,3,
Algues Invasores,1004844,2010-08-21,39.116,1.5282,Juan José Enseñat Pons,2015-12-12 15:23:48+00:00,2025-10-20 12:07:34.027890+00:00,No,No destacada,Yes,Lophocladia lallemandii,10-873--20100821-img_0086.webp,,,"A aquesta imatge es pot veure molt bé la textura cotonosa i a vegades amb forma de ""ponpon"" de Lophocladia lallemandii i el seu color variable de vermell-rosat a blanquinós.",https://www.observadoresdelmar.es/Observations/1004844,,5,3,
Algues Invasores,1004845,2010-08-21,39.116,1.5282,Juan José Enseñat Pons,2015-12-12 15:25:23+00:00,2025-10-20 12:08:33.243522+00:00,No,No destacada,Yes,Lophocladia lallemandii,10-873--20100821-img_0081.webp,,,No hi ha dubte que Lophocladia lallemandii ha canviat el pasisatge submarí de com el coneixíem :((,https://www.observadoresdelmar.es/Observations/1004845,,5,2,
Algues Invasores,1004846,2010-08-21,39.116,1.5282,Juan José Enseñat Pons,2015-12-12 15:27:09+00:00,2025-10-20 12:08:38.169123+00:00,No,No destacada,Yes,Lophocladia lallemandii,10-873--20100821-img_0116.webp,,,"Sense dubte, Lophocladia lallemandii té una presència dominant a molts fons marins balears a la temporada d'estiu-tardor.",https://www.observadoresdelmar.es/Observations/1004846,,5,3,
Algues Invasores,1004847,2010-08-21,39.116,1.5282,Juan José Enseñat Pons,2015-12-12 15:33:49+00:00,2025-10-20 12:08:38.504386+00:00,No,No destacada,Yes,Lophocladia lallemandii,10-873--20100821-img_0114.webp,,,"Lophocladia lallemandii ja està tan extesa que a Eivissa ja té nom comú ""peluchín""!",https://www.observadoresdelmar.es/Observations/1004847,,5,2,
Algues Invasores,1004848,2010-08-21,39.116,1.5282,Juan José Enseñat Pons,2015-12-12 15:37:43+00:00,2025-10-20 12:08:18.491598+00:00,No,No destacada,Yes,Lophocladia lallemandii,10-873--20100821-img_0120.webp,,,Lophocladia lallemandii sobre substrat de roques i sobre algues. Desafortunadament ben comú pels nostres mars!,https://www.observadoresdelmar.es/Observations/1004848,,5,3,
Algues Invasores,1004849,2010-09-04,39.462,2.4706,Juan José Enseñat Pons,2015-12-12 15:48:32+00:00,2025-10-20 12:08:38.937614+00:00,No,No destacada,Yes,Lophocladia lallemandii,10-873--20100904-img_0165.webp,,,Lophocladia l'alga vermella reina de l'estiu a les nostres costes Balears. Moltes gràcies per l'observació!,https://www.observadoresdelmar.es/Observations/1004849,,10,2,
Algues Invasores,1004850,2011-09-17,39.536,2.3765,Juan José Enseñat Pons,2015-12-12 15:57:28+00:00,2025-10-20 12:07:34.468069+00:00,No,No destacada,Yes,Lophocladia lallemandii,10-873--20110917-img_1196.webp,,,"Gràcies, aquí podem veure com Lophocladia lallemandii viu entre la Posidonia oceanica, disminuint-ne la densidad i creixement.",https://www.observadoresdelmar.es/Observations/1004850,,10,2,
Algues Invasores,1004852,2012-08-04,39.929,3.0958,Juan José Enseñat Pons,2015-12-12 16:18:49+00:00,2025-10-20 12:11:21.722443+00:00,No,No destacada,No,Lophocladia lallemandii,10-873--20090506-gopr0292.webp,,Fiona Tomas Nash,"Hola Juanjo, crec que en aquesta foto no hi ha Lophocladia, sembla Jania. Gracis!",https://www.observadoresdelmar.es/Observations/1004852,,2,2,
Algues Invasores,1004853,2014-08-02,39.7758,2.6655,Juan José Enseñat Pons,2015-12-12 16:30:01+00:00,2025-10-20 12:11:20.422513+00:00,No,No destacada,No,Lophocladia lallemandii,10-873--20140802-gopr0047.webp,,Fiona Tomas Nash,,https://www.observadoresdelmar.es/Observations/1004853,,2,2,
Algues Invasores,1004854,2015-12-11,39.7793,-0.0331,José Francisco Martín Salom,2015-12-12 17:36:05+00:00,2025-10-20 12:08:39.366737+00:00,No,No destacada,Yes,Caulerpa cylindracea,10-872--20151211-img_20151211_131849.webp,Se recogió con arte de arrastre y fue una montaña de ese tipo de alga con lo cual debe de estar el fondo infectado el arte era todo verde y viramos porque se paraba el barco de el alga que entro en el arte.,,Qué diferencia hay entre una obsrvación y otra del mismo día? Alguna variable?,https://www.observadoresdelmar.es/Observations/1004854,,26,3,
Algues Invasores,1004856,2015-12-11,39.7793,-0.0331,José Francisco Martín Salom,2015-12-12 19:00:43+00:00,2025-10-20 12:08:39.791661+00:00,Yes,Fotografia excel·lent,Yes,Caulerpa cylindracea,10-872--20151211-img_20151211_131849.webp,"Capturada con arte de arrastre frente Moncofar Castellón, el arte un manto verde y el copo lleno en cubierta formo una gran montaña mezclada con fango.",,"Qué observación más interesante! Caulerpa cylindracea ""pescada"" con arte de arratre. Es común encontrar -literalmente- praderas de este alga invasora sobre fondos de arena. Otros pescadores nos habían comentado este hecho pero no lo teníamos aún registrado! Muchas muchas gracias!",https://www.observadoresdelmar.es/Observations/1004856,,27,3,
Algues Invasores,1004857,2015-12-11,39.7612,-0.0698,José Francisco Martín Salom,2015-12-12 19:16:23+00:00,2025-10-20 12:08:40.788980+00:00,No,No destacada,Yes,Caulerpa cylindracea,10-872--20151211-alga invasor img_20151211_131829.webp,"Pescada con arte de arrastre el arte era un manto verde no se veia la red y fue capturando una gran montaña, eso quiere decir que esta ya muy extendida por la zona, las cuatro coordenadas es el lance hecho, se viro porque el barco perdió velocidad de arrastre por el alga capturada",,Muy interesante esta observación hecha desde un barco de pesca en la que nos muestras la existencia de esta gran pradera de C. cylindracea.,https://www.observadoresdelmar.es/Observations/1004857,,26,3,
Algues Invasores,1004858,2015-07-10,38.9902,1.5728,Manel Royo Mayoral,2015-12-13 21:15:31+00:00,2025-10-20 12:07:35.609579+00:00,No,No destacada,Yes,Caulerpa cylindracea,10-872--20150710-eivissa 2015 116.webp,Bosc de posidonia proper a la platja de Cala Martina a poca fondaria entre 1 i 2 metres,,"Gràcies, en aquesta imatge es pot veure perfectament com Caulerpa cylindracea s'assenta sobre la mata morta de Posidonia oceanica. Les praderies que per qualsevol impacte han estat degradades són més susceptibles a les invasions. ",https://www.observadoresdelmar.es/Observations/1004858,,2,1,
Algues Invasores,1004861,2012-07-31,39.101,1.5034,Manel Royo Mayoral,2015-12-14 21:30:51+00:00,2025-10-20 12:08:35.822799+00:00,No,No destacada,Yes,Lophocladia lallemandii,10-873--20120731-img_3488.webp,,,"Lophocladia lallemandii es pot trobar des de la superfície fins a profunditat. Això si, mólt més facilment veure-la a l'estiu i a la tardor. ",https://www.observadoresdelmar.es/Observations/1004861,,,2,
Algues Invasores,1004862,2012-07-31,39.1007,1.5036,Manel Royo Mayoral,2015-12-14 21:49:16+00:00,2025-10-20 12:08:41.174854+00:00,No,No destacada,Yes,Lophocladia lallemandii,10-873--20120731-img_3498.webp,,,"Substrat tan invadit per Lophocladia lallemandi (anomenat ""peluchín"" a Eivissa) que és capaç de canviar per complet la bellesa subaquàticca del lloc.",https://www.observadoresdelmar.es/Observations/1004862,,2,3,
Algues Invasores,1004863,2012-08-30,39.091,1.4508,Manel Royo Mayoral,2015-12-14 21:53:21+00:00,2025-10-20 12:07:35.995293+00:00,No,No destacada,Yes,Lophocladia lallemandii,10-873--20120830-img_4315.webp,Petites coves a Cala Benirras sortin a ma dreta,,"Preciosa foto de Lophocladia lallemandi, tant bonica com invasora.",https://www.observadoresdelmar.es/Observations/1004863,,,,
Algues Invasores,1004864,2015-09-12,39.117,1.5141,Manel Royo Mayoral,2015-12-14 22:25:09+00:00,2025-10-20 12:08:41.596383+00:00,No,No destacada,Yes,Asparagopsis taxiformis,10-874--20150912-_bsc1737.webp,,,"Asparagopsis taxiformis la trobem a Balears però de manera escassa i encara no se n'han estudiant els impactes. Tot i axiò cal tenir-la ""vigilada"". MOltes gràcies per contribuir-hi!",https://www.observadoresdelmar.es/Observations/1004864,,,2,
Algues Invasores,1004866,2015-08-19,38.977,1.2112,Manel Royo Mayoral,2015-12-14 22:36:34+00:00,2015-12-17 16:44:28+00:00,No,No destacada,Yes,Lophocladia lallemandii,,No he pugut pujar la foto perquè tenia massa resolució.,,"Gràcies Manel, en poder la puges i si pots dir-nos la fondària genial. Gràcies!",https://www.observadoresdelmar.es/Observations/1004866,,,2,
Algues Invasores,1004867,2015-08-15,39.0545,1.6423,Manel Royo Mayoral,2015-12-14 22:51:24+00:00,2015-12-17 16:43:45+00:00,No,No destacada,Yes,Lophocladia lallemandii,,No he pogut pujar la foto perquè tenia 7Mb. Però la tinc.,,"Gràcies Manel, en poder la puges i si pots dir-nos la fondària genial. Gràcies!",https://www.observadoresdelmar.es/Observations/1004867,,,,
Algues Invasores,1004868,2015-08-19,39.0997,1.499,Manel Royo Mayoral,2015-12-15 11:42:43+00:00,2025-10-20 12:08:41.671436+00:00,No,No destacada,Yes,Lophocladia lallemandii,10-873--20150819-benirras (7).webp,Abaraderos de Cala Xarraca,,"Lophocladia a Eivissa, la seva primera casa balear, on es va detectar el 1995. Des d'aquell any fins ara el paisatge submarí ha canviat moltíssim a causa de la seva expansió.",https://www.observadoresdelmar.es/Observations/1004868,,1,1,
Algues Invasores,1004869,2015-06-28,40.0244,4.1942,Miquel Gomila Lladó ,2015-12-15 15:23:09+00:00,2025-10-20 12:08:42.081292+00:00,No,No destacada,Yes,Asparagopsis taxiformis,10-874--20150628-img_8489.webp,,,"Preciosa foto de la fotogènica Asparagopsis taxiformis, que tot i que no està dominant encara hàbitat mediterranis, cal tenir-li l'ull posat i saber de la seva distribució en aquest moment de variables canviants.",https://www.observadoresdelmar.es/Observations/1004869,,10,1,
Algues Invasores,1004870,2015-12-16,39.8468,0.0451,José Francisco Martín Salom,2015-12-16 17:05:44+00:00,2025-10-20 12:08:09.908313+00:00,No,No destacada,Yes,Caulerpa cylindracea,10-872--20151216-img_20151216_134354.webp,"Recogida en arte de arrastre, las bandas del arte venia alguna en el copo alguna pero poca",,"Efectivamente, Caulerpa cylindracea, antes conocida como Caulerpa racemosa. Muy particular por su forma en forma de granos de uva, como se puede observar en la imagen.",https://www.observadoresdelmar.es/Observations/1004870,,,1,
Algues Invasores,1004871,2015-12-16,39.8468,0.0351,José Francisco Martín Salom,2015-12-16 17:08:26+00:00,2025-10-20 12:08:42.506075+00:00,No,No destacada,Yes,Caulerpa cylindracea,10-872--20151216-img_20151216_134647.webp,"Recogida en arte de arrastre, las bandas del arte venia alguna en el copo alguna pero poca",,"Por lo que indicas en tus comentarios, parece que al ser una alga de pequeño porte, el copo no la lleva, pero las bandas que son las que verdaderamente tocan el lecho marino, si. Es plausible esta hipótesis?",https://www.observadoresdelmar.es/Observations/1004871,,,1,
Algues Invasores,1004872,2015-12-16,39.8455,0.04,José Francisco Martín Salom,2015-12-16 17:11:32+00:00,2025-10-20 12:08:42.938772+00:00,No,No destacada,Yes,Caulerpa cylindracea,10-872--20151216-img_20151216_162606 (1).webp,"Capturada en arte de arrastre,en las bandas del arte venia bastantes en el copo alguna pero poca, el otro día el arte venia pesado ya el arte era todo un manto verde y en el copo entre el alga invasora habia mucho fango pegajoso. ",,Se da el caso que altas abundancia de Caulera cylindracea puedan ocasionar problemas en la recogida del arte o su procesamiento. Ha sido este tu caso alguna vez? Gracias por tu increible colaboración! (y mientras trabajas!!),https://www.observadoresdelmar.es/Observations/1004872,,,1,
Algues Invasores,1004873,2015-12-16,39.8676,0.0603,José Francisco Martín Salom,2015-12-16 17:13:18+00:00,2025-10-20 12:08:43.371325+00:00,No,No destacada,Yes,Caulerpa cylindracea,10-872--20151216-img_20151216_163103.webp,"Recogida en arte de arrastre, las bandas del arte venia bastantes en el copo alguna pero poca",,"Efectivamente se trata de Caulerpa cylindracea. Suele acabar llenando las artes de pesca, ya que sus estolones se enganchan en las redes. En algunas zonas su abundancia es muy elevada. Muchas gracias por la observación José Francisco! ",https://www.observadoresdelmar.es/Observations/1004873,,,1,
Algues Invasores,1004874,2015-12-16,39.8842,0.0743,José Francisco Martín Salom,2015-12-16 17:15:24+00:00,2025-10-20 12:08:43.717186+00:00,No,No destacada,Yes,Caulerpa cylindracea,10-872--20151216-img_20151216_172554.webp,"Recogida en arte de arrastre, las bandas del arte venia bastantes en el copo alguna pero poca",,"Gracias Quiquet, tus aportaciones son muy importantes para el proyecto, a ver si con tu conocimiento del sector y la naturaleza podemos llegar a ver una posible solución para evitar que se siga expandiendo mediante las artes de arrastre.",https://www.observadoresdelmar.es/Observations/1004874,,,1,
Algues Invasores,1004875,2015-12-16,39.9029,0.0842,José Francisco Martín Salom,2015-12-16 17:16:56+00:00,2025-10-20 12:08:40.254999+00:00,No,No destacada,Yes,Caulerpa cylindracea,10-872--20151216-img_20151216_163250.webp,"Recogida en arte de arrastre, las bandas del arte venia bastantes en el copo alguna pero poca",,Caulerpa cylindracea expandiéndose por los arenales profundos. Gracias por el dato!,https://www.observadoresdelmar.es/Observations/1004875,,,1,
Algues Invasores,1004883,2015-12-17,39.8511,0.0418,José Francisco Martín Salom,2015-12-17 16:56:26+00:00,2025-10-20 12:08:44.164374+00:00,No,No destacada,Yes,Caulerpa cylindracea,10-872--20151217-img_20151218_171508.webp,"Alga cogida en la malla del arte de arrastre, en el copo muy poca, la imagen es del día 18, mas o menos por la misma zona de esa coordenada estaban mezclada con el alga roja Chylocladia verticilla.",,"A esta profundidad Caulerpa cylindracea se desarrolla curiosamente muy bien, aún y la falta de luz y menores temeraturas que en su región de origen.",https://www.observadoresdelmar.es/Observations/1004883,,33,1,
Algues Invasores,1004885,2015-12-17,39.891,0.0799,José Francisco Martín Salom,2015-12-17 17:00:11+00:00,2025-10-20 12:08:44.583777+00:00,No,No destacada,Yes,Caulerpa cylindracea,10-872--20151217-img_20151218_170712.webp,"Alga cogida en la malla del arte de arrastre, en el copo casi nada.

Esas cuatro coordenadas del dia 17, es el lance que hemos visto alguna en las redes, la imagen es del día 18 mas o menos por la misma zona estaban mezclada con el alga roja Chylocladia verticilla.",,Perfecto! Vamos poniendo puntos en el mapa de las invasoras,https://www.observadoresdelmar.es/Observations/1004885,,33,1,
Algues Invasores,1004886,2015-12-17,39.9033,0.0849,José Francisco Martín Salom,2015-12-17 17:03:32+00:00,2025-10-20 12:08:45.485979+00:00,No,No destacada,Yes,Caulerpa cylindracea,10-872--20151217-img_20151218_171414.webp,"Alga cogida en la malla del arte de arrastre, en el copo casi nada. Se ve que la estamos expandiendo el lance de más tierra no he visto ni una, y los dos de más fuera tampoco, solo en el lance de esas cuatro coordenadas que he puesto del día 17, la imagen es del día 18 por la misma zona recogida junta a la alga roja Chylocladia verticilla.",,Vamos apuntando! Gracias por tus observaciones,https://www.observadoresdelmar.es/Observations/1004886,,,1,
Algues Invasores,1004888,2015-12-18,39.8595,0.0459,José Francisco Martín Salom,2015-12-19 10:00:49+00:00,2025-10-20 12:08:45.907132+00:00,No,No destacada,Yes,Caulerpa cylindracea,10-872--20151218-img_20151218_171110.webp,"Alga cogida en las mallas del arte de arrastre de fondo, en el copo alguna más bien poca mas o menos por la misma zona del día 17 la invasora estaba mezclada con el alga roja Chylocladia Verticilla.",,Muchas gracias por tus observaciones! La abundancia debe ser mediana por la cantidad de veces que la recogéis.,https://www.observadoresdelmar.es/Observations/1004888,,,1,
Algues Invasores,1004890,2015-12-18,39.8721,0.0584,José Francisco Martín Salom,2015-12-19 10:05:28+00:00,2025-10-20 12:08:46.345254+00:00,No,No destacada,Yes,Caulerpa cylindracea,10-872--20151218-img_20151218_170902.webp,"Alga cogida en las mallas del arte de arrastre de fondo, en el copo alguna más bien poca mas o menos por la misma zona del día 17 la invasora estaba mezclada con el alga roja Chylocladia Verticilla.",,Gracias por las observaciones de esta alga ya tan extendida por todo el Mediterráno a causa de las actividades humanas. El hacerlo des de un pesquero tiene doble valor,https://www.observadoresdelmar.es/Observations/1004890,,,1,
Algues Invasores,1004892,2015-12-12,39.4447,3.3166,Tony Juan ,2015-12-19 13:14:50+00:00,2025-10-20 12:08:46.752901+00:00,No,No destacada,Yes,Asparagopsis taxiformis,10-874--20151212-ai3a0348a.webp,,,"Espectacular imagen de A. taxiformis. Tony, ¿recuerdas a qué profundidad estaba? 

Tan bella como exótica esta especie de origen australiano que probablemente llegó por transporte marítimo.",https://www.observadoresdelmar.es/Observations/1004892,,,1,
Algues Invasores,1004893,2015-12-19,39.473,2.5227,Juan Antonio Torres Balaguer,2015-12-20 18:30:30+00:00,2025-10-20 12:08:46.849825+00:00,No,No destacada,Yes,Asparagopsis taxiformis,10-874--20151219-dsc06924.webp,En la zona esta muy extendida formando colonias sobre las rocas.,,"Preciosa foto d'Asparagopsis taxiformis. Ciertamente A. taxiformis ya es común en aguas baleares aunque no se considera una gran invasora, que no quiere decir que no lo pueda llegar a ser si se presentara algún cambio ambiental que la favoreciera. Es por eso que -en este mundo cambiante- es importante tener las especies invasoras bien mapeadas.",https://www.observadoresdelmar.es/Observations/1004893,,,2,
Algues Invasores,1004920,2016-01-13,39.8687,0.0264,José Francisco Martín Salom,2016-01-13 22:19:05+00:00,2025-10-20 12:08:46.878344+00:00,No,No destacada,Yes,Caulerpa cylindracea,10-872--20160113-cualerpa cylindracea 1.webp,"En solo 20 minutos copo lleno, y arte todo verde, una buena cantidad como se puede ver el la imagen",,"Muy interesante, vemos como el vector artes de pesca cobra importancia en esta zona de Castellón.",https://www.observadoresdelmar.es/Observations/1004920,,,3,
Algues Invasores,1005033,2016-01-31,41.1932,1.6494,Pablo  Ruiz ,2016-01-31 18:54:52+00:00,2025-10-20 12:08:47.037329+00:00,No,No destacada,Yes,,10-99999--20160131-dscn1124.webp,No he sabido identificarla.,,"Hola Pablo,



hay varias especies del género Ceramium en el Mediterráneo que pueden confundirse. Habría que tomar medidas del diámetro de los ejes y medir las células periaxiales. El mundo de las algas no es fácil, pero has dado de lleno con el nombre del género! De todos modos, no se trata de especies invasoras. Maria",https://www.observadoresdelmar.es/Observations/1005033,,1,2,
Algues Invasores,1005085,2016-02-09,45.1176,13.6163,Laura Royo Marí,2016-02-16 23:31:47+00:00,2025-10-20 12:09:39.710045+00:00,No,No destacada,Yes,Caulerpa cylindracea,10-872--20160209-20160208_135000.webp,Estava present devora de praderies de Cymodocea nodosa. Es veia escassa també per l'època de l'any. Aquesta capanya forma part el projecte RESIGRASS.,,Gràcies per enviar-nos la primera observació a l'Adriàtic!!,https://www.observadoresdelmar.es/Observations/1005085,,3,1,
Algues Invasores,1005087,2016-02-12,42.3536,18.7038,Laura Royo Marí,2016-02-16 23:54:43+00:00,2025-10-20 12:09:50.370612+00:00,No,No destacada,Yes,Caulerpa cylindracea,10-872--20160208-20160215_190430.webp,Estava dins una cala exposada al SW amb força Posidonia i Cymodocea nodosa. Part de la campanya RESIGRASS,,Primera observació a Montenegro!!!,https://www.observadoresdelmar.es/Observations/1005087,,4,2,
Algues Invasores,1005170,2016-02-26,41.1979,1.6728,Pablo  Ruiz ,2016-02-26 21:47:18+00:00,2025-10-20 12:08:47.112894+00:00,No,No destacada,Yes,,10-99998--20160226-captura de pantalla 2016-02-26 a las 21.43.43.webp,,,"Molt bona la foto sota la lupa del utricles (les unitats de la qual consta l'alga). Al no tenir els utricles punxeguts (com seria el cas de Codium fragile), podem dir que és la seva parenta Codium vermilara.",https://www.observadoresdelmar.es/Observations/1005170,,,1,
Algues Invasores,1005337,2016-04-17,41.8875,3.1878, ,2016-04-17 21:17:21+00:00,2025-10-20 12:08:47.604554+00:00,No,No destacada,Yes,,10-99999--20160417-img_5764.webp,"No crec que sigui pròpiament cap alga invasora. Sembla més aviat un alga pròpia dels llocs putrefactes. Ho cobreix tot, roques, sorra, i en aquest cas fins i tot la nacra. Està a tota la platja de Canadell i platges adjacents. És una plaga. Potser té alguna cosa a veure amb l'emisari de Canadell. No és una alga comuna de la costa brava. Aquí ha passat alguna cosa rara. Si fa falta tinc més fotos. ",,"Hola!

yo diría que es más bien un bloom de cianofícias... se producen en lugares con muchos nutrientes y por la foto le veo la pinta, aunque éstas deberían determinarse al microscopio. Gracias por la observación!",https://www.observadoresdelmar.es/Observations/1005337,,,3,
Algues Invasores,1005357,2016-04-11,42.3732,3.1656, ,2016-04-20 13:26:30+00:00,2025-10-20 12:08:47.964818+00:00,Yes,Fotografia excel·lent,Yes,Asparagopsis armata,10-874--20160411-img_5671.webp,Tremendament abundant. La foto està feta a les roques tocant al rompent de la platja.,,"Moltes gràcies per l'observació, fixa't que aquest especímen té unes branques inferiors en forma d'arpó, és per tant Asparagopsis armata. Aquest és el tret diferencial més fàcil de reconèixer entre A. armata i A. taxiformis.",https://www.observadoresdelmar.es/Observations/1005357,,2,3,
Algues Invasores,1005427,2016-05-11,39.595,2.3364,LENKA JUSKANICOVA,2016-05-15 20:38:01+00:00,2025-10-20 12:08:48.474460+00:00,No,No destacada,Yes,Asparagopsis taxiformis,10-874--20160511-img_8824a.webp,"Esta alga en su fase del colr claro verdoso, no rosa está cubierto bastante el fondo rocoso o las paredes .",,"Lenka muchas gracias, ahora que las aguas están aún fresquitas es un buen momento para ver coberturas importantes de A. taxiformis, cuando las aguas se van calentando la fase macroscópica se ven cada vez menos. ",https://www.observadoresdelmar.es/Observations/1005427,,,2,
Algues Invasores,1005431,2016-05-14,39.359,3.2157,LENKA JUSKANICOVA,2016-05-15 21:04:27+00:00,2025-10-20 12:08:48.976496+00:00,No,No destacada,Yes,Caulerpa cylindracea,10-872--20160514-img_8946.webp,,,"Bonito detalle de C. cylindracea en le que se ve cómo las vesículas (los granitos) se disponen de forma radial o dísticamente (en un solo plano), y puede ocurri, como en este caso, en un mismo individuo.",https://www.observadoresdelmar.es/Observations/1005431,,6,1,
Algues Invasores,1005432,2016-05-14,39.359,3.2157,LENKA JUSKANICOVA,2016-05-15 21:07:21+00:00,2025-10-20 12:08:49.532549+00:00,No,No destacada,Yes,Asparagopsis taxiformis,10-874--20160514-img_8948a.webp,,,Preciosa foto de A. taxiformis que se ve perfectamente que no es A. armata ya que no se observan las ramas en forma de arpón y aún no llegó a Baleares. Gracias Lenka!,https://www.observadoresdelmar.es/Observations/1005432,,,2,
Algues Invasores,1005446,2016-05-15,36.7193,-3.7274,Marta Valverde Viguera,2016-05-17 16:49:59+00:00,2025-10-20 12:08:49.983210+00:00,No,No destacada,Yes,Asparagopsis taxiformis,10-874--20160515-fhd0138.webp,,,"Hola Marta, gracias por madarnos la foto extra en la que efectivamente se ve que esta Asparagopsis NO tiene ramas en forma de arpón (que en ese caso sería A. armata).",https://www.observadoresdelmar.es/Observations/1005446,,13,2,
Algues Invasores,1005447,2016-05-15,36.7193,-3.7274,Marta Valverde Viguera,2016-05-17 16:58:50+00:00,2025-10-20 12:08:50.446613+00:00,No,No destacada,Yes,,10-879--20160515-fhd0166.webp,,,"Hola Marta, este alga no es 	Acrothamnion preissii, pues ésta última es mucho más pequeña, de 1-3 cm de alto y se encuentra formando una capa bien pegada al sustrato o rizomas de Posidonia. Por la foto no puedo distinguir de qué alga se trata, pero lo preguntaremos entre todo el equipo científico. Gracias.

Fíjate en el aspecto de 	Acrothamnion preissii en este enlace: https://ojoinvasoras.info/especies-invasoras/acrothamnion-preissii/",https://www.observadoresdelmar.es/Observations/1005447,,13,1,
Algues Invasores,1005448,2016-05-08,36.7258,-3.7253,Marta Valverde Viguera,2016-05-17 17:01:50+00:00,2025-10-20 12:08:50.531870+00:00,No,No destacada,Yes,Asparagopsis taxiformis,10-874--20160508-pict0058.webp,,,"Hola Marta, gracias por madarnos la foto extra en la que efectivamente se ve que esta Asparagopsis NO tiene ramas en forma de arpón (que en ese caso sería A. armata). Gracia stambién a la colaboraicón de Boris Weitzmann que via FB nos ayudó en la identificación! ",https://www.observadoresdelmar.es/Observations/1005448,,10,3,
Algues Invasores,1005455,2016-05-18,39.5292,2.5893,Guillem Roca Carceller,2016-05-19 10:10:09+00:00,2016-05-24 15:38:03+00:00,No,No destacada,Yes,Caulerpa cylindracea,,,,"Gràcies Guillem, tot i que no hi ha foto de la Caulerpa cylindracea, sabem que la coneixes ben bé!!!",https://www.observadoresdelmar.es/Observations/1005455,,,1,
Algues Invasores,1005459,2016-04-18,41.1978,1.6721,Pablo  Ruiz ,2016-05-19 16:16:03+00:00,2025-10-20 12:08:51.090122+00:00,No,No destacada,Yes,,10-99999--20160418-captura de pantalla 2016-05-19 a las 16.12.38.webp,Dudo si Codium fragile o vermilara,,"Hola Pablo, por la foto de detalle, se puede ver que los utrículos (dilatación del extremo de los filamentos del tallo) son redodeados y en Codium fragile, son en forma de mucrón o pezón. Además el porte de C. fragile es de hasta 30-50 cm formando grandes estructuras en forma de bola.

Ciertamente C. vermilara se encuentra a menudo arrojada en playas depués de los temporales.",https://www.observadoresdelmar.es/Observations/1005459,,,1,
Algues Invasores,1005464,2016-05-22,41.1939,1.6559,Pablo  Ruiz ,2016-05-22 19:49:15+00:00,2025-10-20 12:08:51.199044+00:00,No,No destacada,Yes,Caulerpa cylindracea,10-872--20160522-dscn4365.webp,En puerto interior de la térmica,,Evidencia clara de C. cylindracea efectivamente Pablo. Muchas gracias!,https://www.observadoresdelmar.es/Observations/1005464,,,3,
Algues Invasores,1005509,2016-06-02,40.046,3.9219,Raquel Vaquer Sunyer,2016-06-05 16:32:04+00:00,2025-10-20 12:08:51.334600+00:00,Yes,Fotografia excel·lent,Yes,Caulerpa cylindracea,10-872--20160602-c. cylindracea algairens.webp,,,"Moltes gràcies Raquel, segons els últims mapes realitzats d'especies invasores a Balears , 2008, (quan hi havia pressupost i projectes per mapejar-les), Caulerpa cylindracea encara no havia arribat al nord de Menorca, tot i que sabem que si que n'hi ha... amb observacions com les teves podrem anar dibuixant el traç que segueixen aquestes espècies.",https://www.observadoresdelmar.es/Observations/1005509,,,1,
Algues Invasores,1005510,2016-06-04,39.9177,4.2858,Raquel Vaquer Sunyer,2016-06-05 16:36:20+00:00,2025-10-20 12:08:51.701007+00:00,No,No destacada,Yes,Caulerpa cylindracea,10-872--20160604-20160604_181626.webp,,,Gracis!!,https://www.observadoresdelmar.es/Observations/1005510,,,1,
Algues Invasores,1005527,2016-06-03,41.1973,1.6728,Pablo  Ruiz ,2016-06-06 21:38:18+00:00,2025-10-20 12:05:48.774948+00:00,No,No destacada,Yes,Caulerpa cylindracea,10-872--20160603-dscn4863.webp,zona muy poblada y extendida respecto al año pasado. crece prácticamente a escasos centímetros de la superficie.,,"Gracias Pablo, muy interesante que vayas siguiendo la población año en año, es importante saber si se extiende, qué capacidad tiene que colonizar distintos ambientes.... En algunas playas de Mallorca también la encontramos casi en superficie, pero sabemos que también puede crecer hasta más de 50 metros de profundidad. Este alga es una todoterreno",https://www.observadoresdelmar.es/Observations/1005527,,,3,
Algues Invasores,1005561,2016-06-10,39.8964,0.6862, ,2016-06-13 20:24:21+00:00,2025-10-20 12:08:52.077692+00:00,No,No destacada,Yes,Caulerpa cylindracea,10-872--20160610-img_6526.webp,,,"Primera observació registrada a ODM d'algues invasores a La Reserva Marina d'interès pesquer de Columbretes!

I quin tamany!!! Gràcies.",https://www.observadoresdelmar.es/Observations/1005561,,10,1,
Algues Invasores,1005566,2016-04-28,36.72,-3.72,David  Barbudo Fernández,2016-06-17 16:41:49+00:00,2025-10-20 12:08:52.274359+00:00,Yes,Fotografia excel·lent,Yes,Codium fragile subsp. fragile,10-881--20160428-c fragile.webp,Codium fragile epífito sobre Cystoseira tamariscifolia. He observado los utrículos mucronados en el microscopio. ,,"Hola David, muchísimas gracias por actualizar la foto de esta observación, que es, por cierto, muy valiosa pues no tenemos muchas observaciones de Codium fragile

sp. fragile y por la zona donde ha sido observada. En la foto se puede ver la característica que la diferencia de otras especies de algas con las que se puede confundir, el final mucronado del utrículo. Excelente!! Muchas gracias",https://www.observadoresdelmar.es/Observations/1005566,,1,1,
Algues Invasores,1005580,2016-06-12,39.534,2.59,LENKA JUSKANICOVA,2016-06-19 19:28:57+00:00,2025-10-20 12:08:52.820697+00:00,No,No destacada,Yes,Asparagopsis taxiformis,10-874--20160612-img_1517m.webp,Investigando diferente parte de la Cala también encontré estas algas distribuidos por bastantes sitios.,,"Además de preciosa imagen, podemos ver como A. taxiformis puede tener esta coloración más rosácea a la vez que más rojo intenso, como en la observaicón que mandaste de la otra parte de la Cala Marmacén. A veces en la naturaleza, los colores nos confunden más que nos ayudan a identificar...",https://www.observadoresdelmar.es/Observations/1005580,,10,2,
Algues Invasores,1005581,2016-06-12,39.534,2.59,LENKA JUSKANICOVA,2016-06-19 20:12:36+00:00,2025-10-20 12:08:53.238336+00:00,No,No destacada,Yes,Asparagopsis taxiformis,10-874--20160612-img_1540a.webp,En la diferente parte de la Cala Marmassen ya se ven también esta versión del desarollo de la alga con este color.Detrás asomandose la Caulerpa cylindracea.,,"Gracias! interesante observación ya que dentro de poquito empezará a desaparecer para pasar a la fase esporofítica. Será muy interesante tener este individuo ""controlado"" para saber exactamente los cambios de una fase a la otra. Tienes el especimen situado?",https://www.observadoresdelmar.es/Observations/1005581,,6,2,
Algues Invasores,1005582,2016-06-12,39.534,2.59,LENKA JUSKANICOVA,2016-06-19 20:17:14+00:00,2025-10-20 12:08:53.714751+00:00,No,No destacada,Yes,Caulerpa cylindracea,10-872--20160612-img_1539.webp,La diferente parte de la Cala Marmassen también con la distribución de esta alga.,,"Gracias Lenka, si exactamente este alga tiene diferencia morfológicas dentro de su misma especie, a veces la disposición de los rámulos puede ser radial o pseudo-dicotómica. Los ""granitos"" o rámulos pueden ser claviformes o subesféricos. Toda una reina del cambio de vestido!",https://www.observadoresdelmar.es/Observations/1005582,,6,1,
Algues Invasores,1005622,2016-06-26,41.198,1.6722,Pablo  Ruiz ,2016-06-26 20:23:28+00:00,2025-10-20 12:08:53.826651+00:00,No,No destacada,Yes,,10-99999--20160626-_dsc3240.webp,"Dudo si se trata de Stypopodium

schimperi.",,"Hola Pablo,



yo creo que se trata de una Padina un poco echa polvo. ¿Tienes más fotos o otros ejemplares? A veces éstas algas se confunden",https://www.observadoresdelmar.es/Observations/1005622,,,2,
Algues Invasores,1005626,2016-06-27,41.1937,1.6518,Pablo  Ruiz ,2016-06-27 17:11:31+00:00,2025-10-20 12:08:54.182680+00:00,No,No destacada,Yes,Caulerpa cylindracea,10-872--20160627-caulerpa termica.webp,recubierta de un alga de aspecto tétrico que no he sabido identificar.,,"Hola Pablo! Gracias por la observación de la evidente y grandes individuos de

Caulerpa cylindracea que nos mandas. Revisaremos la otra alga, que tiene aspecto de hectocarpal, un grupo que puede darse formando estas grandes proliferaciones en aguas someras y más calientes. Seguiremos informando...",https://www.observadoresdelmar.es/Observations/1005626,,1,2,
Algues Invasores,1005627,2016-06-22,39.536,2.3766,LENKA JUSKANICOVA,2016-06-27 20:25:49+00:00,2025-10-20 12:08:54.627045+00:00,No,No destacada,Yes,Asparagopsis taxiformis,10-874--20160622-img_2044.webp,He elegido esta mata por su facil localización y asi poder seguirla.La llamare CM1 (Cala Marmassen 1),,Genial! Lenka gracia por secundar la propuesta de seguimiento de la fenología de esta especie en aguas Baleares. Iremos viendo cómo evoluciona a lo largo del tiempo.,https://www.observadoresdelmar.es/Observations/1005627,,2,2,
Algues Invasores,1005632,2016-06-20,39.5356,2.7079,Jorge Terrados,2016-06-27 21:51:53+00:00,2016-07-07 10:06:25+00:00,No,No destacada,Yes,Halimeda incrassata,,No tengo foto. Empezando a crecer los talos.,,"Bien pronto podremos registrar las observaciones de Halimeda incrasatta, una nueva invasora en el Mediterráneo, a través de la plataforma ODM-Alga sinvasoras.",https://www.observadoresdelmar.es/Observations/1005632,,3,1,
Algues Invasores,1005636,2016-06-26,39.507,2.5363,Laura Royo Marí,2016-07-04 13:12:42+00:00,2025-10-20 12:08:54.906977+00:00,Yes,Fotografia excel·lent,Yes,Halimeda incrassata,10-99998--20160626-img-20160626-wa0004.webp,Encontrada a pulmón justo delante del muelle de Magaluf,,"Segunda observación de Halimeda incrasatta, una nueva especie de alga verde invasora del Mediterráneo desde el 2011. En breves tendremos la posibilidad de introducirla como una especie dentro del proyecto de Algas invasoras-ODM.",https://www.observadoresdelmar.es/Observations/1005636,,2,1,
Algues Invasores,1005655,2016-07-02,39.598,2.3389,LENKA JUSKANICOVA,2016-07-05 20:55:38+00:00,2025-10-20 12:08:55.460888+00:00,Yes,Fotografia excel·lent,Yes,Lophocladia lallemandii,10-873--20160702-img_2980a.webp,Esta crecieno como unas matas del color blanquecino o cubriendo nastante espacio sobre las paredes asi.,,"Este es precisamente el aspecto que tiene Lophocladia lallemandii cuando coloniza una pared entera y estos son los cambios que produce en el paisaje submarino como impacto negativo. Gracias Lenka, es además una observación por estar situada en el PN de Sa Dragonera y un punto importante para el buceo de recreo.",https://www.observadoresdelmar.es/Observations/1005655,,10,2,
Algues Invasores,1005656,2016-07-02,39.598,2.3389,LENKA JUSKANICOVA,2016-07-05 20:59:29+00:00,2025-10-20 12:08:02.251568+00:00,No,No destacada,Yes,Asparagopsis taxiformis,10-874--20160702-img_2979a.webp,,,"Una invasora dentro de otra invasora... estas interacciones son muy interesantes de estudiar, pero aún tenemos tantas cosas por saber... Gracias una vez más!",https://www.observadoresdelmar.es/Observations/1005656,,10,2,
Algues Invasores,1005659,2016-07-05,36.0313,-5.5384,David  Barbudo Fernández,2016-07-06 16:48:05+00:00,2016-11-16 17:52:10+00:00,No,No destacada,Yes,,,"Caulerpa cylindracea sobre cantos rodados en la orilla de Guadalmesí, epífita sobre algas que forman un estrato cespitoso. ",,"Hola David, muchas gracias por relocalizar tu observación. Tienes alguna foto de la observación para poderla identificar? En caso de que no la tengas pero estés seguro de ella, indicánoslo y seguimos en contacto. Gracias.",https://www.observadoresdelmar.es/Observations/1005659,,,2,
Algues Invasores,1005670,2016-07-10,40.926,0.848,Quim Abadia Mesalles,2016-07-10 22:53:47+00:00,2025-10-20 12:08:55.570635+00:00,Yes,Fotografia excel·lent,Yes,Caulerpa cylindracea,10-872--20160710-p7100587b.webp,Aquest és el primer cop que trobo aquesta alga en 25 anys bussejant en la zona.,,"Moltes gràcies Quim!!! Quina dominància de la Caulerpa cylindracea en aquesta localitat! Hem de pensar que aquesta alga que fa uns anys no existia per les nostres costes, així que tenir aquesta cobertura és molt significatiu (hem canviat l'abundància de la observació a dominant).  A veure com segueix evolucionant aquesta espècie aquí. Tu busseges sempre per aquesta mateixa zona i no l'havies vist mai? Aquesta es una dada molt important. Ja ens diràs. Gràcies.",https://www.observadoresdelmar.es/Observations/1005670,,,3,
Algues Invasores,1005695,2016-07-10,40.0517,3.9797,Raquel Vaquer Sunyer,2016-07-12 19:21:31+00:00,2025-10-20 12:08:55.949428+00:00,No,No destacada,Yes,Caulerpa cylindracea,10-872--20160710-20160710_105314(2).webp,,,"Moltes gràcies, carai amb totes aquestes observacions de C. cylindracea en tenim per fer un nou mapa!!! Moltes gràcies.",https://www.observadoresdelmar.es/Observations/1005695,,2,2,
Algues Invasores,1005696,2016-07-12,40.07,4.0887,Raquel Vaquer Sunyer,2016-07-12 19:25:35+00:00,2016-07-15 19:01:34+00:00,No,No destacada,Yes,Caulerpa cylindracea,,,,"Tot i que no hi hagi foto, sabem cert que la coneixes be aquesta alga invasora!",https://www.observadoresdelmar.es/Observations/1005696,,2,2,
Algues Invasores,1005697,2016-07-11,39.9819,4.261,Raquel Vaquer Sunyer,2016-07-12 19:30:40+00:00,2025-10-20 12:08:56.253477+00:00,No,No destacada,Yes,Caulerpa cylindracea,10-872--20160711-20160711_200608.webp,,,"Moltes gràcies Raquel, per aquestes dates l'any passat també en trobàrem a la platja d'Es Grau. Aquesta observació ens ajuda a actualitzar els mapes ""oficials"" de C. cylindracea que tenim per Balears, el més recent és de 2008 i en aquell tempos encara la C. cylibdracea no havia arribat a Menorca. ",https://www.observadoresdelmar.es/Observations/1005697,,2,,
Algues Invasores,1005720,2016-07-12,37.5826,-1.0701,Marta I. Terry López,2016-07-13 12:09:28+00:00,2025-10-20 12:08:57.086821+00:00,No,No destacada,Yes,,10-99998--20160712-img_5361.webp,"No entiendo mucho sobre algas, sé que G. rugosa ha sido citada en el Mediterráneo. 

El ejemplar de la fotograía, en una pared rocosa sombreada, no medía más de 5-6 cm de alto. En la misma zona había más ejemplares, 10-12.



Gracias por la identificación! Curiosamente, sólo conocía a la invasora y no la ""nuestra""...",,"Hola Marta, yo creo que es la Galaxaura de siempre....la oblongata que ahora se llama Tricleocarpa fragilis. La Galaxaura rugosa tiene otro aspecto con verticilos de filamentos y como tu dices se encuentra por el Mediterráneo oriental solamente (de momento)... Jorge Terrados",https://www.observadoresdelmar.es/Observations/1005720,,,2,
Algues Invasores,1005724,2016-07-08,40.0524,4.0492,Raquel Vaquer Sunyer,2016-07-13 23:41:24+00:00,2016-07-15 19:00:16+00:00,No,No destacada,Yes,Caulerpa cylindracea,,,,"Gràcies, tot i que no hi ha foto, sabem cert que la coneixes ben be aquesta alga invasora!",https://www.observadoresdelmar.es/Observations/1005724,,,1,
Algues Invasores,1005751,2016-07-14,37.6311,-0.69,Marta I. Terry López,2016-07-14 23:29:02+00:00,2025-10-20 12:08:57.471499+00:00,No,No destacada,Yes,,10-99998--20160714-img_5410.webp,"Misma especie de alga que la que observé dos días antes, pero a pocos km de la localidad anterior. Esta vez, un solo ejemplar",,"Hola Marta, yo creo que es la Galaxaura de siempre...la oblongata que ahora se llama Tricleocarpa fragilis. La Galaxaura rugosa tiene otro aspecto con verticilos de filamentos y como tu dices se encuentra por el Mediterráneo oriental solamente (de momento)... Jorge Terrados",https://www.observadoresdelmar.es/Observations/1005751,,,,
Algues Invasores,1005756,2015-07-10,39.532,2.5883,Fiona Tomas Nash,2016-07-15 19:28:43+00:00,2016-08-13 01:31:28+00:00,No,No destacada,Yes,Halimeda incrassata,,,,,https://www.observadoresdelmar.es/Observations/1005756,,,1,
Algues Invasores,1005757,2011-08-17,39.4872,2.7359,Fiona Tomas Nash,2016-07-15 19:34:05+00:00,2016-08-13 01:30:10+00:00,No,No destacada,Yes,Halimeda incrassata,,Primera observació meva a Balears,,,https://www.observadoresdelmar.es/Observations/1005757,,,,
Algues Invasores,1005758,2016-07-17,41.1432,1.4227,Quim Abadia Mesalles,2016-07-17 20:13:43+00:00,2025-10-20 12:08:47.225934+00:00,No,No destacada,Yes,Caulerpa cylindracea,10-872--20160717-p7170770.webp,"Primers brots generals en tota la segona barra... L'any anterior no s'observa.

",,Moltes gràcies Quim! Bon desocbriment a aquesta zona. És un lloc amb molt de fondeig de vaixells? Podria ser una de les causes d'aquesta recent aparició?,https://www.observadoresdelmar.es/Observations/1005758,,6,2,
Algues Invasores,1005831,2016-07-20,37.6388,-0.6703,Marta I. Terry López,2016-07-22 09:51:55+00:00,2025-10-20 12:08:57.922376+00:00,No,No destacada,Yes,Asparagopsis taxiformis,10-99999--20160720-img_5564.webp,"Asparagopsis taxiformis(?).

De ser así, es relativamente común, observada en distintos puntos de la reserva marina Cabo de Palos e Islas Hormigas.",,"Muchas gracias Marta, buena identificación!! A. taxiformis tiene este aspecto en forma de plumeros y a diferencia de A.armata (presente en Catalunya) NO presenta una ramas en forma de arpones que salen desde el tallo principal.",https://www.observadoresdelmar.es/Observations/1005831,,,2,
Algues Invasores,1005843,2016-07-23,41.1981,1.6723,Pablo  Ruiz ,2016-07-24 15:40:53+00:00,2025-10-20 12:08:02.417834+00:00,No,No destacada,Yes,,10-99999--20160723-captura de pantalla 2016-07-24 a las 15.37.20.webp,arrastrado hasta la orilla,,Estudiaremos esta imagen con el equipo. Muchas gracias por la paciencia y el interés en este proyecto.,https://www.observadoresdelmar.es/Observations/1005843,,,1,
Algues Invasores,1005859,2016-07-27,41.1938,1.6526,Pablo  Ruiz ,2016-07-27 18:49:08+00:00,2025-10-20 12:08:58.254372+00:00,No,No destacada,Yes,Caulerpa cylindracea,10-872--20160727-captura de pantalla 2016-07-27 a las 18.05.07.webp,en la  darsena interna de la Térmica ( fuera de funcionamiento ) y con escasa recirculación de agua desde el mar.,,"Aquí se puede ver una intensa colonización de C. cylindracea probablemente debido a que al estar sometida a estas condiciones del ambiente, otras especies no pueden vivir.",https://www.observadoresdelmar.es/Observations/1005859,,,3,
Algues Invasores,1005860,2016-07-27,41.1939,1.656,Pablo  Ruiz ,2016-07-27 18:52:15+00:00,2025-10-20 12:08:58.478718+00:00,No,No destacada,Yes,Caulerpa cylindracea,10-872--20160727-captura de pantalla 2016-07-27 a las 18.00.54.webp,En la punta de un espigón pero en fondo arenoso.,,"Moltes gràcies! Aquesta espècie pot viure sobre molts tipus de substrat: rocós, arenós, sobre mata morta i sombre organismes vius... fet que li dóna molta versalititat i la fa molt bona invasora!",https://www.observadoresdelmar.es/Observations/1005860,,,1,
Algues Invasores,1005864,2016-07-06,37.54,1.16,Isabel Sofía Abihssira García,2016-07-29 15:34:32+00:00,2025-10-20 12:06:40.828166+00:00,No,No destacada,Yes,,10-872--20160706-p7060011.webp,,,"Hola Isabela, 

efectivamente esta especie es Caulerpa cylindracea pero podrías por favor comprobar su localización geográfica? Me extraña que se encuentre tan lejos de la costa. Muchas gracias. Laura",https://www.observadoresdelmar.es/Observations/1005864,,,2,
Algues Invasores,1005866,2016-07-30,41.1979,1.6725,Pablo  Ruiz ,2016-07-30 21:13:29+00:00,2025-10-20 12:08:58.681380+00:00,No,No destacada,Yes,,10-99999--20160730-dsc00270.webp,Algun tipo de Sargassum pero no se identificar cual.,,"Muy bien Pablo! Efectivamente es un Sargassum. Todo enrollado no puedo determinarlo a nivel de especie, pero el género és el que dices. Gracias. Si fuera Sargassum muticum sí que sería una especie invasora que sólo se ha encontrado en el Mediterráneo flotando en mar abierto o llegando a las orillas.",https://www.observadoresdelmar.es/Observations/1005866,,,1,
Algues Invasores,1005868,2016-08-30,39.523,2.466,Marc Dalda,2016-07-30 21:23:19+00:00,2025-10-20 12:08:58.961043+00:00,No,No destacada,Yes,Asparagopsis taxiformis,10-874--20160830-img-20160727-wa0004[1].webp,,,"Hola Marc, gràcies per la teva observació , però no entenc ben bé la resposta. Pots escriure'm directament al lroyo(arroba)imedea.uib-csic.es. Gràcies",https://www.observadoresdelmar.es/Observations/1005868,,5,1,
Algues Invasores,1005869,2016-07-30,37.6431,-0.6586,Marta I. Terry López,2016-07-31 11:37:37+00:00,2025-10-20 12:08:59.322685+00:00,Yes,Fotografia excel·lent,Yes,Caulerpa cylindracea,10-872--20160730-img_5740 - copia.webp,"No parece que recubra, pero está bastante cerca de varios ejemplares de Eunicella sp.",,"Muchas gracias Marta por la doblemente profunda observación!;) Previamente se estudió el impacto de C. cylindracea sobre otra gorgonia, Paramuricea clavata. La supervivencia de los juveniles de P. clavata se reducían a la mitad. Con Eunicella se ha estudiado su impacto con Womersleyella setacea y con Acrtohamnion preissi. Si quieres más información, en la página web la encontrarás y si quieres los artículos que hablan de ello, avísanos. ",https://www.observadoresdelmar.es/Observations/1005869,,22,2,
Algues Invasores,1005880,2016-07-21,37.6377,-0.6806,Marta I. Terry López,2016-08-02 21:51:08+00:00,2025-10-20 12:08:59.724602+00:00,No,No destacada,Yes,Caulerpa cylindracea,10-872--20160721-img_5586.webp,Piles 1 (Cabo de Palos),,"Gracias Marta. Otro buen ejemplo de cuando una alga invasora puede colonizar animales filtradores como esponjas o, en este caso, las nacras",https://www.observadoresdelmar.es/Observations/1005880,,14,2,
Algues Invasores,1005915,2016-08-06,41.1982,1.6737,Pablo  Ruiz ,2016-08-06 17:52:39+00:00,2025-10-20 12:09:00.139385+00:00,No,No destacada,Yes,,10-99999--20160806-captura de pantalla 2016-08-06 a las 17.49.07.webp,"conjunto formado por varios tipos, detallados en los cuadros inferiores, de colores rojo, naranja y blanco transparente.

",,"Hola Pablo, se trata de una especie corriente en nuestras costas, es del género Spermothamnion, pero no me atrevería a decir la especie, tendríamos que verla en el microscopio. Muchas gracias por tu interés en el proyecto. María",https://www.observadoresdelmar.es/Observations/1005915,,,1,
Algues Invasores,1005927,2016-08-10,40.9195,0.8423,Oriol Gené de la Rica,2016-08-10 11:21:40+00:00,2025-10-20 12:08:50.946603+00:00,No,No destacada,Yes,Caulerpa cylindracea,10-872--20160810-archivo 10-8-16 10 17 39.webp,"L'any passat no n'hi havia, aquest any l'estem trobant a varies cales de la zona",,"Moltes gràcies Oriol, els hi comunicarem als experts del grup de Catalunya perque ho tinguin en compte. Aquest any uns quants observadors de la costa Sur catalana ens ho heu comentat.",https://www.observadoresdelmar.es/Observations/1005927,,4,1,
Algues Invasores,1005928,2016-08-09,37.6308,-0.6995,Eulalia Rubio Perez,2016-08-10 12:44:11+00:00,2025-10-20 12:09:00.978078+00:00,Yes,Fotografia excel·lent,Yes,Caulerpa cylindracea,10-872--20160809-p1360035.webp,,,"Bona Eulàlia!!! Foto muy interesante sobre el posible impacto de la Caulerpa cylindracea sobre la Pinna nobilis. Hasta el momento se han estudiado los efectos de una otra alga invasora: Lophocladia lallemandii que también se coloca encima del bivalvo, elevando sus niveles de estrés al perjudicar su método de alimentación, la filtración. Buen apunte, aún no lo habíamos registrado aquí en ODM!!! Gracias",https://www.observadoresdelmar.es/Observations/1005928,,,1,
Algues Invasores,1005930,2016-07-09,42.7117,9.4556,GARRIDO Marie,2016-08-11 11:22:25+00:00,2016-09-22 16:40:14+00:00,No,No destacada,Yes,Codium fragile subsp. fragile,,Validated by scientists.,,"Contrairement à Codium vermilara son congénère, le sommet des branches se termine en forme aiguë de mucron (mamelon), normalment ça se peut voire dans la lupe binoculaire.",https://www.observadoresdelmar.es/Observations/1005930,,4,1,
Algues Invasores,1005931,2016-07-09,42.7117,9.4556,GARRIDO Marie,2016-08-11 11:23:51+00:00,2016-09-22 16:38:37+00:00,No,No destacada,Yes,Codium fragile subsp. fragile,,We have validated by scientists the species,,Cette Codium est très vigoureuse et large tolérance écologique. Pas encore très bien connu invasivité. Merci! ,https://www.observadoresdelmar.es/Observations/1005931,,,,
Algues Invasores,1005933,2016-06-25,42.5801,8.7247,GARRIDO Marie,2016-08-11 11:47:05+00:00,2025-10-20 12:05:21.365560+00:00,Yes,Fotografia excel·lent,Yes,Codium fragile subsp. fragile,10-881--20160625-codium_fragile_port_stareso_d.buron_25062016.webp,,,"Merci beaocoup Marie pour tout l'effort faite! Nous destacons cette image parce que c'est la première observation-ODM pour cette espèce à la Corse. Il a été mentionné pour la première fois en Méditerranée en 1955, il est donc déjà courante dans cette mer. Pas encore très bien connu invasivité.",https://www.observadoresdelmar.es/Observations/1005933,,5,,
Algues Invasores,1005941,2008-09-20,42.7122,9.4564,GARRIDO Marie,2016-08-11 12:18:34+00:00,2025-10-20 12:05:18.588909+00:00,Yes,Fotografia excel·lent,Yes,Asparagopsis armata,10-875--20080920-asparagopsis_armata_d.buron.webp,http://doris.ffessm.fr/Especes/Asparagopsis-armata-Algue-a-crochets-1088,,"Great observation! This species has two distinct phases and you got the most difficult one to see, the tetrasporophyte phase (previously identified as Falkenbergia rufolanosa). Good eye!. A. armata is native to the Southern hemisphere, and it has been introduced to the NE Atlantic Ocean and the Mediterranean Sea.",https://www.observadoresdelmar.es/Observations/1005941,,,,
Algues Invasores,1005943,2013-07-09,42.3604,8.5505,GARRIDO Marie,2016-08-11 12:38:03+00:00,2025-10-20 12:05:21.561255+00:00,Yes,Fotografia excel·lent,Yes,Womersleyella setacea,10-878--20130709-womersleyella setacea_corse_pergent (1).webp,MedMis / Gérard Pergent ,,"First observation for Womersleyella setacea at Seawatchers. We are very proud to have you in our observers, and Gérard Pergent as well!",https://www.observadoresdelmar.es/Observations/1005943,,,,
Algues Invasores,1005951,2016-08-08,41.5974,8.787,GARRIDO Marie,2016-08-11 14:03:10+00:00,2025-10-20 12:05:21.981928+00:00,No,No destacada,Yes,Caulerpa cylindracea,10-872--20150808-caulerpa cylindracea_agulia_08aout2016_m.paul.webp,,,Merci beaucoup Marie!! First data in Corsica for Caulerpa cylindracea!! ,https://www.observadoresdelmar.es/Observations/1005951,,1,2,
Algues Invasores,1005952,2016-07-31,42.5727,8.7055,GARRIDO Marie,2016-08-11 14:05:14+00:00,2025-10-20 12:05:22.126423+00:00,No,No destacada,Yes,Caulerpa cylindracea,10-872--20160731-caulerpa_cylindracea_stareso_072016_k.lerissel (3).webp,,,,https://www.observadoresdelmar.es/Observations/1005952,,20,3,
Algues Invasores,1005953,2016-07-30,42.5852,8.7288,GARRIDO Marie,2016-08-11 14:06:33+00:00,2025-10-20 12:05:18.544126+00:00,Yes,Fotografia excel·lent,Yes,Caulerpa cylindracea,10-872--20160730-caulerpa_cylindracea_stareso_072016_k.lerissel (1).webp,,,Thank you Marie! Our first citation from Corsica! Very beautiful picture of the detail. ,https://www.observadoresdelmar.es/Observations/1005953,,20,3,
Algues Invasores,1005954,2003-11-01,42.7207,9.4605,GARRIDO Marie,2016-08-11 14:12:49+00:00,2016-09-12 16:49:53+00:00,No,No destacada,Yes,Caulerpa cylindracea,,"For all Caulerpa cylindracea (2003-2015) observations all information has been verified and validated by scientists (University of Corsica, Nice University) through Network Caulerpa.

",,Merci beaucoup Marie et a tout l'equipe de le Réseau Alien Corse. Your historical observations are very important to have a general picture of the invasion.,https://www.observadoresdelmar.es/Observations/1005954,,,,
Algues Invasores,1005955,2003-08-08,42.5208,9.5391,GARRIDO Marie,2016-08-11 14:14:36+00:00,2017-03-13 17:58:43+00:00,No,No destacada,Yes,Caulerpa cylindracea,,,,"Thank you for sending this data from 2003 it is very valuable!! We understand that sometimes is difficult to have photos for historical observations, but coming from a scientific team, we are taking this as validated. Merci. Laura R.",https://www.observadoresdelmar.es/Observations/1005955,,35,2,
Algues Invasores,1005956,2003-11-01,41.4053,9.2209,GARRIDO Marie,2016-08-11 14:15:47+00:00,2016-09-12 17:33:25+00:00,No,No destacada,Yes,Caulerpa cylindracea,,"I understand the difficulty to validate observations without photo, but unfortunately I have not the pictures for old observations. For all Caulerpa cylindracea (2003-2015) observations all information has been verified and validated by scientists (University of Corsica, Nice University) through Network Caulerpa.",,Merci beaucopus Marie et a tout l'equipe de la Réseau Alien Corse.,https://www.observadoresdelmar.es/Observations/1005956,,,,
Algues Invasores,1005957,2004-10-02,42.6805,9.4584,GARRIDO Marie,2016-08-11 14:17:26+00:00,2025-10-20 12:05:50.088384+00:00,Yes,Fotografia excel·lent,Yes,Caulerpa cylindracea,"10-872--20041002-cracemosa (bastia, pergent 2004).webp",,,Impressionant coberture de cette algue verte. Merci beaucoup Marie de la Corsica. Nous attendond pour les autres photos.,https://www.observadoresdelmar.es/Observations/1005957,,25,3,
Algues Invasores,1005958,2004-08-17,41.6782,8.9005,GARRIDO Marie,2016-08-11 14:19:35+00:00,2017-03-13 17:59:11+00:00,No,No destacada,Yes,Caulerpa cylindracea,,,,"Thank you for sending this information. We understand that sometimes is difficult to have photos for historical observations, but coming from a scientific team as you are, we are taking this as validated. Merci. Laura R.",https://www.observadoresdelmar.es/Observations/1005958,,25,3,
Algues Invasores,1005959,2004-09-15,41.5083,9.3907,GARRIDO Marie,2016-08-11 14:32:58+00:00,2016-09-12 16:15:51+00:00,No,No destacada,Yes,Caulerpa cylindracea,,"

For all Caulerpa cylindracea (2003-2015) observations all information has been verified and validated by scientists (University of Corsica, Nice University) through Network Caulerpa.",,Merci beaucoup Marie et a tout l'equipe de le Réseau Alien Corse.  Your historical observations are very important to have a general picture of the invasion.,https://www.observadoresdelmar.es/Observations/1005959,,25,,
Algues Invasores,1005960,2005-11-06,42.6821,9.4511,GARRIDO Marie,2016-08-11 14:35:20+00:00,2017-03-13 17:53:59+00:00,No,No destacada,Yes,Caulerpa cylindracea,,,,"Thank you for sending this observation of C. cylindracea. We understand that sometimes is difficult to have photos for historical observations, but coming from a scientific team, we are taking this as validated. Merci. Laura R.",https://www.observadoresdelmar.es/Observations/1005960,,20,,
Algues Invasores,1005961,2006-05-15,41.3769,9.2273,GARRIDO Marie,2016-08-11 14:37:35+00:00,2017-03-13 17:51:23+00:00,No,No destacada,Yes,Caulerpa cylindracea,,"I understand the difficulty to validate observations without photo, but unfortunately I have not the pictures for old observations. For all Caulerpa cylindracea (2003-2015) observations all information has been verified and validated by scientists (University of Corsica, Nice University) through Network Caulerpa.",,Merci beaucoup Marie et a tout l'equipe de le Réseau Alien Corse. Your historical observations are very important to have a general picture of the invasion.,https://www.observadoresdelmar.es/Observations/1005961,,,,
Algues Invasores,1005962,2006-11-13,41.9191,8.7442,GARRIDO Marie,2016-08-11 14:38:58+00:00,2017-03-13 17:56:33+00:00,No,No destacada,Yes,Caulerpa cylindracea,,,,"Thank you for sending this data. We understand that sometimes is difficult to have photos for historical observations, but coming from a scientific team as you are, we are taking this as validated. Merci. Laura R.",https://www.observadoresdelmar.es/Observations/1005962,,,3,
Algues Invasores,1005963,2007-08-15,42.7061,9.4581,GARRIDO Marie,2016-08-11 14:40:43+00:00,2017-03-13 17:53:18+00:00,No,No destacada,Yes,Caulerpa cylindracea,,"For all Caulerpa cylindracea (2003-2015) observations all information has been verified and validated by scientists (University of Corsica, Nice University) through Network Caulerpa.",,"Thank you for sending this information. We understand that sometimes is difficult to have photos for historical observations, but coming from a scientific team, we are taking this as validated. Merci. Laura R.",https://www.observadoresdelmar.es/Observations/1005963,,26,,
Algues Invasores,1005964,2007-08-15,42.3574,9.5435,GARRIDO Marie,2016-08-11 14:42:25+00:00,2017-03-13 17:54:33+00:00,No,No destacada,Yes,Caulerpa cylindracea,,"I understand the difficulty to validate observations without photo, but unfortunately I have not the pictures for old observations. For all Caulerpa cylindracea (2003-2015) observations all information has been verified and validated by scientists (University of Corsica, Nice University) through Network Caulerpa.",,Merci beaucoup Marie et a tout l'equipe de le Réseau Alien Corse. Your historical observations are very important to have a general picture of the invasion. Laura R,https://www.observadoresdelmar.es/Observations/1005964,,,,
Algues Invasores,1005965,2007-07-23,41.78,9.405,GARRIDO Marie,2016-08-11 14:44:13+00:00,2016-09-12 16:15:27+00:00,No,No destacada,Yes,Caulerpa cylindracea,,"For all Caulerpa cylindracea (2003-2015) observations all information has been verified and validated by scientists (University of Corsica, Nice University) through Network Caulerpa.

",,Merci beaucoup Marie et a tout l'equipe de le Réseau Alien Corse.  Your historical observations are very important to have a general picture of the invasion.,https://www.observadoresdelmar.es/Observations/1005965,,36,3,
Algues Invasores,1005967,2007-06-01,42.8408,9.4855,GARRIDO Marie,2016-08-11 14:59:31+00:00,2017-03-13 17:56:55+00:00,No,No destacada,Yes,Acrothamnion preissii,,"SALES M., BALLESTEROS E., 2010.

Long-term comparison of algal assemblages dominated by

Cystoseira crinita (Fucales, Heterokontophyta) from Cap Corse

(Corsica, North Western Mediterranean)

European Journal of Phycology",,"Thank you for sending this information. We understand that sometimes is difficult to have photos for historical observations, but coming from a scientific team, we are taking this as validated. Dr. Ballesteros is also part of our team. Merci. Laura R.",https://www.observadoresdelmar.es/Observations/1005967,,,,
Algues Invasores,1005968,2007-06-01,42.8722,9.4788,GARRIDO Marie,2016-08-11 15:00:52+00:00,2017-03-13 17:55:42+00:00,No,No destacada,Yes,Acrothamnion preissii,,"Sales & Ballesteros, 2010.

Long-term comparison of algal assemblages

dominated by Cystoseira crinita (Fucales,

Heterokontophyta) from Cap Corse (Corsica, North

Western Mediterranean).

European Journal of Phycology",,"Thank you for sending this information. We understand that sometimes is difficult to have photos for historical observations, but coming from a scientific team, we are taking this as validated. Dr. Ballesteros is also part of our team. Merci. Laura R.",https://www.observadoresdelmar.es/Observations/1005968,,,,
Algues Invasores,1005969,2007-06-01,42.966,9.3474,GARRIDO Marie,2016-08-11 15:02:23+00:00,2017-03-13 17:38:27+00:00,No,No destacada,Yes,Acrothamnion preissii,,"Sales & Ballesteros, 2010.

Long-term comparison of algal assemblages

dominated by Cystoseira crinita (Fucales,

Heterokontophyta) from Cap Corse (Corsica, North

Western Mediterranean).

European Journal of Phycology",,"Thank you to all the team of the ""Réseau Alien Corse"" for subscribing this observation to this citizen science project. We hope to see you soon. Laura R",https://www.observadoresdelmar.es/Observations/1005969,,,,
Algues Invasores,1005970,2007-06-01,42.7326,9.3416,GARRIDO Marie,2016-08-11 15:03:20+00:00,2016-11-15 14:14:18+00:00,No,No destacada,Yes,Acrothamnion preissii,,"Sales & Ballesteros, 2010.

Long-term comparison of algal assemblages

dominated by Cystoseira crinita (Fucales,

Heterokontophyta) from Cap Corse (Corsica, North

Western Mediterranean).

European Journal of Phycology",,Merci Marie Garrido! And thank you to all the invasive species team for all the effort!,https://www.observadoresdelmar.es/Observations/1005970,,,,
Algues Invasores,1005975,2016-08-10,39.4981,2.7469,Mika Noguera,2016-08-13 00:15:02+00:00,2016-08-13 01:15:46+00:00,No,No destacada,Yes,Halimeda incrassata,,,,"Gracis Mika! Et vas fixar si estava sobre mata morta, sorra?",https://www.observadoresdelmar.es/Observations/1005975,,,2,
Algues Invasores,1005976,2015-08-15,39.3255,2.9854,Fiona Tomas Nash,2016-08-13 01:39:57+00:00,2016-09-22 16:31:22+00:00,No,No destacada,Yes,Halimeda incrassata,,"sobre arena, mata y roca zona somera. No tinc foto però sé segur que és Halimeda incrassata.",,Gràcies per deixar palesa la dada a ODM! Aquestes primeres dades de la invasió són molt importants per entendre-la!,https://www.observadoresdelmar.es/Observations/1005976,,,1,
Algues Invasores,1005982,2016-08-06,41.673,2.8022,Meritxell Perez Martinez,2016-08-16 12:39:48+00:00,2025-10-20 12:09:01.457403+00:00,No,No destacada,Yes,Caulerpa cylindracea,10-872--20160806-dsc05879.webp,Colonia d'algues bastant abundants.,,"Moltíssimes gràcies per pujar la fotografia!! Efectivament és Caulerpa cylindracea, abans coneguda com a Caulerpa racemosa var. cylindracea, una de les espècies d'alga verda més invasores de la història del Mediterrani.",https://www.observadoresdelmar.es/Observations/1005982,,14,2,
Algues Invasores,1005988,2016-08-09,39.462,2.4715,LENKA JUSKANICOVA,2016-08-18 17:59:13+00:00,2025-10-20 12:09:01.982826+00:00,No,No destacada,Yes,Caulerpa cylindracea,10-872--20160809-img_6194a.webp,Las algas encontradas también frente de este Cerianthus membranaceus del color amarillo que veo en este sitio ya hace 10 aňos.,,"Muchas gracias Lenka, en este caso se ve que a cómo Caulerpa cylindracea alarga su estolón para poder captar más luz.",https://www.observadoresdelmar.es/Observations/1005988,,8,2,
Algues Invasores,1005995,2016-08-18,39.4515,2.7408,Laura Royo Marí,2016-08-18 19:24:05+00:00,2025-10-20 12:09:02.295551+00:00,No,No destacada,Yes,Halimeda incrassata,10-922--20160818-20160818_192032.webp,Alga trobada en un redol de sorra entre roques,,"Moltes gràcies qualsevol nova localització d'Halimeda incrassata és molt benvinguda, sobretot en aquest estta inicial d'invasió.",https://www.observadoresdelmar.es/Observations/1005995,,2,1,
Algues Invasores,1005996,2016-08-18,37.6431,-0.6645,Marta I. Terry López,2016-08-18 23:22:11+00:00,2025-10-20 12:08:56.680286+00:00,No,No destacada,Yes,Caulerpa cylindracea,10-872--20160818-img_6086.webp,Piles 2 (Cabo de Palos).,,"Muchas gracias Marta, si seguimos la información de un artículo de un investigador croata que hizo con Sarcotragus, a este individuo de esponja no le quedan más de 6 meses de vida.",https://www.observadoresdelmar.es/Observations/1005996,,16,2,
Algues Invasores,1006002,2016-08-18,37.6416,-0.6679,Marta I. Terry López,2016-08-19 09:46:59+00:00,2025-10-20 12:08:40.683620+00:00,No,No destacada,Yes,Caulerpa cylindracea,10-872--20160818-img_6065.webp,"Entramado muy denso, sobre Halimeda sp.

Piles 2 (Cabo de Palos).",,,https://www.observadoresdelmar.es/Observations/1006002,,14,2,
Algues Invasores,1006011,2016-08-19,39.536,2.3766,LENKA JUSKANICOVA,2016-08-22 05:39:55+00:00,2025-10-20 12:09:02.863174+00:00,No,No destacada,Yes,Caulerpa cylindracea,10-872--20160819-img_7052a.webp,"Esta alga sube creciendo por la esponja como igual veo que está capaz colonizar o pegarse a cualquier tipo de fondo, roca o organismo.",,"Lenka, es la misma esponja que colgaste hace un par de meses? Muchas gracias por tus observaciones tan detalladas y tus preciosas imágenes!",https://www.observadoresdelmar.es/Observations/1006011,,3,2,
Algues Invasores,1006015,2016-08-21,41.6732,2.8013,Meritxell Perez Martinez,2016-08-22 14:02:08+00:00,2025-10-20 12:09:03.882159+00:00,No,No destacada,Yes,Caulerpa cylindracea,10-872--20160821-dsc05974.webp,Esta localitzada en una zona on cada cop es poden identificar i observar mes exemplars.,,Moltes gràcies Blanes Sub per la vostra participació al projecte #Alguesinvasores. El fet de trobar aquesta població just a l'exterior del port de Blanes ens ajuda a veure com pot haver arribat fins aquí... les ancles de les embarcacions s'han de fer ben netes de qualsevol resta per evitar expandir noves espècies.,https://www.observadoresdelmar.es/Observations/1006015,,5,2,
Algues Invasores,1006032,2016-08-20,39.3258,2.9863,Bernat Sureda Garcia,2016-08-25 10:23:57+00:00,2025-10-20 12:09:03.943170+00:00,Yes,Fotografia excel·lent,Yes,Halimeda incrassata,10-922--20160820-algapetita.webp,,,Moltes gracis Bernat! Primera observació d’Halimeda incrassata d’un observador! I primera fora de la Badia de Palma.. o sigui que ja es va expandint,https://www.observadoresdelmar.es/Observations/1006032,,2,2,
Algues Invasores,1006058,2016-08-29,41.198,1.6722,Pablo  Ruiz ,2016-08-29 14:22:15+00:00,2025-10-20 12:09:04.067065+00:00,No,No destacada,Yes,,10-99999--20160829-captura de pantalla 2016-08-29 a las 14.18.59.webp,,,"Hola Pablo, 



se trata de una especie habitual en los fondos hemiesciòfilos, Halopteris filicina. No está en su mejor momento, pero no se trata de ninguna invasora. Muchas gracias por colaborar, ante la duda está muy bien que nos envíes fotos y te confirmamos en caso de poder determinarla. Maria Garcia",https://www.observadoresdelmar.es/Observations/1006058,,,1,
Algues Invasores,1006059,2016-08-28,40.9089,0.8305,Ferran Asensio Jou,2016-08-29 17:15:06+00:00,2025-10-20 12:09:04.168107+00:00,No,No destacada,Yes,Caulerpa cylindracea,10-872--20160828-caulerpa.webp,,,"Moltsíssimes gràcies Ferran, l'expasió d'aquesta alga invasora és una de les més vigoroses de la història del Mediterrani i ja se n'estan notants els efectes, si en vols saber una mica més, pots consultar la nostra pàgina web ojoinvasoras.info. Gràcies per la teva contribució. Laura",https://www.observadoresdelmar.es/Observations/1006059,,5,1,
Algues Invasores,1006067,2016-08-30,40.91,0.8306,Eli / Aurora Bonfill / Requena,2016-08-30 13:20:23+00:00,2016-11-16 18:16:22+00:00,No,No destacada,Yes,,,Taca de 1mx2m,,"Hola de nou Eli, de moment, la deixarem com observació d'Anadyomene stellata, que és el que sembla més probable... Moltes gràcies pel teu interés i seguirem esperant les teves observacions!



Hola Eli, en tens cap fotografia? Si es realment Stypopodium

schimperi, seria una observaicó molt important, doncs encara no s'ha trobat a la banda occidental del Mediterrani. Pot confondre's amb l'alga autòctona Zonaria tournefortii,es distingeixen sota el microscopi pel nombre de capes de cèl·lules corticals: 4–5 capes de cèl·lules a S. schimperi i 1–2 a Z. tournefortii. S'assembla també a la comuna Padina pavonica, encara que aquesta té un color marró-blanquinós més opac i tant la fulla com la vora enrotllats.

Gràcies",https://www.observadoresdelmar.es/Observations/1006067,,5,1,
Algues Invasores,1006097,2016-08-02,41.1958,1.666,Pablo  Ruiz ,2016-09-02 19:52:59+00:00,2025-10-20 12:09:04.268346+00:00,No,No destacada,Yes,,10-879--20160802-captura de pantalla 2016-09-02 a las 19.48.43.webp,Abundante en la zona interior de un espigón entremezclada con otras algas del mismo color. este ejemplar estaba prácticamente camuflado entre las demás. son muy pequeñas y dificiles de distinguir. ¿ Spyridia filamentosa  ?,,"Hola Pablo,

podría ser pero no te la puedo determinar sin el ejemplar. También podría ser una Ceramial o un Callithamnion... Si me la envías la determinamos. 



María García CEAB-CSIC

Camí accés cala Sant Francesc 14

17300 Blanes",https://www.observadoresdelmar.es/Observations/1006097,,,2,
Algues Invasores,1006098,2016-09-02,41.1958,1.666,Pablo  Ruiz ,2016-09-02 19:58:20+00:00,2025-10-20 12:09:04.391764+00:00,No,No destacada,Yes,Codium fragile subsp. fragile,10-881--20160802-codium fragile.webp,,,"Muchas gracias Pablo! Perfecta tu observación!

Seguimos aunando esfuerzos para detectar las invasoras.",https://www.observadoresdelmar.es/Observations/1006098,,,1,
Algues Invasores,1006113,2016-09-03,41.1959,1.6661,Pablo  Ruiz ,2016-09-03 20:16:07+00:00,2025-10-20 12:09:04.552875+00:00,No,No destacada,Yes,Codium fragile subsp. fragile,10-881--20160903-captura de pantalla 2016-09-03 a las 20.10.53.webp,"En la segunda observación se localizan unos ocho ejemplares en las rocas, algunos recubiertos de algas rojas.",,"Muchas gracias Pablo, estas fotografías de detalle indican que efectivamente este Codium es la sp. fragile de carácter invasor en el Mediterráneo. Laura R.",https://www.observadoresdelmar.es/Observations/1006113,,1,2,
Algues Invasores,1006153,2016-09-06,38.001,-0.6481,SIMON ARENAS SAEZ,2016-09-10 05:29:19+00:00,2025-10-20 12:09:05.231952+00:00,No,No destacada,Yes,,10-880--20160906-oi000012-f.webp,"En esta fotografía se puede ver que el fondo, en general rocoso esta cubierto casi en su totalidad por este Alga. Es muy común en mis inmersiones en Apnea ver este tipo, sobre todo en la zona de Torrevieja y alrededores, y como se puede ver en este caso casi cubre por completo la zona de roca donde se encontraba.

Curioso el paso de dos Dentones jóvenes que estaban tranquilos en esa zona, tranquilos, dejándose llevar por una pequeña corriente que en ese momento había.",,"Hola Simón! creo que debe haber un error... o es que la temperatura del agua en abril en Torrevieja es de cine!!! La especie que veo en la foto también podría ser Padina pavonica, que es típica en primavera-principio de verano, pero a 26ºC ya empieza a declinar. Si tuvieras una fotografia del alga más de cerca podría asegurarte si se trata de Padina o de Stipopodium, ya que son especies que se parecen mucho.",https://www.observadoresdelmar.es/Observations/1006153,,9,3,
Algues Invasores,1006161,2016-09-07,39.809,2.7035,LENKA JUSKANICOVA,2016-09-10 18:11:11+00:00,2025-10-20 12:09:06.063262+00:00,No,No destacada,Yes,Caulerpa cylindracea,10-872--20160907-img_9061.webp,"El norte de la isla está castigada por mucho mas temporales que la otras partes , entonces una opinion es que la escasa abundancia, en dos inmersiones por el mismo lugar he encontrado solo dos pequeňos ejemplares, no se pueden agarrar bien al subdstrato y estan arrancadas por el mar movido que esta habitual en el norte de la isla.",,"Muchísimas gracias Lenka. Además la ruta de invasión de C. cylindracea fue desde la Bahía de Palma hacia el sur. En el norte además, hay menos tráfico marítimo y anclas que pueden llevar enganchada algún resto de alga. ",https://www.observadoresdelmar.es/Observations/1006161,,5,1,
Algues Invasores,1006174,2016-09-07,39.798,2.6787,LENKA JUSKANICOVA,2016-09-10 21:34:09+00:00,2025-10-20 12:09:06.774747+00:00,No,No destacada,Yes,Asparagopsis taxiformis,10-874--20160907-img_9022a.webp,"Igual como la cualerpa, esta alga se encuentra en la minima abundancia en este norte de la isla al contrario del sur de la isla.",,"Muchas gracias, además en esta época del año ya se hace muy difícil verla, es más de aguas frias.",https://www.observadoresdelmar.es/Observations/1006174,,4,1,
Algues Invasores,1006192,2016-09-11,39.3564,3.2094,Margarita Casado Salas,2016-09-11 21:58:00+00:00,2025-10-20 12:10:50.320750+00:00,No,No destacada,No,,10-99999--20160911-p8111709.webp,"Lo siento no soy experta , pero hoy al ir a nadar e visto el agua verde y las praderas de posidonia recubiertas de polvo o filamentos de una alga que recubría casi la totalidad del fondo marino... me a preocupado mucho ya en esa zona hay una gran biodiversidad y la posidonia parecía enferma...siento no saber identificar con exactitud el alga invasora, me gustaría saber que se puede hacer , ayudar como sea posible,,,muchas gracias ..... espero que esta foto os ayude mas, lo siento no tengo fotos mas claras, ",,"Hola Margarita, así a primera vista no se ve muy bien esta capa que recubre. Tiene una foto más de cerca? Alguna con posidonia como mencionas? Laura R.",https://www.observadoresdelmar.es/Observations/1006192,,,3,
Algues Invasores,1006204,2016-09-12,41.1981,1.6721,Pablo  Ruiz ,2016-09-12 20:48:56+00:00,2025-10-20 12:09:06.950474+00:00,No,No destacada,Yes,,10-99999--20160912-dscn6985.webp,,,"Hola Pablo,



se trata de Padina pavonica, que es habitual en los fondos fotófilos.



Gracias por tu observación



Maria Garcia CEAB",https://www.observadoresdelmar.es/Observations/1006204,,,1,
Algues Invasores,1006205,2016-09-11,39.5445,2.5969,Gema Hernán Martínez,2016-09-12 22:01:53+00:00,2025-10-20 12:09:07.361490+00:00,No,No destacada,Yes,Caulerpa cylindracea,10-872--20160911-img_20160911_162420.webp,,,Moltes gràcies Gema per enviar-nos aquest bocinet de Caulerpa cylindracea de la badia de Palma. Sabies que degut a gran quantitat de sectors  vectors que hi operen és la Badia més castigada i potenialment més envaible per espècies exòtiques?. Gràcies,https://www.observadoresdelmar.es/Observations/1006205,,,2,
Algues Invasores,1006207,2016-07-17,39.536,2.3766,LENKA JUSKANICOVA,2016-09-13 20:38:18+00:00,2025-10-20 12:09:07.894041+00:00,No,No destacada,Yes,Asparagopsis taxiformis,10-874--20160717-img_3877a.webp,esta mata es el segimiento de la misma colgada el 11.06. como CM1,,Perfecto.. ya ves que el color ya no es tan rosado.... posiblemente muestre signos de degradacion. Gracias!,https://www.observadoresdelmar.es/Observations/1006207,,2,2,
Algues Invasores,1006208,2016-07-28,39.536,2.3766,LENKA JUSKANICOVA,2016-09-13 20:42:21+00:00,2025-10-20 12:09:08.465330+00:00,No,No destacada,Yes,Asparagopsis taxiformis,10-874--20160728-img_5251a.webp,LA MATA DEL SEGUIMIENTO COMO   CM 1.YA ME HA SORPRENDIDO COMO SE REDUCIÓ MUCHO Y QUEDO EL RESTO DE LA MATA GRANDE.,,,https://www.observadoresdelmar.es/Observations/1006208,,,,
Algues Invasores,1006210,2016-08-11,39.536,2.3766,LENKA JUSKANICOVA,2016-09-13 20:45:24+00:00,2025-10-20 12:05:49.259149+00:00,No,No destacada,Yes,Asparagopsis taxiformis,10-874--20160811-img_6526a.webp,EL RESTO DE LA MATA DEL SEGIMIENTO CM 1,,,https://www.observadoresdelmar.es/Observations/1006210,,2,2,
Algues Invasores,1006211,2016-08-19,39.536,2.3766,LENKA JUSKANICOVA,2016-09-13 20:48:12+00:00,2025-10-20 12:09:00.689068+00:00,No,No destacada,Yes,Asparagopsis taxiformis,10-874--20160819-img_7035a.webp,LA POCA COSA QUE QUEDA DE LA MATA DEL SEGIMIENTO DE CM1,,"Muchas gracias, no es tan usual que en esta época del año aún se vean, prefieren agua cálidas. Veremos hasta cuando aguanta este tallo.",https://www.observadoresdelmar.es/Observations/1006211,,2,,
Algues Invasores,1006241,2016-09-23,39.5251,2.5476,José Félix García Granadal,2016-09-24 09:38:52+00:00,2025-10-20 12:09:08.960910+00:00,No,No destacada,Yes,,10-876--20160923-p1030080 copia.webp,"Está bastante extendida y como se ve en la imagen está en fase de crecimiento.

Habían muchas sueltas con raíces desplazándose por el movimiento del agua.",,"Hola Jose Felix, muchas gracias por tu observación. Esta alga es efectivamente una Caulerpa, pero es una Caulerpa prolifera, no taxifolia. C. prolifera no es invasora, es nativa del Mediterráneo pero tiene pocos requerimientos de aguas, por eso es es cada vez más fácil verla sobre fondos fangosos, puertos y muchos otros ambientes. ",https://www.observadoresdelmar.es/Observations/1006241,,,2,
Algues Invasores,1006242,2016-09-23,39.5251,2.5476,José Félix García Granadal,2016-09-24 09:53:27+00:00,2025-10-20 12:09:09.669474+00:00,No,No destacada,Yes,,10-99999--20160923-p1030082 copia.webp,"Este tipo de planta no se si es invasora o no, parece posidonia pero creo que no lo es.

Envío foto para consultar. Había bastante y tengo alguna foto más por si necesitarais alguna.",,"Hola José Félix, esta especie es Cymodoce nodosa, otra fanerógama marina como la Posidonia oceanica. No es invasora, se distribuye naturalmente en el Mediterráneo y Atlántico oriental y subtropical (hasta Senegal). Ofrece también muchos servicios ecosistémicos para la humanidad. Podrías cambiar el proyecto donde has incluido esta observación al de Praderas marinas? Gracias",https://www.observadoresdelmar.es/Observations/1006242,,1,2,
Algues Invasores,1006244,2016-09-23,38.001,-0.6481,SIMON ARENAS SAEZ,2016-09-24 18:09:40+00:00,2025-10-20 12:09:09.741493+00:00,No,No destacada,Yes,,10-880--20160923-img_20160924_175331.webp,"Alga encontrada a unos 9 mts de profundidad, en una zona variada entre fondos rocosos con grietas y cuevas y fondos de Posidonia y algunos claros de arena. 

Bastantes ejemplares, a unos 5cm entre sí, con muy buen aspecto, un gran color entre blanco y amarillo y de un tamaño entre 3 y 4 cm.

Es una especia de Alga bastante común en la zona de Torrevieja y suele estar en fondos entre 6 y 10 metros y muchas veces encima de la roca a muy poca profundidad y otras casi en superficie.",,Stypopodium schimperi y Padina sp. son algas extremadamente parecidas. Yo en éste caso y sin el ejemplar en mi mano diría que se trata de una Padina grande que empieza a estar deteriorada y sedimentada... Muchas gracias por tu observación Simón!,https://www.observadoresdelmar.es/Observations/1006244,,9,2,
Algues Invasores,1006247,2016-09-23,38.001,-0.6481,SIMON ARENAS SAEZ,2016-09-24 18:53:18+00:00,2025-10-20 12:07:45.417041+00:00,No,No destacada,Yes,,10-876--20160923-posidonia.webp,Alga fotografia en Apnea a unos 9 metros de profundidad. El água estaba a 21º. No estoy seguro si es Posidonia o es un Alga del tipo Caulerpa Taxifolia. Se encontraba cubriendo un fondo de otros tipos de Algas y rocas.,,"Hola Simon, no es ninguna alga invasora, es Posidonia oceanica comida!!! Por eso está tan corta, además a finales de verano, al ser una planta caducifolia, las hojas también van perdiendo la partes viejas y necrosadas por los epífitos. Sería interesante si pudieras cambiar esta observación al proyecto de praderas, yo desde mi editor no puedo. Muchísimas gracias por la colaboración, además de la dificultad añadida de hacer fotos en apnea!!!",https://www.observadoresdelmar.es/Observations/1006247,,9,2,
Algues Invasores,1006262,2016-09-28,39.535,2.3756,LENKA JUSKANICOVA,2016-09-29 05:49:18+00:00,2025-10-20 12:09:11.356237+00:00,No,No destacada,Yes,Asparagopsis taxiformis,10-874--20160928-img_0037a.webp,"He buceado en la parte contraria que normalmente, a la derecha desde donde tambien mande la observación del día 12.06.Me ha sorprendido esta mata medio tamaňo pero de colores rosa como en la plena temporada y como no la veo ya en la otra parte de la cala y la mata que he eleguido para seguirla ha desaparecido,quedaron solo uno pocos restos.",,"Muy interesante que hayas encontrado esta especie a finales de Septiembre pues efectivamente es una especie que suele tener el pico en primavera y en verano ya es menos abundante..... Hay que seguir investigando!

Muchas gracias!",https://www.observadoresdelmar.es/Observations/1006262,,20,1,
Algues Invasores,1006263,2016-09-28,39.535,2.3756,LENKA JUSKANICOVA,2016-09-29 05:52:29+00:00,2025-10-20 12:07:36.602258+00:00,No,No destacada,Yes,Asparagopsis taxiformis,10-874--20160928-img_0054a.webp,La otra sorprendente mata como de la temporada alta de color rosa encontrada durante el mismo buceo en un poco menos profundidad pero también en la parte derecha de la cala donde no voy casi nunca.,,"Genial, Lenka, muchas gracias!! Seguimos descubriendo sitios!",https://www.observadoresdelmar.es/Observations/1006263,,17,1,
Algues Invasores,1006264,2016-09-28,39.536,2.3766,LENKA JUSKANICOVA,2016-09-29 06:02:12+00:00,2025-10-20 12:09:11.727718+00:00,No,No destacada,Yes,Asparagopsis taxiformis,10-874--20160928-img_0099.webp,Es un resto de la mata del seguimiento - CM1 que es un grande contrasta con las dos matas pequeňas pero bonitas que encontré en 20 m en la misma inmersión pero en la parte contraria de la cala.Me parece que esta se está recuperando.,,Muchas gracias Lenka! El hecho de que las matas en mejor estado (o más grandes) estén a mayor profundidad coincide con el hecho de que esta especie tiene la fase gametofítica (gran porte) cuando las aguas están más frias.,https://www.observadoresdelmar.es/Observations/1006264,,2,1,
Algues Invasores,1006276,2016-09-29,37.584,-1.0736,SIMON ARENAS SAEZ,2016-09-30 14:04:19+00:00,2025-10-20 12:09:12.541782+00:00,No,No destacada,Yes,,10-99998--20160929-290916-f22.webp,"Anémona Común fotografiada en Apnea en un fondo de unos 6 metros y con una temperatura del água de unos 21º.

Normalmente intento centrar la fotografia en el Centro de la Anémona ya que muchas veces puedes encontrar un tipo de crustáceo muy pequeño que vive dentro de esta, pero esta vez no lo pude fotografiar, pero me parecen unos organismos impresionates y esteticamente muy bonitos, aunque siempre hay que llevar cuidado con no rozarla. Pido disculpas si he cometido un error al ponerla en TIPO ALGAS, pero realmente no sabía donde colocar la Anemona dentro de Proyectos. 

Os agradeceré que me guieis en esto para futuras observaciones.",,Es una especie muy vistosa que luce muy bien en las fotografías! Aunque realmente no encaja en los proyectos abiertos actualmente en la plataforma. El nombre de la especie es Anemonia sulcata,https://www.observadoresdelmar.es/Observations/1006276,,6,2,
Algues Invasores,1006322,2016-09-30,39.4612,2.471,Andrés Suárez,2016-10-02 11:15:40+00:00,2025-10-20 12:09:12.934519+00:00,No,No destacada,Yes,Caulerpa cylindracea,10-872--20160930-dsc05279.webp,"Aparece otra especie en medio que no reconozco.

Video-https://dl.dropboxusercontent.com/u/31175923/Video/observacion.MP4",,"HOla Andrés, increíble la extensión de Caulerpa cylindracea en este fondo de 35 metros!! Muy profundo para una alga verde. El alga que la acompaña es Caulerpa prolifera, una alga Mediterránea, pero que a veces se asocia a lugares no tan pristinos, pues puede vivir también en zonas más degradadas, pero esta última no es invasora.",https://www.observadoresdelmar.es/Observations/1006322,,35,3,
Algues Invasores,1006333,2016-10-01,39.5447,2.6215,José Félix García Granadal,2016-10-02 14:18:58+00:00,2025-10-20 12:09:13.494594+00:00,No,No destacada,Yes,,10-876--20161001-p1030200 copia.webp,,,"Hola José Félix, muchas gracias por la observación. Esta alga que fotografias es Caulerpa prolifera, comparten género, por lo tanto tiene muchas cosas en común, su colorido, su forma de crecer, etc. pero la forma de las hojas es diferente. En C. taxifolia éstas están costadas como si de una pluma se tratara y en C. prolifera son enteras. Caulerpa prolifera es una alga mediterránea, no invasora. Laura Royo",https://www.observadoresdelmar.es/Observations/1006333,,12,1,
Algues Invasores,1006335,2016-09-20,39.4498,2.7421,Josep Antoni Aguilo Ribas,2016-10-02 21:44:28+00:00,2025-10-20 12:09:09.153952+00:00,No,No destacada,Yes,Halimeda incrassata,10-922--20160920-halimeda.webp,,,"Bones, Josep Antoni, efectivament aquesta és l'Halimeda invasora al Mediterrani, H.  incrassata. Està constituïda per una sèrie de discs (3-10 mm d'ample) de color verd molt viu, de vegades fluorescent, que es ramifiquen en forma de ventall des d'un únic tallus que s'uneix al substrat. Totes les observacions amb tfotografia que tingeu sobre aquesta espècie ens són molt utils, gràcies!",https://www.observadoresdelmar.es/Observations/1006335,,4,,
Algues Invasores,1006336,2016-08-24,38.8344,1.4015,Raul Dominguez Tur,2016-10-03 11:46:19+00:00,2016-11-15 14:34:24+00:00,No,No destacada,Yes,Caulerpa cylindracea,,Soc estudiant de Biologia i vaig poder identificar l'espècie,,"Moltes gràcies Raul per la identificació de Caulerpa cylindracea al PN de Ses SAlines d'Eivissa i Formentera. És una observaicó especialment important per estar feta a un espai natural protegit però un un intensiu del mateix, en aquest cas vaixells recreatius, que són un dels vectos d'expansió d'aquesta potennt alga invasora.",https://www.observadoresdelmar.es/Observations/1006336,,1,1,
Algues Invasores,1006337,2016-08-26,38.6793,1.5129,Raul Dominguez Tur,2016-10-03 11:53:34+00:00,2016-11-15 15:50:57+00:00,No,No destacada,Yes,Caulerpa cylindracea,,Era una població petita per inicipient. A prop de la costa. No tenia camara en aquell moment per lo que no hi ha foto.,,"Hola Raul, que en tens cap imatge d'aquesta observació? Si no en tinguessis igualment, fes-nos ho saber per poder assegurar la identificació de la espècies. Moltes de gracis. Laura",https://www.observadoresdelmar.es/Observations/1006337,,1,1,
Algues Invasores,1006344,2016-10-02,39.4599,2.7335,Mika Palmer Verger,2016-10-03 19:57:01+00:00,2016-12-12 01:02:58+00:00,No,No destacada,Yes,Halimeda incrassata,,"El lloc era entre Es velló i cala Vella (més a prop de cala Vella). N'hi havia per tot el redol de manera dispersa, en poca quantitat.",,"Hola Mika, moltíssimes gràcies per la teva col·laboració. Ens tens cap imatge per a poder-la identificar? 

Gràcies",https://www.observadoresdelmar.es/Observations/1006344,,1,1,
Algues Invasores,1006345,2016-10-02,41.9738,3.2233,Xavi Jardí,2016-10-03 22:34:30+00:00,2025-10-20 12:09:14.867055+00:00,Yes,Fotografia excel·lent,Yes,Caulerpa cylindracea,10-872--20161002-caulerna de carlos.webp,"S'han trobat en dos punts, intentarem documentar-ho mes.

Foto: Carlos Virgili / Risck",,"Moltes gràcies Xavi, efectivament aquesta alga és Caulerpa cylindracea. Estem cercant dades anteriors amb l'equip decatalunya de la mateixa espècie per la zona, us mantindrem informats. 

És una observació especialment important(ens estem trobant que C. cylindracea pot tenir més impactes a majors profunditats que zones someres), pel fet de ser un Espai Natural Protegit i pel fet de trobar-se sobre gorgònies. Fa uns anys es va estudiar l'impacte de C. cylindracea sobre gorgònies, on la supervivencia dels juveniles de la gorgònia Paramuricea clavata es reduien a la meitat. Seguim en contacte. Laura.",https://www.observadoresdelmar.es/Observations/1006345,,15,3,
Algues Invasores,1006359,2016-08-15,39.4499,2.7421,Josep Antoni Aguilo Ribas,2016-10-04 19:42:53+00:00,2025-10-20 12:09:10.148927+00:00,No,No destacada,Yes,Caulerpa cylindracea,10-872--20160815-20160815_131633.webp,Formant un cinturó,,"Increible cinturó de Caulerpa cylindracea aquesta roca de litoral intermareal de la Badia de Palma. No ens ha d'estranyar la seva presència, doncs aquesta badia és un gran port per a vaixells sobretot recreatius, que actuen com a vector d'expansió.",https://www.observadoresdelmar.es/Observations/1006359,,,3,
Algues Invasores,1006360,2012-08-29,39.7172,2.5873,Josep Antoni Aguilo Ribas,2016-10-04 19:45:14+00:00,2025-10-20 12:09:14.959170+00:00,No,No destacada,Yes,Caulerpa cylindracea,10-872--20120829-c. racemosa valldemossa  2012.webp,,,"Moltíssimes gràcies Josep Anotni, quin gust d'etiqueta! Efectivament és Caulerpa cylindracea, probablement ara mateix l'alga invasora més extesa del MEditerrani occidental. Ens en podries dir l'abundància?",https://www.observadoresdelmar.es/Observations/1006360,,,,
Algues Invasores,1006361,2012-08-28,39.692,2.5144,Josep Antoni Aguilo Ribas,2016-10-04 19:46:46+00:00,2025-10-20 12:09:12.192955+00:00,No,No destacada,Yes,Caulerpa cylindracea,10-872--20120828-c. racemosa banyalbufar 2012.webp,En un lloc ombrivol i encalmat.,,"Moltmes gràcies Josep Antoni. Si Caulerpa cylindracea pot viure a gairebé qualsevol substrat i sota moltes condicions, zones molt il·luminades o poc, sobre diferents substrats, això la fa una molt bona invasora! Recordes l'abundància a aquest lloc?",https://www.observadoresdelmar.es/Observations/1006361,,,,
Algues Invasores,1006363,2016-09-11,40.9205,0.8421,Jaume Folch López,2016-10-05 17:13:25+00:00,2025-10-20 12:09:15.021162+00:00,No,No destacada,Yes,Caulerpa cylindracea,10-872--20160911-caulerpa.webp,"es tracta d'una ""taca"" de mig metre de costat, aproximadament",,"Genial Jaume, moltes gràcies per la teva observació i el detall de les fotos. Està molt estesa i és agressiva al Mediterrani. Es va observar per primera vegada a la costa de Líbia el 1990. Causa un sever impacte ecològic sobre les comunitats vegetals autòctones podent arribar a substituir-les gairebé per complet. Tant és així que està considerada una de les 100 pitjors espècies invasores del Mediterrani.",https://www.observadoresdelmar.es/Observations/1006363,,7,2,
Algues Invasores,1006365,2016-10-05,39.5329,2.3629,José Félix García Granadal,2016-10-06 00:08:56+00:00,2025-10-20 12:09:15.814968+00:00,No,No destacada,Yes,Caulerpa cylindracea,10-872--20161005-p1030366.webp,,,Muchas gracias José por tu observación de C. cylindracea cerca de el Puerto de Andratx. Te paso el link de una noticia del País de un muestreo que realizamos  donde encontramos en la Mola de Andratx esta misma especie: http://politica.elpais.com/politica/2015/11/12/actualidad/1447350497_261501.html,https://www.observadoresdelmar.es/Observations/1006365,,18,1,
Algues Invasores,1006367,2016-09-25,36.736,-3.7568,Mercedes Martín Ruiz,2016-10-06 15:21:36+00:00,2025-10-20 12:07:52.377305+00:00,Yes,Fotografia excel·lent,Yes,Caulerpa cylindracea,10-872--20160925-08 19 75 arca de noe y caulerpas.webp,Esta observación fue en el año 2012 en zona de Villaricos (Almería),,"Hola Mercedes, muchísimas gracias por esta foto histórica, pues en esta zona del Mediterráneo andaluz no tenemos registros. ¿El Arca noae estaba recubierta por C. cylindracea?",https://www.observadoresdelmar.es/Observations/1006367,,12,2,
Algues Invasores,1006368,2012-08-19,37.2799,-1.7105,Mercedes Martín Ruiz,2016-10-06 15:27:03+00:00,2025-10-20 12:07:52.447241+00:00,No,No destacada,Yes,Caulerpa cylindracea,10-872--20120819-08 19 75 arca de noe y caulerpas.webp,Eran plantas pequeñas,,"Excelente Mercedes, muchas gracias por la observación. El vector de introducción de CAulerpa cylindracea es una incógnita aun, pero probablemente sean el transporte marítimo (aguas de lastre y fouling) y acuariofília. Misterios que las algas invasoras que cuestan de resolver, pero con acciones como la de colgar fotos en Observadoresdelmar, igual podemos llegar a conocer!",https://www.observadoresdelmar.es/Observations/1006368,,12,2,
Algues Invasores,1006371,2016-10-05,39.327,3.1483,LENKA JUSKANICOVA,2016-10-07 05:52:51+00:00,2025-10-20 12:09:16.341390+00:00,No,No destacada,Yes,Asparagopsis taxiformis,10-874--20161005-img_0852a.webp,También en esta diferente costa de la isla durante una inmersión he visto bastantes matas de esta alga pero siempre del pequeňo tamaňo como 10 cm como  en el principio de su crecimiento pero todas con este color oscuro rosa.,,"Gracia Lenka, efectivamente A. taxiformis en esta parte del MEditerráneo no parece tener un comportamiento tan agresivo invasor como otras como C. cylindracea. Pero tenindo en cuenta los cambios que el mar está sufriendo no está de más seguir atenta a su distrbución.",https://www.observadoresdelmar.es/Observations/1006371,,4,2,
Algues Invasores,1006372,2016-10-02,39.33,3.1729,LENKA JUSKANICOVA,2016-10-07 05:53:17+00:00,2025-10-20 12:09:16.863893+00:00,No,No destacada,Yes,Caulerpa cylindracea,10-872--20161002-img_0327a.webp,"En la diferente parte de la isla en esta Cala Figuera me soprendió que no he visto casi ningun ejemplar de esta alga, tan diferente panorama comparado con el sur de la isla donde crece en cualquier superficie y en la diferente profundidad, extendiendose poco y poco como una alfomra compacta.",,Muchas gracias Lenka por la observación y el comentario. Además coincide lo que dices con la cantidad de observaciones que tenemos de la zona Este de Mallroca de Caulerpa cylindracea,https://www.observadoresdelmar.es/Observations/1006372,,7,1,
Algues Invasores,1006382,2016-10-07,39.9005,3.1094,Miquel Àngel Bonnín ActionSport Mallorca,2016-10-08 10:47:01+00:00,2025-10-20 12:05:51.577216+00:00,No,No destacada,Yes,,10-879--20161007-file0252.webp,No estamos seguros de la especie pero esta recubriendo por completo las praderas de esta zona,,"Hola Miquel Àngel, teniu cap foto més macro de l'alga que recobreix la Posidonia? Aquesta es veu de molt lluny i no la podem identificar be. De tota manera Acrothmanion preissi generalment viu recobrint els rizomes de Posidonia, allà on no hi hagi tanta llum. Si teniu cap altra foto i ens l apodeu enviar, genial. De tota manera aquest recobriment és típic de finals d'estiu quan les fulles estàn més epifitades. Gràcies!! Laura Royo",https://www.observadoresdelmar.es/Observations/1006382,,4,3,
Algues Invasores,1006383,2016-10-07,39.9005,3.1094,Miquel Àngel Bonnín ActionSport Mallorca,2016-10-08 10:49:52+00:00,2025-10-20 12:07:37.063758+00:00,No,No destacada,Yes,,10-879--20161007-file0251.webp,,,"Hola Miguel Àngel, aquesta alga sobre la Posidonia no és Acrothmanion preissi. A. preissi és una alga vermella que forma tapissos d'uns 1-2 cm d'alt a zones no massa lluminoses, com podria ser la base (rizomes) de Posidonia, on quedaria tapada per les fulles. Aquesta espècies és una alga verda probablement del gènere Chaetomorpha. Moltes gràcies per l'observació, seguim",https://www.observadoresdelmar.es/Observations/1006383,,4,3,
Algues Invasores,1006396,2016-09-19,39.5326,2.7137,Miguel Angel Pozo Fernandez,2016-10-10 10:46:56+00:00,2025-10-20 12:09:17.329306+00:00,No,No destacada,Yes,Halimeda incrassata,10-922--20160919-img_0003red.webp,"Buceo en la zona por un plan de vigilancia ambiental habitualmente y no la había detectado hasta ahora. Recubre extensiones de decenas de metros sobre un lecho de antiguos rizomas de Posidonia. La he encontrado en varias localidades más a lo largo de la Bahía de Palma. En breve las introduciré como nuevas observaciones.Foto adjunta. Identificación segura

",,Hola Miguel Angel. Muchísimas gracias ahora si podemos ver la foto. Todas las fotografías de esta especie nos son de vital importancia para poder reconstruir la historia de esta nueva invasión en el Mediterráneo. Seguimos!,https://www.observadoresdelmar.es/Observations/1006396,,4,2,
Algues Invasores,1006397,2016-10-04,39.4818,2.7299,Miguel Angel Pozo Fernandez,2016-10-10 10:51:47+00:00,2025-10-20 12:07:50.616414+00:00,No,No destacada,Yes,Halimeda incrassata,10-922--20161004-img_0053cala blava.webp,Recientemente detectada en esta localidad en la que por motivos de trabajo visito anualmente. Estación de seguimiento de Posidonia. ,,"Gracias, en este momento en que estamos empezando a recabar datos a través de la sociedad sobre Halimeda incrassata, todas las observaciones son interesantes. 

Además ahora empezamos a entrar en la época en que no conocemos bien su fenología, no sabemos hasta cuando dura en su estado más vital. ¿sigues buceando en la misma zona durante todo el año haciendo el seguimiento de Posidonia?",https://www.observadoresdelmar.es/Observations/1006397,,6,1,
Algues Invasores,1006398,2016-10-06,39.5429,2.6941,Miguel Angel Pozo Fernandez,2016-10-10 10:58:22+00:00,2025-10-20 12:07:51.637423+00:00,Yes,Fotografia excel·lent,Yes,Halimeda incrassata,10-922--20161006-img_0041.webp,"Realizo seguimiento de posidonia en la zona desde 2012. Recubre amplias zonas (decenas de metros) donde antes había rizomas de posidonia. Pero ahora se ha extendido hasta la arena y comienza a colonizar ésta.

Revisando mis fotografías de la zona, la detecté aquí en octubre de 2013 !! pero pensé que era una variedad de Halimeda tuna, no la conocía aún. Ahora está plenamente desarrollada en los diferentes puntos que visito en la bahía de Palma.",,"Hola Miguel Angel. Qué dato más interesante, tienes esa foto del 2013?? Seria buenísimo tenerla en la base de datos, pues no tenemos muchos registros fotográficos de esa época pues aun estábamos validando la especie.",https://www.observadoresdelmar.es/Observations/1006398,,8,3,
Algues Invasores,1006399,2016-06-02,39.5456,2.6968,Miguel Angel Pozo Fernandez,2016-10-10 11:02:59+00:00,2025-10-20 12:09:17.800510+00:00,No,No destacada,Yes,Caulerpa cylindracea,10-872--20160729-img_0027cala gamba.webp,"Esta especie domina absolutamente toda la ensenada de Cala Gamba, donde se desarrollaba una pradera de Caulerpa prolifera y más antiguamente de Posidonia oceanica. ",,Muchas gracias Miguel Angel. La Bahía de Palma unos de los primeros puntos donde se instaló C. cylindracea en Mallorca. Muchas gracias por registrar este dato de Cala Gamba.,https://www.observadoresdelmar.es/Observations/1006399,,3,3,
Algues Invasores,1006474,2016-10-19,39.462,2.4715,LENKA JUSKANICOVA,2016-10-21 05:00:49+00:00,2025-10-20 12:07:17.634313+00:00,No,No destacada,Yes,Asparagopsis taxiformis,10-874--20161019-img_1999a.webp,Se puede ver  creciendo alderedorde  en bastante cantidad la alga Caulerpa.,,"Muy buena doble observaición Lenka, Caulerpa cylindracea y Asparagopsis taxiformis en buen estado a 30m! Podrías subir esta foto pero registándola cómo una observaicón de Caulerpa cylindracea? Así tenemos las dos citas. Muchísimas gracias! Laura",https://www.observadoresdelmar.es/Observations/1006474,,30,2,
Algues Invasores,1006540,2016-10-27,41.0529,8.9366,Elisabetta  Lutzu,2016-10-27 20:57:17+00:00,2025-10-20 12:06:21.600820+00:00,No,No destacada,Yes,Caulerpa cylindracea,10-872--20161027-img_0620.webp,,,"Thank you Elisabeta for sending this observation, it is certanly C. cylindracea althought its frondes are very short or degradated(? I cannot see it very well in the picture). Did you find this specie all over the dive from 5 to 20m? Do you remember the depth of the individual of the picture? Thank you. We started gathering observations from Sardinia this 2016, it would be great if you send us your pictures to enlarge the map for invasive species in Sardinia if you are there permanently. Laura Royo",https://www.observadoresdelmar.es/Observations/1006540,,20,2,
Algues Invasores,1006541,2016-10-27,41.0529,8.9366,Elisabetta  Lutzu,2016-10-27 21:00:28+00:00,2025-10-20 12:06:21.916533+00:00,No,No destacada,Yes,Asparagopsis taxiformis,10-874--20161027-img_4546.webp,,,Grazie Elisabetta! This is A. taxiformis that can be found on other organisms like algae or segrasses or it can grow on infralittoral rocky bottoms from the sea surface to a depth of 50 m as we can see in this picture. Laura R.,https://www.observadoresdelmar.es/Observations/1006541,,10,,
Algues Invasores,1006542,2016-10-27,41.0529,8.9366,Elisabetta  Lutzu,2016-10-27 21:00:29+00:00,2025-10-20 12:06:22.357206+00:00,No,No destacada,Yes,Asparagopsis taxiformis,10-874--20161027-img_4198.webp,,,"Thank you very much for sending this observation of Asparagopsis taxiformis. It is an important register because this species is locally abundant in winter and spring, but not so in autumn when the temperature is still warm. Keep the eyes opened. Thank you very much. Laura R",https://www.observadoresdelmar.es/Observations/1006542,,10,,
Algues Invasores,1006543,2016-10-27,41.0529,8.9366,Elisabetta  Lutzu,2016-10-27 21:01:45+00:00,2025-10-20 12:06:25.343546+00:00,No,No destacada,Yes,Asparagopsis taxiformis,10-874--20161027-img_2414.webp,,,"Thank you Elisabetta, Asparagopsis is native to Western Australia, but nowadays it is distributed throughout temperate oceans. We still don't know much about its invasiveness, but with the help of seawatchers we aim to get this goal.Laura R.",https://www.observadoresdelmar.es/Observations/1006543,,25,2,
Algues Invasores,1006544,2014-07-19,36.6913,15.1354,Alfonso Siciliano,2016-10-28 10:39:01+00:00,2025-10-20 12:06:26.021672+00:00,No,No destacada,Yes,Caulerpa taxifolia,10-876--20140719-caulerpa-aliena-caulerpa-taxifolia_wm.webp,C. distichophylla/taxifolia,,"Alfonso, efectivamente se trata de Caulerpa taxifolia, que en la zona que señalas presenta grandes abundancias, sobretodo en el estrecho de Messina. Gracias por tu localización!",https://www.observadoresdelmar.es/Observations/1006544,,8,1,
Algues Invasores,1006545,2014-07-13,37.6389,15.1821,Alfonso Siciliano,2016-10-28 10:40:58+00:00,2025-10-20 12:06:26.120795+00:00,No,No destacada,Yes,Asparagopsis taxiformis,10-875--20140713-asparago-marino-asparagopsis-armata-3_wm.webp,,,"Hola Alfonso, en este caso el alga que se observa es la Asparagopsis taxiformis, la armata la podrás distinguis debido a que tiene las ramas inferiores largas y tienen ganchos que parecen arpones.



Un saludo, Laura A.",https://www.observadoresdelmar.es/Observations/1006545,,5,2,
Algues Invasores,1006559,2016-09-01,41.0612,8.2924,Joaquim Garrabou ,2016-10-29 23:07:46+00:00,2025-10-20 12:06:11.148309+00:00,No,No destacada,Yes,Caulerpa cylindracea,10-872--20160901-p9010953_br.webp,"També en herbassars de Cymodocea nodosa.

Taques de de decenes de metres quadrats",,"Moltes gràcies Quim, gràcies a la teva observació, que juntament amb la col·laboració d'un parell més d'observadores hem començat a descriure algunes de les algues invasores a l'illa de Sardenya. Si tinguessis cap imatge de la invasió de C. cylindracea en aquesta mateixa zona sobre Cymodocea, seria interessant que la pengessis també. Moltíssimes gràcies!

",https://www.observadoresdelmar.es/Observations/1006559,,3,2,
Algues Invasores,1006578,2016-11-01,41.1939,1.6567,Pablo  Ruiz ,2016-11-01 16:30:04+00:00,2025-10-20 12:09:19.007489+00:00,No,No destacada,Yes,Codium fragile subsp. fragile,10-881--20161101-2016-11-01 a las 16.23.35.webp,"Muy bien Pablo! exactamente Codium fragile. Impresionante la foto de los utrículos. ¿Como la has hecho? tienes lupa? A veces con los ejemplares grandes se consigue también con el macro de una cámara, incluso con la del teléfono móvil. Muchas gracias!",,"Muy bien Pablo! exactamente Codium fragile. Impresionante la foto de los utrículos. ¿Como la has hecho? tienes lupa? A veces con los ejemplares grandes se consigue también con el macro de una cámara, incluso con la del teléfono móvil. Muchas gracias! Maria",https://www.observadoresdelmar.es/Observations/1006578,,1,1,
Algues Invasores,1006602,2016-10-29,40.6186,14.3247,Francesco De Rosa,2016-11-02 11:33:05+00:00,2025-10-20 12:06:26.200566+00:00,No,No destacada,Yes,Caulerpa cylindracea,10-872--20161029-14632842_10209599240676818_5747080441748747379_n.webp,from 2 m till 16 m,,"Francesco thank you very much for posting this beautiful picture. At what depth was taken that picture exactly? This looks like a deep C. cylindracea, for its long tallus, trying to get some light! We would note at the comment space that the algae was found from 2 to 16m. Than you again.",https://www.observadoresdelmar.es/Observations/1006602,,10,3,
Algues Invasores,1006615,2016-08-15,39.4048,3.2603,Margalida Monserrat Barceló,2016-11-04 11:34:45+00:00,2016-11-15 16:02:50+00:00,No,No destacada,Yes,Caulerpa cylindracea,,Recubriendo casi todo el suelo donde no había posidonia,,"Hola Margalida, gràcies per la observació, en tens cap imatge? Seria molt interessant veure en quin estat de recobrinment es troba aquesta Chondrosia reniforme.",https://www.observadoresdelmar.es/Observations/1006615,,16,2,
Algues Invasores,1006616,2016-07-28,39.2784,8.4288,Sarah  Corda,2016-11-04 12:37:28+00:00,2025-10-20 12:06:26.410158+00:00,No,No destacada,Yes,Caulerpa cylindracea,10-872--20160728-dscn4347.webp,Species found in tide pool,,"Sarah, thank you very much for this observation in Sardegna, we want to know more about invasive species there. This individual for C. cylindracea has a very a very thin and short shape for its pleanty availability of sunlight, 'cause it is found in less than one meter depth. Good observation! 

Laura Royo",https://www.observadoresdelmar.es/Observations/1006616,,,2,
Algues Invasores,1006617,2016-07-28,39.2784,8.4295,Sarah  Corda,2016-11-04 12:40:53+00:00,2025-10-20 12:06:26.608099+00:00,No,No destacada,Yes,Caulerpa cylindracea,10-872--20160728-dscn4355.webp,Species found in tide pool,,"Thank you for sending this image of C. cylindracea in an intertidal pool, as it can be found from there to 70 m (but preferentially between 20-40 m depth) in a wide range of substrates: rocky, soft, vegetated, gorgonian, polluted or not. Laura R.

",https://www.observadoresdelmar.es/Observations/1006617,,,2,
Algues Invasores,1006618,2016-07-28,39.2785,8.4296,Sarah  Corda,2016-11-04 12:41:58+00:00,2025-10-20 12:06:26.768593+00:00,No,No destacada,Yes,Caulerpa cylindracea,10-872--20160728-dscn4357.webp,Species found in tide pool. Detail of the basal part of philloid slightly inflated immediately above the attachment to the stolon: this feature is typical of this species  ,,"Thank you very much Sarah for your comment, we are all learning in this project!! Laura R.",https://www.observadoresdelmar.es/Observations/1006618,,,2,
Algues Invasores,1006619,2016-08-02,39.2778,8.4292,Sarah  Corda,2016-11-04 12:46:16+00:00,2025-10-20 12:06:27.428859+00:00,No,No destacada,Yes,Caulerpa cylindracea,10-872--20160802-dscn4590.webp,,,"Great Sara for sending this picture, Caulerpa  cylindracea is an endemic species from Australia, but it is already widely extended through the Mediterranean Sea, and still extending. Laura R.",https://www.observadoresdelmar.es/Observations/1006619,,2,3,
Algues Invasores,1006620,2016-08-02,39.2771,8.4293,Sarah  Corda,2016-11-04 12:49:09+00:00,2025-10-20 12:06:27.646457+00:00,No,No destacada,Yes,Caulerpa cylindracea,10-872--20160802-dscn4608.webp, ,,"Thank you Sarah, we are very curious about its phenology because we found different behaviours in between regions within the Mediterranean Sea, it can be found all year around or it can suffer a decline in winter, as it happens in Balearics, but in Corse for example, an observer told us that suffered a decline in summer. Do you have pictures for C. cylindracea in different months of the year in Sardegna? Thank you, Laura R.",https://www.observadoresdelmar.es/Observations/1006620,,2,3,
Algues Invasores,1006622,2016-08-02,39.2783,8.4289,Sarah  Corda,2016-11-04 12:55:17+00:00,2025-10-20 12:06:29.661340+00:00,No,No destacada,Yes,Caulerpa cylindracea,10-872--20160728-dscn4623.webp,,,"Thank you very much Sarah, this observations gives us more information of this invasive species in Sardegna, where we still do not have many data. Laura R.",https://www.observadoresdelmar.es/Observations/1006622,,2,3,
Algues Invasores,1006624,2016-08-02,39.2782,8.4285,Sarah  Corda,2016-11-04 13:01:59+00:00,2025-10-20 12:06:29.868514+00:00,No,No destacada,Yes,Caulerpa cylindracea,10-872--20160802-dscn4625.webp,,,"Massive invasion of the sea bottom at 2,3m in this site in Sardegna.  It is considered to be one of the 100 worst invasive species in the Mediterranean (UICN). Caulerpa cylindracea can replace native species completely. As we can see in the picture. Thank you very much. Laura R.",https://www.observadoresdelmar.es/Observations/1006624,,,3,
Algues Invasores,1006625,2016-08-02,39.2778,8.4282,Sarah  Corda,2016-11-04 13:03:32+00:00,2025-10-20 12:06:30.075133+00:00,No,No destacada,Yes,Caulerpa cylindracea,10-872--20160802-dscn4691.webp,,,"Thank you Sarah! Having information on the depth and seasonality of the species is really useful because there are still many aspects of the biology of this species that we don't understand (and for instance, seasonlity patterns are not yet clear). Keep posting observations, we truly value them!",https://www.observadoresdelmar.es/Observations/1006625,,,3,
Algues Invasores,1006627,2016-08-02,39.2778,8.4292,Sarah  Corda,2016-11-04 13:04:42+00:00,2025-10-20 12:06:11.415352+00:00,No,No destacada,Yes,Caulerpa cylindracea,10-872--20160802-dscn4692.webp,,,"Great Sarah, we your observations we extend the data about Caulerpa cylindracea in Sardegna. ",https://www.observadoresdelmar.es/Observations/1006627,,,3,
Algues Invasores,1006653,2008-12-15,41.2061,1.7644,María García González ,2016-11-08 15:20:57+00:00,2025-10-20 12:09:03.440122+00:00,No,No destacada,Yes,Caulerpa cylindracea,10-872--20081215-dsc08649.webp,"C. cylindracea sobre detrítico costero, hallada en las redes de pesca del barco Avi Barrineta (Andreu Núñez) de Vilanova i la Geltrú",,,https://www.observadoresdelmar.es/Observations/1006653,,,1,
Algues Invasores,1006654,2008-12-15,41.2061,1.7644,María García González ,2016-11-08 15:27:01+00:00,2025-10-20 12:07:07.561195+00:00,No,No destacada,Yes,Caulerpa cylindracea,10-872--20081215-dsc08663.webp,,,,https://www.observadoresdelmar.es/Observations/1006654,,20,1,
Algues Invasores,1006655,2016-11-03,42.2428,3.1965,María García González ,2016-11-08 17:44:44+00:00,2025-10-20 12:07:37.147598+00:00,Yes,Fotografia excel·lent,Yes,Caulerpa cylindracea,10-872--20161103-dsc09062_pk.webp,Se trata de una colonización de C. cylindracea abundante desde los límites de la pradera de P.oceanica hasta el inicio del fondo sedimentario a  15m,,"Gracias María por estas fotos, tu observación muestra la evidencia de hasta dónde ha llegado esta especie en pocos años: se trata de la observación más al norte registrada en la costa catalana desde que se vió por primera vez en la zona del Garraf en 2008!",https://www.observadoresdelmar.es/Observations/1006655,,,2,
Algues Invasores,1006656,2016-11-03,42.2428,3.1965,María García González ,2016-11-08 17:46:26+00:00,2025-10-20 12:07:51.708892+00:00,No,No destacada,Yes,Caulerpa cylindracea,10-872--20161103-dsc09080_pk.webp,"En ésta imagen se observa el final de la pradera de C. cylindracea, en el límite con el fondo arenoso",,,https://www.observadoresdelmar.es/Observations/1006656,,15,2,
Algues Invasores,1006657,2016-11-04,41.143,1.4149,María García González ,2016-11-08 17:51:07+00:00,2025-10-20 12:09:19.094360+00:00,No,No destacada,Yes,Caulerpa cylindracea,10-872--20161104-dsc09236_pk.webp,Pequeñas manchas sobre las lajas de la playa de Baix a Mar de C. cylindracea,,,https://www.observadoresdelmar.es/Observations/1006657,,,1,
Algues Invasores,1006658,2013-09-03,41.6737,2.8017,María García González ,2016-11-08 17:59:38+00:00,2025-10-20 12:09:19.184002+00:00,No,No destacada,Yes,Caulerpa cylindracea,10-872--20130903-dsc09849_pk.webp,"sólo se aprecian algunos estolones muy sedimentados, muy poco abundante",,,https://www.observadoresdelmar.es/Observations/1006658,,,1,
Algues Invasores,1006661,2016-08-20,37.9239,12.2805,Paolo Balistreri,2016-11-09 15:32:58+00:00,2025-10-20 12:06:18.536493+00:00,No,No destacada,Yes,Asparagopsis taxiformis,10-874--20160820-dscn2656.webp,,,Grazie per l'osservazione,https://www.observadoresdelmar.es/Observations/1006661,,2,3,
Algues Invasores,1006662,2016-11-08,38.1346,15.5773,Paolo Balistreri,2016-11-09 21:26:15+00:00,2025-10-20 12:06:40.248605+00:00,Yes,Fotografia excel·lent,Yes,Caulerpa cylindracea,10-872--20161108-caulerpa.webp,,,"Thank you very much Paolo, this observations of Caulerpa cylindracea is the most oriental that we have recoded in the ""Invasive Algae"" at Seawatchers. It is wonderful to have observers in the middle of the Maditerranean. Laura R.",https://www.observadoresdelmar.es/Observations/1006662,,,,
Algues Invasores,1006667,2016-04-23,39.539,2.5927,LENKA JUSKANICOVA,2016-11-10 08:02:56+00:00,2025-10-20 12:09:19.720890+00:00,No,No destacada,Yes,Asparagopsis taxiformis,10-874--20160423-img_8063a.webp,Una mata en buen estado al principio de la temporada creciendo cerca de la pared en un pequeňo puerto.,,"Preciosa la fotografía Lenka, sí se Asparagopsis taxiformis en su fase gametofítica, la fase de su ciclo reproductivo fácilmente identificable.",https://www.observadoresdelmar.es/Observations/1006667,,2,2,
Algues Invasores,1006696,2016-11-13,37.6389,-0.6798,Marta I. Terry López,2016-11-13 19:48:18+00:00,2025-10-20 12:09:20.147320+00:00,No,No destacada,Yes,Caulerpa cylindracea,10-872--20161113-img_6909.webp,"Aunque el bajo es rocoso, en bastantes puntos hay arena acumulada. Está creciendo en torno a este Cerianthus.",,"Muy interesante Marta, la foto y la observación! Esta especie puede habitar un amplio abanico de fondos: rocosos, blandos, vegetados, de gorgonias, contaminados o no, desde el intermareal hasta 70 m. ",https://www.observadoresdelmar.es/Observations/1006696,,20,,
Algues Invasores,1006701,2016-11-11,39.5552,2.6825,Mika Noguera,2016-11-14 13:31:21+00:00,2025-10-20 12:09:20.685111+00:00,Yes,Fotografia excel·lent,Yes,Halimeda incrassata,10-922--20161111-11.11.16 em halimeda incrassata.webp,"M'ha sorprès trobar una gran quantitat de restes d'aquesta espècie a la vorera de la platja, pel poc temps que fa que la conec.  Es fa palesa la seva abundància important al nostre litoral. ",,"Moltes gràcies Mika, efectivament és Halimeda incrassata i es pot reconèixer be i diferenciar-la de la nativa Halimeda tuna per la seva coloració més fluorescent (tot i que en aquesta època de l'any ja comença a morir i quedar-se blanquinosa) i la seva disposició en forma de ventall. Gràcies a l'equip de seguiment de platges de l'Ajuntament de Palma Mallorca per col·laborar amb aquest projecte.",https://www.observadoresdelmar.es/Observations/1006701,,,2,
Algues Invasores,1006704,2013-08-10,37.9332,12.3207,Paolo Balistreri,2016-11-15 05:18:24+00:00,2025-10-20 12:05:11.674092+00:00,No,No destacada,Yes,Asparagopsis taxiformis,10-874--20130810-dscn4658.webp,,,Thank you! beautiful picture!,https://www.observadoresdelmar.es/Observations/1006704,,2,2,
Algues Invasores,1006705,2016-09-17,38.256,15.7136,Fabio Russo,2016-11-15 14:29:31+00:00,2025-10-20 12:06:57.560988+00:00,No,No destacada,Yes,Caulerpa taxifolia,10-876--20160917-_dsc2438.webp,,,"Grazie Fabio! Caulerpa taxifolia nunca ha sido encontrada en la península de España, aunque si en las islas Baleares. Sabemos que en Italia, sobretodo en Messina es frecuente. Bonito macro!",https://www.observadoresdelmar.es/Observations/1006705,,,2,
Algues Invasores,1006706,2016-11-10,41.9732,3.2247,María García González ,2016-11-15 19:39:26+00:00,2016-11-16 16:13:40+00:00,No,No destacada,Yes,Womersleyella setacea,,Encontrada durant una immersió d'experts. No tenim fotos però estem segurs de l'identificació.,,,https://www.observadoresdelmar.es/Observations/1006706,,,,
Algues Invasores,1006716,2016-11-16,43.4709,10.3334,Paolo Balistreri,2016-11-18 09:16:46+00:00,2025-10-20 12:06:57.591641+00:00,No,No destacada,Yes,Caulerpa cylindracea,10-872--20161116-15139785_10209523820203918_1393211295_n.webp,Segnalazione di Paola Torrente,,"Grazie per l'osservazione!! Paola Torrente e Paolo Baliestri!

Maria Garcia CEAB-CSIC",https://www.observadoresdelmar.es/Observations/1006716,,10,,
Algues Invasores,1006717,2016-11-16,43.4709,10.3334,Paolo Balistreri,2016-11-18 09:17:40+00:00,2025-10-20 12:06:57.626122+00:00,No,No destacada,Yes,Caulerpa cylindracea,10-872--20161116-15139306_10209523818883885_2002509671_n.webp,,,"Thank you very much Paolo, this observations from the Ligurian Sea are very important to update the map of the invasion of Caulerpa cylindracea. ",https://www.observadoresdelmar.es/Observations/1006717,,15,2,
Algues Invasores,1006718,2016-11-16,43.4709,10.3334,Paolo Balistreri,2016-11-18 09:18:11+00:00,2025-10-20 12:06:57.657470+00:00,No,No destacada,Yes,Caulerpa cylindracea,10-872--20161116-15058797_10209523819523901_1482786521_n.webp,Segnalazione di Paola Torrente,,"Muchas gracias por la aportación Paolo, la verdad es que cuánta más información tengamos mejor podremos ver cómo se dispersa esta alga invasora.



Un saludo, Laura A.",https://www.observadoresdelmar.es/Observations/1006718,,20,2,
Algues Invasores,1006750,2016-10-19,39.462,2.4715,LENKA JUSKANICOVA,2016-11-22 03:46:37+00:00,2025-10-20 12:07:37.708136+00:00,No,No destacada,Yes,Caulerpa cylindracea,10-872--20161019-img_1999a.webp,"Cuelgo la misma foto pero para la otra alga invasora.

SALUDITOS !",,"Gracias Lenka por ser tan efectiva y colgar la foto dos veces, una vez por el alga roja invasoras A. taxiformis y la otra por el alga verde Caulerpa cylindracea. A esta alga se la ha visto vivas hasta a 70 m, algo excepcional para una alga verde.",https://www.observadoresdelmar.es/Observations/1006750,,30,2,
Algues Invasores,1006755,2016-11-20,39.559,2.6697,LENKA JUSKANICOVA,2016-11-22 04:37:33+00:00,2025-10-20 12:09:22.315758+00:00,Yes,Fotografia excel·lent,Yes,Halimeda incrassata,10-922--20161120-img_3203.webp,"Despues del buceo he encontrado en la orilla, en el sitio de 5 m de ancho , en la entrada al mar donde se sacan los barcos pequeňos de la agua, viz sitio exacto segun la flecha, repartidos en la arena, contando como 50 ejemplares tirados por el temporal fuera de la agua y su color blanco contrastava bien con la arena.Tantos ejemplares muertos seguro indican sobre la abundancia de esta alga en la misma area.Buscando esta alga durante cada buceo , al fin la veo fuera de la agua...Los ejemplares fotografiados he conservado y si les haria falta, yo encantada traerlos a donde los nececitan.",,"Lenka, esta observación que aportas es muy valiosa. Aunque no la hayas encontrado buceando, efectivamente el hecho que la hayas encontrado en la playa sugiere que debe haber llegado por temporal desde algún sitio de la Bahia de Palma. Prácticamente no sabemos NADA de esta especie. El hecho que la hayas encontrado a finales de noviembre es muy interesante, pues nos sugiere que al menos hasta bien entrado el otoño este alga es capaz de sobrevivir. Estamos intentando saber su ciclo estacional, así que estas observaciones son valiosísimas! Muchas gracias!

Si la tienes guardada en alcohol es ideal, en cualquier caso tener estas muestras seria interesante. Podemos quedar un dia y las paso a buscar....

Gracias

Fiona",https://www.observadoresdelmar.es/Observations/1006755,,,,
Algues Invasores,1006756,2016-06-29,39.462,2.4715,LENKA JUSKANICOVA,2016-11-22 06:27:47+00:00,2025-10-20 12:09:22.759921+00:00,No,No destacada,Yes,Caulerpa cylindracea,10-872--20160629-img_2613.webp,,,"Preciosa foto Lenka! Gracias por todas estas observaciones, tener información de las profundidades, las épocas del año en que se encuentran, los hábitats que colonizan es muy valioso. Por ejemplo, hay disparidad sobre si Caulerpa cylindracea tiene un ciclo de abundancia estacional o no, o sea que tener tus observaciones es muy informativo! Gracias!",https://www.observadoresdelmar.es/Observations/1006756,,35,2,
Algues Invasores,1006757,2016-06-29,39.462,2.4715,LENKA JUSKANICOVA,2016-11-22 06:31:28+00:00,2025-10-20 12:09:23.102200+00:00,Yes,Fotografia excel·lent,Yes,Caulerpa cylindracea,10-872--20160629-img_2580c.webp,creciendo al lado de la esponja - Aplysilla rosea,,"Preciosa foto, que muestra además la gran capacidad que tiene esta especie para colonizar múltiples hábitats. Aquí la encontramos creciendo a 40 metros de profundidad, que no es algo común para algas verdes",https://www.observadoresdelmar.es/Observations/1006757,,40,2,
Algues Invasores,1006768,2016-06-16,41.1978,1.673,Pablo  Ruiz ,2016-11-25 19:32:10+00:00,2025-10-20 12:09:23.288961+00:00,No,No destacada,Yes,,10-99999--20160616-_dsc2492.webp, ¿ Dictyota pinnatifida ?,,Creo que ésta observación ya la había validado...,https://www.observadoresdelmar.es/Observations/1006768,,,1,
Algues Invasores,1006795,2016-06-05,37.561,15.1692,Paolo Balistreri,2016-11-30 14:50:46+00:00,2025-10-20 12:06:27.735441+00:00,No,No destacada,Yes,Caulerpa cylindracea,10-872--20160605-13413710_1358417007518323_5692636284333850658_n.webp,Segnalazione di Puccio Distefano,,,https://www.observadoresdelmar.es/Observations/1006795,,,,
Algues Invasores,1006870,2016-12-11,41.1973,1.6728,Pablo  Ruiz ,2016-12-11 18:26:47+00:00,2025-10-20 12:09:23.583403+00:00,Yes,Fotografia excel·lent,Yes,Caulerpa cylindracea,10-872--20161211-caulerpa r diciembre 16.webp,"Observo que los ejemplares que crecen con luz directa, son mas pequeños que los que permanecen a la sombra.",,"Gracias por esta observación tan interesante. Efectivamente, este alga tiene la capacidad de colonizar múltiples hábitats y profundidades. Aquí la encontramos creciendo prácticamente a tocar la superficie. También vemos su capacidad de modificar su morfología para adaptarse óptimamente a las condiciones del entorno, una capacidad que seguramente explica su gran capacidad de invasión. Efectivamente, las frondes que están en la sombra son más largas, de esta manera están más cercanas a la luz y tienes más superficie total para realizar la fotosíntesis.  ",https://www.observadoresdelmar.es/Observations/1006870,,,2,
Algues Invasores,1006871,2016-12-11,41.1973,1.6728,Pablo  Ruiz ,2016-12-11 18:35:02+00:00,2025-10-20 12:08:50.730504+00:00,No,No destacada,Yes,,10-99999--20161211-_dsc6119.webp,¿ Dictyota pinnatifida  ?,,"necesito algún ejemplar para determinarla



Maria Garcia",https://www.observadoresdelmar.es/Observations/1006871,,5,2,
Algues Invasores,1006882,2016-09-06,41.1952,1.6542,Pablo  Ruiz ,2016-12-12 12:19:49+00:00,2025-10-20 12:09:24.053984+00:00,No,No destacada,Yes,,10-99998--20160906-c.prolifera.webp,Se encuentra a escasa distancia de varias colonias de Caulerpa racemosa.,,"Efectivament aquesta imatge és de Caulerpa prolifera, pero alerta que aquesta no és una alga invasora, és una alga pròpia del Mediterrani, tot i que altres congèneres seves com la Caulerpa cylindracea o la C. taxifolia si que siguien invasores a la nostra mar. Gràcies! Laura",https://www.observadoresdelmar.es/Observations/1006882,,,1,
Algues Invasores,1006896,2016-12-19,39.462,2.4715,LENKA JUSKANICOVA,2016-12-20 20:16:03+00:00,2025-10-20 12:09:24.621960+00:00,No,No destacada,Yes,Asparagopsis taxiformis,10-874--20161219-img_3972a.webp,Un ejemplar de una grande mata que se ve ahora en más sitios igualmente que los ejemplares más pequeńos.,,"Genial Lenka esta observación de comparación entre tiempo. Ciertamente a Asparagopsis taxiformis le gustan más las aguas frías, así que es un dato lógico ver cómo en esta época del año están desarrollándose más. Gracias, Laura.",https://www.observadoresdelmar.es/Observations/1006896,,15,1,
Algues Invasores,1006901,2016-12-16,39.536,2.3766,LENKA JUSKANICOVA,2016-12-20 21:08:02+00:00,2025-10-20 12:09:25.138587+00:00,No,No destacada,Yes,Asparagopsis taxiformis,10-874--20161216-img_3787a.webp,Ya se pueden ver unas matas casi grandes en la poca profundidad.,,"Muchas gracias Lenka. ¿Estas son las matas que estabas siguiendo o son otras? Siempre ponías una referencia, pero esta vez no la pusiste, por eso dudo. Gracias, Laura.",https://www.observadoresdelmar.es/Observations/1006901,,6,1,
Algues Invasores,1006916,2010-06-01,44.3894,8.969,Francesco Caroli,2016-12-30 01:27:17+00:00,2025-10-20 12:06:58.263849+00:00,No,No destacada,Yes,Caulerpa cylindracea,10-872--20100601-dsc03393.webp,"Observed since 2009, with a wavy abundance during the past few years. During summer 2016 looked in regression, in late autumn once again there are ryzhomes everywhere.



Reply to Reseachers: actually i was referring a wavy presence of C. cylindracea during the past few years, and summer 2016 has been a ""down"" season for this algae . I could try to look for a picture for each year, even if, honestly, seaweeds were not my main interest.",,"Thank you very much for posting this observation. Do you have pictures from the different years you mentioned? It would be very interesting having at least an observations per year/season, it would be easy for us to be able to incorporate it to the data base in order of analyse it. By the way, is strange that you found a regression in summer because in July is when C. cylindracea has its highest growth peek. Laura R",https://www.observadoresdelmar.es/Observations/1006916,,10,3,
Algues Invasores,1006944,2017-01-04,36.7208,-3.7289,Manuel Armenteros Córdoba,2017-01-06 13:16:06+00:00,2025-10-20 12:09:25.743045+00:00,No,No destacada,Yes,Asparagopsis taxiformis,10-874--20170104-dsc00015.webp,,,"Muchísimas gracias Manuel por tu observación, es la primera del año! Agradecid@s doblemente de tener como colaboradores a buceadores de invierno. Como la foto es a medio plano, no puedo ver bien si de la base le salen las ramas en forma de arpón características de A. armata y que su ausencia es lo que nos ayuda a identificar a A. taxiformis como bien tu has apuntado. Si lo puedes confirmar en observaciones, lo agradecemos. Muchas gracias otra vez. Laura Royo.",https://www.observadoresdelmar.es/Observations/1006944,,,2,
Algues Invasores,1006960,2016-10-02,41.9738,3.2229,Xavier  Jardí,2017-01-10 20:04:47+00:00,2025-10-20 12:09:25.830588+00:00,Yes,Fotografia excel·lent,Yes,Caulerpa cylindracea,10-872--20170103-caulerna de carlos.webp,"S'ha trobat en dos punts de Ses Negres, el vedat de pesca del Cap Negre al Pa de Pessic.

Foto: Carlos Virgili / Risck",,"Perfecte Carlos!

és una bona maranya de Caulerpa cylindracea i la podrem anar documentant si va augmentant la colonització.

A veure si tenim sort i no prospera gaire a Begur. Gràcies.

Maria Garcia",https://www.observadoresdelmar.es/Observations/1006960,,15,2,
Algues Invasores,1007033,2017-01-31,39.8721,3.1546,Miquel Àngel Bonnín ActionSport Mallorca,2017-02-03 12:12:04+00:00,2025-10-20 12:09:26.244127+00:00,No,No destacada,Yes,,10-922--20170131-file0028.webp,No estamos seguros de si Halimeda y debido a las condiciones del mar no conseguimos una buena foto... pero a ver si os sirve! Había plántulas como esta en diversos sitios pero de manera muy testimonial.,,"Gracias ActionSport por tener el ojo tan avizor a estos pies de Halimeda, pero en este sustrato y esta aparición solitaria y el tamaño de sus discos (5-25mm de ancho), podemos concluir que es Halimeda tuna, alga nativa del Mediterráneo. Es la única congénere del Mediterráneo, aunque cierto es que el color de este espécimen fotografiado tiene un verde más claro/fluo que el habitual para H. tuna. Laura R.",https://www.observadoresdelmar.es/Observations/1007033,,8,1,
Algues Invasores,1007034,2017-01-31,39.8721,3.1546,Miquel Àngel Bonnín ActionSport Mallorca,2017-02-03 12:14:30+00:00,2025-10-20 12:09:26.709363+00:00,No,No destacada,Yes,Asparagopsis taxiformis,10-875--20170131-file0052.webp,He puesto abundancia media porque no creo que sea dominante pero hay mucha en casi todas las rocas de la zona.,,"Muchas gracias ActionSport, por la foto que es diría que es Asparagopsis taxiformis y no A. armata, de la que se diferencia por la ausencia de ramas en forma de arpón. En la foto, aunque no se ve claramente no detecto la presencia de estas ramas inferiores largas y con un gancho final. Igualmente si se vuelve al mismo punto de inmersión, con una foto más cercana podemos acabar de comprobar. Muchas gracias! Grandes datos los de invierno para el proyecto. Laura R.",https://www.observadoresdelmar.es/Observations/1007034,,9,2,
Algues Invasores,1007105,2017-02-19,36.7044,-3.4049,Manuel Armenteros Córdoba,2017-02-21 09:15:43+00:00,2025-10-20 12:09:27.433699+00:00,No,No destacada,Yes,Asparagopsis taxiformis,10-874--20170219-foto6.webp,,,"Hola Manuel,

efectivamente, los penachos rosados que cuelgan a la derecha de la imagen son de la alga invasora Asparagopsis taxiformis. En otras zonas del litoral no presenta grandes abundancias, pero en el tramo de costa en el que la has encontrado es más abundante. Guardamos tu observación!

Maria Garcia CEAB-CSIC",https://www.observadoresdelmar.es/Observations/1007105,,10,2,
Algues Invasores,1007112,2017-02-11,41.1414,1.4117,Enric Pena Franch,2017-02-21 22:30:47+00:00,2025-10-20 12:09:29.017192+00:00,No,No destacada,Yes,,10-99999--20170211-cramb.webp,Afectación en esta esponja. Parece como si se trata de otra organismo parásito o bien fuera parte de la propia esponja que ha muerto...,,"Ésto es un fenómeno muy habitual en los fondos litorales fotófilos, la competencia por el espacio es una de las limitaciones más grandes y los organismos marinos desarrollan muchas estrategias para ocupar el espacio. Concretamente Crambe crambe (la esponja roja) tiene toxinas que le permiten tener mayor éxito que otras especies. En éste caso, está compitiendo con otra esponja que no puedo determinar bien (podría ser del género Dysidea). Así que no es un parásito sino dos esponjas luchando por el espacio.

María García CEAB-CSIC",https://www.observadoresdelmar.es/Observations/1007112,,3,1,
Algues Invasores,1007162,2017-02-19,36.7272,-3.7356,Manuel Armenteros Córdoba,2017-03-01 12:28:37+00:00,2025-10-20 12:09:29.559413+00:00,No,No destacada,Yes,Asparagopsis taxiformis,10-874--20170219-foto27.webp,,,"De nuevo BINGO! Ésta especie está desarrollándose muy bien en el litoral andaluz.

Gracias por tu observación!

Maria Garcia CEAB-CSIC",https://www.observadoresdelmar.es/Observations/1007162,,12,2,
Algues Invasores,1007165,2017-03-04,39.559,2.6697,LENKA JUSKANICOVA,2017-03-05 05:55:19+00:00,2025-10-20 12:09:30.349004+00:00,No,No destacada,Yes,Halimeda incrassata,10-922--20170304-img_6678 c.webp,"En el mismo sitio que la encontré por la primera vez el aňo pasado, en Molinar, en el sitio donde se sacan los  barcos de la agua, había como 20 matas pequeňas tiradas a la playa. He visto de todos los tamaňos , desde más diminutos con las ojas muy poco desarolladas hasta unas matas con el tronco grueso. ",,"Muchas gracias Lenka, pues hasta el momento sólo se ha observado en verano, a pesar de que debido a su recentísima aparición en el Mediterráneo (es la primera especie del género Halimeda considerada invasora), la información sobre la especie es muy escasa. Este dato de marzo con especímenes de Halimeda con aún un poco de color es muy importante. Laura R.



",https://www.observadoresdelmar.es/Observations/1007165,,,,
Algues Invasores,1007166,2017-03-04,39.559,2.6697,LENKA JUSKANICOVA,2017-03-05 06:07:45+00:00,2025-10-20 12:09:31.695924+00:00,Yes,Fotografia excel·lent,Yes,Halimeda incrassata,10-922--20170304-img_6686 b.webp,"En esta calita pequeňa he encontrado un conjunto de las  mata del diferente tamaňo que estavan adheridas a una pelota del mar de posidonia.Lo que me he sorprendido y no he visto todavía antes. No sé si tiene alguna importancia , si se podría comparar cuanto tiempo se forma una pelota y deducir de esto el tiempo del crecimiento de esta alga para que le ha dado la oportunidad pegarse asi a la bola.",,"Lenka, este encuentro es muy curioso! Halimeda incrassata pegado a una bola de Posidonia oceanica. Aún no lo habíamos visto, vamos el tiempo que puede necesitar para haberse enganchado en la parte exterior de la bola. Laura R.",https://www.observadoresdelmar.es/Observations/1007166,,,,
Algues Invasores,1007167,2017-03-04,39.559,2.6697,LENKA JUSKANICOVA,2017-03-05 06:17:12+00:00,2025-10-20 12:09:32.324256+00:00,No,No destacada,Yes,Halimeda incrassata,10-922--20170304-img_6691 a.webp,"Gracias al temporal he encontrado en la playa, en el principio de la Playa de Palma, en Can Pastilla, como más de 50 matas del impresionante tamaňo desde los 20 hasta 30 cm. En poca distancia estuvieron distribuidos entre si cada 40 cm.",,"Gracias Lenka, efectivamente si esta es la cantidad encontrada en la playa, el tamaño de l apoblación sumergida debe ser muy superior. Además el temporal por fuerte que sea no llega a cierta profundidades a las que si que llega Halimeda, sabemos que tenemos Halimeda hasta los 20m en la bahía de Palma, aunque más allá no sabemos más. Otra cosa más por investigar!! Gracias siempre. Laura R.",https://www.observadoresdelmar.es/Observations/1007167,,,,
Algues Invasores,1007168,2017-03-04,39.559,2.6697,LENKA JUSKANICOVA,2017-03-05 06:18:54+00:00,2025-10-20 12:09:33.919641+00:00,No,No destacada,Yes,Halimeda incrassata,10-922--20170304-img_6655 a.webp,Otro ejemplar de la mata del cementerio en Can Pastilla co estuvo tirada en la playa.,,"Estas matas de Halimeda incrassata son muy grandes y cada uno de los tallos también, esto puede indicarnos su fertilidad estudiando el número de discos activos o ya viejos. Queremos saber más. pero de momento la única biliografía de la que dependemos es la de datos del Caribe su región de origen. Laura R.",https://www.observadoresdelmar.es/Observations/1007168,,,,
Algues Invasores,1007169,2017-03-04,39.559,2.6697,LENKA JUSKANICOVA,2017-03-05 06:20:05+00:00,2025-10-20 12:09:14.469448+00:00,No,No destacada,Yes,Halimeda incrassata,10-922--20170304-img_6660 a.webp,Este tamaňo de 30 cm era muy habitual en estas matas tiradas en Can Pastilla.,,"Gracias Lenka, el tamaño del alga y el número de discos nos indican su madurez. Seguiremos investigando. Gracias por todos estos datos procedentes de un mismo temporal. Laura R.",https://www.observadoresdelmar.es/Observations/1007169,,,,
Algues Invasores,1007170,2017-03-04,39.559,2.6697,LENKA JUSKANICOVA,2017-03-05 06:21:18+00:00,2025-10-20 12:09:34.500127+00:00,No,No destacada,Yes,Halimeda incrassata,10-922--20170304-img_6667 a.webp,La ultima foto del cementerio de las Halimedas en can Pastilla.,,"El hecho de haber encontrado esa especie cerca de puertos y en una bahía tan frecuentada como la de Palma nos acerca a la hipótesis de pensar en la acuariofília y el transporte marítimo como vectores de esta alga en el Mediterráneo. La ruta entre el mar Caribe y el Mediterráneo está muy frecuentada, y podría venir enganchada en las anclas de los yates y grandes barcos recreativos. Esta hipótesis es consistente con el reciente hallazgo de esta especie en la isla de Madeira. Laura R.",https://www.observadoresdelmar.es/Observations/1007170,,,,
Algues Invasores,1007178,2017-03-01,42.0525,3.2093, ,2017-03-05 21:02:56+00:00,2025-10-20 12:09:35.510563+00:00,No,No destacada,Yes,Asparagopsis armata,10-875--20170301-wf0033.webp,Blocs de l'escullera. Considerablement abundant entre els 0 i 3m de profunditat. Més avall ja no n'hi havia. ,,"Efectivament es tracta d'Asparagopsis armata. Tot just ara comença a aparèixer, es tracta d'una espècie estacional que viu fins finals de la primavera-principi d'estiu. Si tens ocasió, també pots trobar una altre espècie introduïda a l'altra banda de l'escullera, l'alga Codium fragile. Jo l'he vist molts cops allí però ara fa ja 5 ó 6 anys que no hi he anat. Moltes gràcies!

Maria Garcia CEAB-CSIC",https://www.observadoresdelmar.es/Observations/1007178,,2,2,
Algues Invasores,1007212,2017-01-07,39.529,2.4393,Juan Antonio Torres Balaguer,2017-03-14 12:27:45+00:00,2025-10-20 12:09:35.818585+00:00,No,No destacada,Yes,Asparagopsis taxiformis,10-874--20170107-dsc09832.webp,Esta alga esta muy extendida por los fondos rocosos colonizando zonas donde crecen diferentes tipos de algas.,,"Hola Juan Antonio,



se trata de Asparagopsis taxiformis y abunda mucho en Baleares y en el levante español. ¡Muchas gracias por tu observación!",https://www.observadoresdelmar.es/Observations/1007212,,20,2,
Algues Invasores,1007227,2016-09-10,39.145,2.9368,Laura Royo Marí,2017-03-16 15:58:46+00:00,2025-10-20 12:09:35.850124+00:00,No,No destacada,Yes,Halimeda incrassata,10-922--20160910-hincra_cabrera.webp,Buena parte de este pequeño arenal enfrente sa platgeta des pagès del Cabrera tenía H. incrassata.,,Molt important aquesta dada pel fet que és la primera cita d'aquesta invasora al PN de Cabrera.,https://www.observadoresdelmar.es/Observations/1007227,,2,2,
Algues Invasores,1007249,2016-09-02,41.1435,1.4144,Pere Abelló i Sala,2017-03-20 23:51:42+00:00,2025-10-20 12:09:36.531415+00:00,No,No destacada,Yes,Caulerpa cylindracea,10-872--20160902-20160902_004.webp,"Sembla Caulerpa cylindracea, però no té les ""fulles"" formades?",,"Hola Pere!!!

Sí, és Caulerpa cylindracea, i les ""fulles "" o frondes son les boletes verdes que veus sortint dels estolons, que efectivament són poc abundants en aquesta colònia. Aquests darrers anys estem veient morfologies diferents que no semblen degudes a l'estacionalitat...

Apunto pocs frondes a Torredembarra doncs, gràcies. 

María García",https://www.observadoresdelmar.es/Observations/1007249,,1,1,
Algues Invasores,1007314,2017-04-08,37.9245,12.2787,Paolo Balistreri,2017-04-09 14:51:43+00:00,2017-04-09 14:51:43+00:00,No,No destacada,Yes,Asparagopsis armata,,,María García González ,,https://www.observadoresdelmar.es/Observations/1007314,,,2,
Algues Invasores,1007391,2017-04-15,42.1181,3.1581, ,2017-04-15 18:30:06+00:00,2025-10-20 12:09:36.962318+00:00,No,No destacada,Yes,Asparagopsis armata,10-875--20170415-wf0020.webp,,,"Gràcies! Interessant com a vegades cobreix grans àrees de parets i a vegades la trobem molt més aïllada.

Fiona",https://www.observadoresdelmar.es/Observations/1007391,,3,2,
Algues Invasores,1007392,2017-04-15,42.1181,3.1581, ,2017-04-15 18:31:36+00:00,2017-06-11 18:21:41+00:00,No,No destacada,Yes,Asparagopsis armata,10-875--20170415-wf0025.jpg,"Molt abundant, però no dominant. Suposo que en breu desapareixerà per la temperatura.",,"Hola!

no ens heu adjuntat cap foto. En teniu alguna?

Moltes gracis!

Fiona",https://www.observadoresdelmar.es/Observations/1007392,,,2,
Algues Invasores,1007415,2017-04-05,39.1449,2.9367,Laura Royo Marí,2017-04-19 17:23:35+00:00,2025-10-20 12:09:30.611274+00:00,No,No destacada,Yes,Halimeda incrassata,10-922--20170405-822a1070.webp,El sustrato era arenoso y también convivivía con Cymodocea nodosa. Foto de Martin Colognoli del proyecto Coral Guardian,,,https://www.observadoresdelmar.es/Observations/1007415,,2,3,
Algues Invasores,1007535,2017-05-07,41.957,3.2323, ,2017-05-09 18:05:37+00:00,2025-10-20 12:09:37.170190+00:00,No,No destacada,Yes,Asparagopsis armata,10-875--20170507-alga.webp,,,"Moltes gràcies. A veure si veieu quan de temps dura aquesta abundància. Sol ser una espècie més aviat primaveral, però si pugen molt les temperatures potser no aguanta tan de temps.

Gràcies!

Fiona",https://www.observadoresdelmar.es/Observations/1007535,,5,2,
Algues Invasores,1007552,2017-05-14,37.5827,-1.0702,Marta I. Terry López,2017-05-14 15:59:27+00:00,2025-10-20 12:09:37.575535+00:00,No,No destacada,Yes,Caulerpa cylindracea,10-872--20170514-caulerpa_1.webp,"Prácticamente cubriendo a Dictyota, en una pared rocosa bien tapizada",,"Muy bonita la foto Marta.

A ver si puedes ir viendo cómo evoluciona la cobertura y tamaño durante los próximos meses.

Gracias

Fiona",https://www.observadoresdelmar.es/Observations/1007552,,,,
Algues Invasores,1007553,2017-05-14,37.5827,-1.0702,Marta I. Terry López,2017-05-14 16:04:01+00:00,2025-10-20 12:09:38.025084+00:00,No,No destacada,Yes,Caulerpa cylindracea,10-872--20170514-caulerpa_2.webp,"Parece que podría llegar a cubrir a este alga, creo que pertenece al género Colpomenia.",,"Gracias Marta. Efectivamente, el alga marrón que parece una especie de globo es una Colpomenia (creo que C. sinuosa). Pues a ver si ves si la coloniza. Normalmente hemos visto Caulerpa epifitando esponjas, pero seguramente también recubrir otras algas.

Gracias

Fiona",https://www.observadoresdelmar.es/Observations/1007553,,,,
Algues Invasores,1007569,2017-04-16,39.462,2.4715,LENKA JUSKANICOVA,2017-05-15 20:57:16+00:00,2025-10-20 12:09:38.605454+00:00,Yes,Fotografia excel·lent,Yes,Asparagopsis taxiformis,10-874--20170416-img_8341a.webp,ASI TIENE UN ASPECTO EL FONDO DE MALLORCA EN ESTA EPOCA DEL AŇO CON EL CLARO COLOR DE LAS ALGAS CUBRIENDO EL FONDO EN MUCHA CANDIDAD.,,"¡Cuánta abundancia! Estas coberturas yo las habia viso en Cataluña con A. armata, pero no tanto en Baleares.",https://www.observadoresdelmar.es/Observations/1007569,,10,3,
Algues Invasores,1007571,2017-05-14,39.462,2.4715,LENKA JUSKANICOVA,2017-05-15 21:10:52+00:00,2025-10-20 12:09:39.096962+00:00,Yes,Fotografia excel·lent,Yes,Asparagopsis taxiformis,10-874--20170514-img_9720a.webp,Me fije que era una parte  de un camuflaje de un bonito ejemplar de  Maja crispata que encontré en una grieta en 6 m de la profundidad.,,"¡qué foto más bonita! y qué interesante ver que el cangrejo la usa para cubrirse. Hay especies como la Dyctiota (el alga amarilla) y Asparagopsis que pueden tener compuestos químicos que repelen a peces y hay otros ejemplos de cangrejos que usan esto para no sufrir depredación. Quizás este es otro caso de lo que llamamos ""estrategia de defensa por asociación"".

¡Muchas gracias!",https://www.observadoresdelmar.es/Observations/1007571,,6,1,
Algues Invasores,1007614,2017-05-19,39.9409,3.1946,Miquel Àngel Bonnín ActionSport Mallorca,2017-05-23 18:33:02+00:00,2025-10-20 12:09:39.427632+00:00,Yes,Fotografia excel·lent,Yes,Asparagopsis taxiformis,10-874--20170519-18575592_1474184179306539_25319543_o.webp,Enguany estem notant un gran increment en la població i extensió d'aquesta alga. Aquesta foto no és directa sobre una etensió d'aquesta però és ot veure bé com cobreix una part gran de la pared.,,"Gracis ActionSport! Doncs a veure si podeu fer seguiment i veure fins quan es manté aquesta dominància, i a veure si l'any que ve n'hi ha tanta!

Fiona",https://www.observadoresdelmar.es/Observations/1007614,,15,3,
Algues Invasores,1007615,2017-05-18,39.9433,3.2002,Miquel Àngel Bonnín ActionSport Mallorca,2017-05-23 18:34:44+00:00,2025-10-20 12:09:18.192168+00:00,No,No destacada,Yes,Asparagopsis taxiformis,10-874--20170518-18675230_1479536132104677_489490529_o.webp,,,"Super paret dominada per Asparagopsis! El pic d'abundància sol ser a la primavera (Abril-Maig), a veure si al juny encara és tan abundant!. Gracis

Fiona",https://www.observadoresdelmar.es/Observations/1007615,,12,3,
Algues Invasores,1007618,2017-05-25,41.1973,1.6731,Pablo  Ruiz ,2017-05-26 08:55:03+00:00,2025-10-20 12:09:34.694275+00:00,No,No destacada,Yes,Asparagopsis taxiformis,10-875--20170525-_dsc0397.webp,"Dudo si es Asparagopsis armata.

",,"Hola Pablo, creo que sí que es Asparagopsis armata, pues tiene una forma muy característica. Creo que los puntos pueden ser estructuras reproductoras, aunque cuesta de ver.

Gracias

Fiona",https://www.observadoresdelmar.es/Observations/1007618,,,1,
Algues Invasores,1007650,2017-06-03,41.1973,1.6729,Pablo  Ruiz ,2017-06-03 23:44:25+00:00,2025-10-20 12:09:39.818273+00:00,Yes,Fotografia excel·lent,Yes,Caulerpa cylindracea,10-872--20170603-_dsc0839.webp,,,"Hola Pablo. Gracias por tu observación. El hecho de que las frondes sean tan pequeñas (cortas) es indicativo de que se encuentran cerca de la superfície. Normalmente, a más profundidad, más largas suelen ser las frondas u hojas de los macrófitos, porque al llegar menos luz, necesitan más superfície fotosintética para obtener el carbono necesario.

Fiona",https://www.observadoresdelmar.es/Observations/1007650,,,2,
Algues Invasores,1007654,2017-06-04,41.1973,1.6731,Pablo  Ruiz ,2017-06-04 00:17:44+00:00,2025-10-20 12:09:39.916633+00:00,No,No destacada,Yes,Asparagopsis taxiformis,10-99999--20170525-_dsc0855.webp,Dudo si es una variante de Asparagopsis,,"Hola Pablo, sí parece Asparagopsis y creo que los puntitos que se ven son las estructuras reproductoras femeninas, pero te lo confirmo.

Gracias!

Fiona",https://www.observadoresdelmar.es/Observations/1007654,,,1,
Algues Invasores,1007754,2017-06-10,42.1826,11.7252,Andrea Bonifazi,2017-06-16 14:11:48+00:00,2025-10-20 12:06:04.129792+00:00,No,No destacada,Yes,Caulerpa cylindracea,10-872--20170610-dscf1270_modificato-1.webp,,,"Hola Andrea, muchas gracias por la observación aportada!



Un saludo, Laura A.",https://www.observadoresdelmar.es/Observations/1007754,,,3,
Algues Invasores,1007761,2017-06-19,41.1938,1.6526,Pablo  Ruiz ,2017-06-19 20:52:13+00:00,2025-10-20 12:09:40.026730+00:00,No,No destacada,Yes,Caulerpa cylindracea,10-872--20170619-captura de pantalla 2017-06-19 a las 18.33.10.webp,El año pasado había desaparecido y este año ha reaparecido mucho mas extendida.,,Gracias Pablo! Seguimos la evolución de ésta especie en Cubelles gracias a tus aportaciones. María García,https://www.observadoresdelmar.es/Observations/1007761,,2,2,
Algues Invasores,1007762,2017-06-19,41.1939,1.6541,Pablo  Ruiz ,2017-06-19 21:51:20+00:00,2025-10-20 12:09:15.330311+00:00,No,No destacada,Yes,Caulerpa cylindracea,10-872--20170619-captura de pantalla 2017-06-19 a las 18.21.38.webp,,,"Gracias Pablo,

éstas colonias las tienes bien controladas, las vamos viendo crecer y minvar con tus fotos. María García",https://www.observadoresdelmar.es/Observations/1007762,,2,2,
Algues Invasores,1007778,2017-06-18,39.417,3.2655,LENKA JUSKANICOVA,2017-06-23 07:57:29+00:00,2025-10-20 12:09:21.740413+00:00,No,No destacada,Yes,Caulerpa cylindracea,10-872--20170618-img_2720a.webp,"COMPARADO CON EL SUR DONDE HAY YA COMO ALFOMBRAS CUBRIENDO EL FONDO EN MUCHOS SITIOS,AQUI HAY MUCHA MENOS ABUNDANCIA,TUVE QUE BUSCAR BASTANTE PARA ENCONTRAR UN EJEMPLAR",,,https://www.observadoresdelmar.es/Observations/1007778,,6,1,
Algues Invasores,1007779,2017-06-18,39.417,3.2655,LENKA JUSKANICOVA,2017-06-23 08:00:55+00:00,2025-10-20 12:06:19.917796+00:00,No,No destacada,Yes,Asparagopsis taxiformis,10-874--20170618-img_2761a.webp,,,,https://www.observadoresdelmar.es/Observations/1007779,,8,2,
Algues Invasores,1007786,2017-06-24,39.417,3.2655,LENKA JUSKANICOVA,2017-06-25 16:53:23+00:00,2025-10-20 12:09:40.823519+00:00,No,No destacada,Yes,Asparagopsis taxiformis,10-874--20170624-img_3414a.webp,Volviendo a Porto Colom despues de una semana y moviendome en la poca profundidad he visto destacar ya con su color rosa más matas que anteriormente.,,"Muy interesante que esta especie esté tan bien desarrollada a finales de junio, pues es una especie más bien primaveral que suele tener su pico en abril-mayo y desaparece cuando el agua se calienta.

obviamente, la foto, como siempre, preciosa

¡Gracias!

Fiona",https://www.observadoresdelmar.es/Observations/1007786,,6,2,
Algues Invasores,1007787,2017-06-24,39.417,3.2655,LENKA JUSKANICOVA,2017-06-25 16:55:15+00:00,2025-10-20 12:04:57.153081+00:00,No,No destacada,Yes,Asparagopsis taxiformis,10-874--20170624-img_3424a.webp,en la poca profundidad se pueden ver las matas do dos colores.,,,https://www.observadoresdelmar.es/Observations/1007787,,6,2,
Algues Invasores,1007826,2017-06-07,39.462,2.4715,LENKA JUSKANICOVA,2017-06-29 17:46:53+00:00,2025-10-20 12:07:56.242077+00:00,No,No destacada,Yes,Caulerpa cylindracea,10-872--20170607-img_1922aa.webp,conquistando el terreno en la profundidad.,,,https://www.observadoresdelmar.es/Observations/1007826,,35,2,
Algues Invasores,1007827,2017-06-07,39.462,2.4715,LENKA JUSKANICOVA,2017-06-29 17:49:07+00:00,2025-10-20 12:07:54.399617+00:00,Yes,Fotografia excel·lent,Yes,Caulerpa cylindracea,10-872--20170607-img_1924a.webp,,,"Gracias Lenka, gran longitud de frondes dada la profundidad a la que se encuentran. Muchas gracias por estas observaciones profundas, pues no son fáciles de encontrar y a veces se subestima la problemática de las especies invasoras en profundidad, por su dificultad de muestreo. Laura R.",https://www.observadoresdelmar.es/Observations/1007827,,30,2,
Algues Invasores,1007828,2017-06-07,39.462,2.4715,LENKA JUSKANICOVA,2017-06-29 17:53:18+00:00,2025-10-20 12:07:54.971052+00:00,No,No destacada,Yes,Caulerpa cylindracea,10-872--20170607-img_1931aa.webp,,,,https://www.observadoresdelmar.es/Observations/1007828,,30,2,
Algues Invasores,1007853,2017-06-11,41.1426,1.4168,Enric Pena Franch,2017-06-29 20:37:10+00:00,2025-10-20 12:07:55.644341+00:00,No,No destacada,Yes,Caulerpa cylindracea,10-872--20170611-caucil.webp,,,"Gràcies Enric,

sabem d'aquesta espècie en aquesta zona des de l'any passat, que vam trobar dues petites colònies. Si hi tornes i la veus de nou serà fantàstic si ens dius com evoluciona. Gràcies. Maria Garcia",https://www.observadoresdelmar.es/Observations/1007853,,6,1,
Algues Invasores,1007868,2017-06-12,41.1425,1.4128,Enric Pena Franch,2017-06-29 21:17:55+00:00,2025-10-20 12:08:16.428117+00:00,No,No destacada,Yes,Caulerpa cylindracea,10-872--20170612-caucyl.webp,,,"En aquesta foto veiem que es tracta de una colònia incipient. Seguim!

Gràcies, Maria Garcia",https://www.observadoresdelmar.es/Observations/1007868,,3,1,
Algues Invasores,1007871,2017-06-15,41.1453,1.4193,Enric Pena Franch,2017-06-29 21:26:44+00:00,2025-10-20 12:07:18.053440+00:00,No,No destacada,Yes,Caulerpa cylindracea,10-872--20170615-caucyl2.webp,,,,https://www.observadoresdelmar.es/Observations/1007871,,3,1,
Algues Invasores,1007898,2017-07-02,39.7,2.5547,LENKA JUSKANICOVA,2017-07-02 19:02:17+00:00,2025-10-20 12:06:16.040889+00:00,No,No destacada,Yes,Caulerpa cylindracea,10-872--20170702-img_3970a.webp,"En esta nueva localisación,  he visto muy pocos ejemplares pero también en esta parte de la isla no falta.",,"Hola Lenka, gracias por la observación!!



Un saludo, Laura A.",https://www.observadoresdelmar.es/Observations/1007898,,3,1,
Algues Invasores,1007920,2016-06-08,39.5332,2.5951,José Félix García Granadal,2017-07-08 00:48:59+00:00,2025-10-20 12:08:01.284906+00:00,Yes,Fotografia excel·lent,Yes,,10-99998--20160608-p1050409.webp,"hay una gran zona de cientos de metros recubierta de este alga, era un paisaje desolador.

A parte gran cantidad de botellas de cristal y basura por toda la zona.",,"Hola José Félix, esta imagen y comentario que has mandado es una perfecta muestra del impacto que pueden tener estas algas filamentosas al recubrir el fondo marino, al ponerse sobre algas y fanerógamas marinas impiden la fotosíntesis de las mismas y si recubren otros organismos como organismos filtradores, pueden tamibén dificultar e incluso matar al organismo al impedir su actividad. Gracias por aceptar el #Retofilamentosas. Es imporante ahora saber desde cuando se empezó a ver esta alga y hasta cuando dura en el tiempo. Seguimos! Laura R. ",https://www.observadoresdelmar.es/Observations/1007920,,25,3,
Algues Invasores,1007923,2017-06-07,41.7484,2.968,Cristina Fernández Asensio,2017-07-08 23:17:25+00:00,2025-10-20 12:08:01.324096+00:00,No,No destacada,Yes,,10-99998--20170607-1499345487925.webp,"He llegit algun article d'aquesta alga, és increible... està tota la costa de la cala salionç coberta per aquesta alga filamentosa. Els peixos i la diversitat en general han disminuit un any per l'altre.",,"Hola Cristina, tens cap imatge de l'alga? Seria ideal per a poder-la identificar. Gràcies i gràcies per acceptar el #Retofilamentosas. Laura R.",https://www.observadoresdelmar.es/Observations/1007923,,6,3,
Algues Invasores,1007924,2017-07-08,42.1048,3.1805,Jordi Soler,2017-07-08 23:53:21+00:00,2018-02-05 19:14:08+00:00,No,No destacada,Yes,,,,,"Hola Grassisub, teniu cap imatge de l'alga? Seria ideal per a poder-la identificar. Gràcies!

Laura R. Gràcies per acceptar el #Retofilamentosas",https://www.observadoresdelmar.es/Observations/1007924,,12,3,
Algues Invasores,1007926,2017-07-09,37.9195,12.3204,Paolo Balistreri,2017-07-09 15:45:39+00:00,2025-10-20 12:06:11.226805+00:00,No,No destacada,Yes,Caulerpa cylindracea,10-872--20170709-19894907_1431120056957576_1098130789602113129_n.webp,,,"Thank you Paolo and sorry for the delay!! we have been caught up with observations from several projects!!! The picture is really good! Do you have a notion of what the temperature was and the depth at which you collected it?

If you can go back to this site in the autumn and winter it would be great, as it would help us understand the seasonal patterns that this species may undergo.

Thanks again!

Fiona",https://www.observadoresdelmar.es/Observations/1007926,,,,
Algues Invasores,1007928,2017-07-08,39.0246,1.5955,Raul Dominguez Tur,2017-07-09 21:10:33+00:00,2017-07-24 16:13:03+00:00,No,No destacada,No,Caulerpa cylindracea,,Present a un escull de posidonia,,"Hola Raul, moltes gràcies per les teves observacions, però et volíem demanar a veure si en tenies cap imatge per a poder-les validar. MOltes gràcies, Laura R.",https://www.observadoresdelmar.es/Observations/1007928,,1,2,
Algues Invasores,1007929,2017-07-08,39.0246,1.5955,Raul Dominguez Tur,2017-07-09 21:39:33+00:00,2017-07-09 21:39:33+00:00,No,No destacada,Yes,Caulerpa cylindracea,,,Fiona Tomas Nash,,https://www.observadoresdelmar.es/Observations/1007929,,2,2,
Algues Invasores,1007930,2017-07-09,38.743,1.4411,Raul Dominguez Tur,2017-07-09 21:41:56+00:00,2017-07-09 21:41:56+00:00,No,No destacada,Yes,Caulerpa cylindracea,,,Fiona Tomas Nash,,https://www.observadoresdelmar.es/Observations/1007930,,1,1,
Algues Invasores,1007931,2017-07-09,38.7026,1.4782,Raul Dominguez Tur,2017-07-09 21:43:38+00:00,2017-07-09 21:43:38+00:00,No,No destacada,Yes,Caulerpa cylindracea,,,Fiona Tomas Nash,,https://www.observadoresdelmar.es/Observations/1007931,,2,2,
Algues Invasores,1007939,2017-07-07,39.7758,2.6655,Pablo  Ruiz ,2017-07-10 19:00:10+00:00,2025-10-20 12:12:52.415413+00:00,No,No destacada,Yes,Asparagopsis armata,10-99999--20170707-dscn8646 2.webp,"Fotografía tomada dos horas después de recoger el alga; había perdido su tonalidad granate. Dudo que tipo de alga puede ser, si asparagopsis o callithamnion granulatum",Fiona Tomas Nash,,https://www.observadoresdelmar.es/Observations/1007939,,,1,
Algues Invasores,1007942,2016-06-26,41.1939,1.6545,Pablo  Ruiz ,2017-07-12 04:36:22+00:00,2025-10-20 12:08:01.527137+00:00,No,No destacada,Yes,,10-99999--20160626-captura de pantalla 2017-07-12 a las 4.13.15.webp,Captura de pantalla de una filmación correspondiente a Junio de 2016 en la dársena interna de la Térmica ( en desuso ) de Cubelles. Recubria todo dando un aspecto tétrico.,,Éstos mocos de algas filamentosas son episodios habituales en nuestras costas. Hacen blooms (grandes expansiones) que suelen desaparecer en unos días. María García,https://www.observadoresdelmar.es/Observations/1007942,,,2,
Algues Invasores,1007943,2016-06-26,41.1939,1.6545,Pablo  Ruiz ,2017-07-12 04:38:04+00:00,2025-10-20 12:08:01.706461+00:00,No,No destacada,Yes,,10-99999--20160626-captura de pantalla 2017-07-12 a las 4.17.34.webp,"Captura de pantalla de una filmación correspondiente a Junio de 2016 en la dársena interna de la Térmica ( en desuso ) de Cubelles. Recubría todo dando un aspecto tétrico. Observé dos tipos distintos, una mas marrón y otra de un color mas granate siendo esta ultima menos abundante. Cubría todo, incluido colonias de Caulerpa racemosa",,"Hola Pablo. Éste verano los episodios de algas filamentosos fueron muy largos...

Gracias por tus fotos

María García",https://www.observadoresdelmar.es/Observations/1007943,,1,2,
Algues Invasores,1007944,2016-06-26,41.1939,1.6541,Pablo  Ruiz ,2017-07-12 04:42:05+00:00,2025-10-20 12:08:03.804158+00:00,No,No destacada,Yes,Caulerpa cylindracea,10-99999--20160626-captura de pantalla 2017-07-12 a las 4.21.40.webp,"Captura de pantalla de una filmación correspondiente a Junio de 2016 en la dársena interna de la Térmica ( en desuso ) de Cubelles. Recubría todo dando un aspecto tétrico. Observé dos tipos distintos, una mas marrón y otra de un color mas granate siendo esta ultima menos abundante. Cubría todo, incluido colonias de Caulerpa racemosa",,"Hola Pablo,

el alga más rojiza no veo bien en la foto y no te puedo decir qué es, pero la que vees como más marrón, es realmente un briozoo llamado Zoobotryon verticillatum que es abundante en puertos. María García",https://www.observadoresdelmar.es/Observations/1007944,,1,2,
Algues Invasores,1007945,2016-06-26,41.1939,1.6541,Pablo  Ruiz ,2017-07-12 04:54:05+00:00,2025-10-20 12:08:04.013235+00:00,Yes,Fotografia excel·lent,Yes,,10-99999--20160626-captura de pantalla 2016-07-02 a las 1.01.31.webp,ejemplo de alga filamentosa detectada en 2016 y de como cubría completamente todo.,,"Muchas gracias Pablo por aportar datos del año pasado. Sospecho que se trata de Acinetospora crinita. será interesante comparar los datos de varios años.

Saludos

Fiona",https://www.observadoresdelmar.es/Observations/1007945,,,2,
Algues Invasores,1007946,2016-06-26,41.1939,1.6545,Pablo  Ruiz ,2017-07-12 04:55:35+00:00,2025-10-20 12:08:04.194216+00:00,No,No destacada,Yes,,10-99999--20160626-captura de pantalla 2016-07-02 a las 1.02.16.webp,Otro ejemplo de alga filamentosa detectada en 2016 y de como cubría completamente todo.,,"Paisaje de Halloween! Como ya sabes, no podemos determinar la especie sin mirarla al microscopio. Un abrazo, María García",https://www.observadoresdelmar.es/Observations/1007946,,,2,
Algues Invasores,1007947,2016-06-26,41.1939,1.6545,Pablo  Ruiz ,2017-07-12 04:56:08+00:00,2025-10-20 12:07:42.387108+00:00,No,No destacada,Yes,,10-99999--20160626-captura de pantalla 2016-07-02 a las 1.04.05.webp,,,"Hola Pablo,

las algas filamentosas son indeterminables a simple vista... No te puedo decir cual es la especie sin tener una muestra para mirar las celulas. 

Gracias, María García",https://www.observadoresdelmar.es/Observations/1007947,,,3,
Algues Invasores,1007948,2017-07-09,40.92,0.842,Oriol Gené de la Rica,2017-07-12 14:12:32+00:00,2025-10-20 12:08:04.415574+00:00,No,No destacada,Yes,Caulerpa cylindracea,10-872--20170709-screenshot_0.webp,"Hay varios puntos donde se puede observar. Ha estado creando nuevos ""estolones"" desde la ultima vez que la vimos.",,"Hola Oriol, muchas gracias por la observación y por la edición de la imagen. En julio es cuando Caulerpa cylindracea crece más, hasta 1,2 cm por día! (datos de Caulerpa cylindracea medida entre 0 y 3 mestros en Italia) en la publicación científica: Klein & Verlaque (2008) Mar. Poll. Bull. 56:205-225. Laura R

",https://www.observadoresdelmar.es/Observations/1007948,,4,2,
Algues Invasores,1007952,2017-07-12,41.1973,1.6729,Pablo  Ruiz ,2017-07-12 15:02:57+00:00,2025-10-20 12:07:26.984072+00:00,No,No destacada,Yes,Caulerpa cylindracea,10-872--20170712-img_7346.webp,Prácticamente en la superficie.,,Gracias Pablo! super interesante verla tan superficial,https://www.observadoresdelmar.es/Observations/1007952,,,2,
Algues Invasores,1007953,2017-07-12,41.5618,2.5648,Juli Páez Lahosa,2017-07-12 16:05:22+00:00,2018-02-06 12:02:49+00:00,No,No destacada,Yes,,,,,"Hola Juli, no hi ha cap fotografía adjunta, i tampoc espècie seleccionada. Probablement tinguis una foto i pel que sigui no s'ha pogut pujar. Esperem la teva resposta. MOltes gràcies, Laura R.",https://www.observadoresdelmar.es/Observations/1007953,,30,3,
Algues Invasores,1008014,2017-06-11,39.358,3.2204,LENKA JUSKANICOVA,2017-07-17 20:30:47+00:00,2025-10-20 12:07:27.562256+00:00,No,No destacada,Yes,Asparagopsis taxiformis,10-874--20170611-img_2633a.webp,,,,https://www.observadoresdelmar.es/Observations/1008014,,4,2,
Algues Invasores,1008015,2017-06-11,39.358,3.2204,LENKA JUSKANICOVA,2017-07-17 20:33:17+00:00,2025-10-20 12:07:28.133381+00:00,No,No destacada,Yes,Asparagopsis taxiformis,10-874--20170611-img_2638a.webp,Ya aparecen las matas con el color rosa fuerte,,,https://www.observadoresdelmar.es/Observations/1008015,,4,2,
Algues Invasores,1008016,2017-06-11,39.358,3.2204,LENKA JUSKANICOVA,2017-07-17 20:49:37+00:00,2025-10-20 12:09:14.777057+00:00,No,No destacada,Yes,Caulerpa cylindracea,10-872--20170611-img_2623a.webp,mucho menos ejemplares que en el sur de la isla.,,,https://www.observadoresdelmar.es/Observations/1008016,,6,1,
Algues Invasores,1008021,2017-07-08,39.71,3.4744,LENKA JUSKANICOVA,2017-07-18 17:29:21+00:00,2025-10-20 12:08:04.901022+00:00,No,No destacada,Yes,Caulerpa cylindracea,10-872--20170708-img_4846.webp,Al contrario del sur de la isla hay menos abundancia en esta zona lejana y como siempre le gusta pegarse a la misma especie de esponja.Tampoco he visto en esta pequeňa calita ningun ejemplar de  Asparagopsis taxiformis.,,"Hola Lenka, gracias por las observaciones.



Un saludo, Laura A.",https://www.observadoresdelmar.es/Observations/1008021,,4,1,
Algues Invasores,1008030,2017-07-18,35.515,12.6316,Joaquim Garrabou ,2017-07-18 20:28:48+00:00,2025-10-20 12:06:19.270948+00:00,No,No destacada,Yes,Asparagopsis taxiformis,10-874--20170718-asparagopsis lampedusa.webp,,,Gràcies Quim!,https://www.observadoresdelmar.es/Observations/1008030,,8,2,
Algues Invasores,1008034,2017-07-17,42.3335,3.2859,Àngel López Sanz,2017-07-19 10:15:00+00:00,2025-10-20 12:08:05.459983+00:00,No,No destacada,Yes,,10-99999--20170717-filamentosa_per_arreu.webp,"Estaba tot cobert per les algues filamentoses, des d'uns 10m fins a 40m, però sobretot de 25 a 35m



Hi ha vídeos aquí: https://youtu.be/DImGW6Q4njc

https://youtu.be/JWY30Mnyu-0

",,"Àngel!

Els vídeos són impressionants! Pobres gorgònies... estan mortes? Creiem que pot ser Acinetospora però t'ho intentaré confirmar! Fiona",https://www.observadoresdelmar.es/Observations/1008034,,25,3,
Algues Invasores,1008046,2017-04-14,36.8189,-2.5366,Alejandra Pérez Obs Centinela Almería,2017-07-20 19:17:57+00:00,2025-10-20 12:11:03.614770+00:00,No,No destacada,No,Asparagopsis taxiformis,10-874--20170414-sera falkenbergia...0416.webp,Os envío esta fotografía porque todavía no sé distinguir la fase Falkenbergia de Asparagopsis y no se si es o no.,Fiona Tomas Nash,"Hola Aquatours Almeria, la fase Falkenbergia hillebrandii, es la que pertenece a la Asparagopsis taxiformis. Es muy dificil diferenciarla de la de la A. armata (Falkenbergia rufolanosa) sin ayuda de una lupa o microscopio. Dado que son muy similares no soy capaz de discernir cual es la de la foto sin tener el espécimen...



Un saludo, Laura A.",https://www.observadoresdelmar.es/Observations/1008046,,7,1,
Algues Invasores,1008047,2016-04-18,36.8121,-2.565,Alejandra Pérez Obs Centinela Almería,2017-07-20 19:23:20+00:00,2025-10-20 12:06:23.784995+00:00,No,No destacada,Yes,Asparagopsis taxiformis,10-874--20160418-asparagopsis dentro de la pradera.webp,Es una de las pocas veces que hemos visto Asparagopsis dentro de la pradera.,,"Hola Aquaturs Almeria, la Asparagopsis suele crecer en lugares un poco protegidos, probablemente, la Posidonia le ofrezca el refugio que necesita. Gracias!



Un saludo, Laura A.",https://www.observadoresdelmar.es/Observations/1008047,,,1,
Algues Invasores,1008068,2020-03-17,36.8175,-2.5455,Alejandra Pérez Obs Centinela Almería,2017-07-22 18:25:09+00:00,2025-10-20 12:07:12.554132+00:00,No,No destacada,No,Stypopodium schimperi,10-880--20160631-stypopodium schimperi 3.10616.webp,"No sabemos si es stypopodium schimperi. La teníamos para enviar y nunca lo hicimos. Este año hemos visto en varios sitios de los Acantilados de la Sierra de Gádor. En breve os enviamos las fotos de este año. No sabemos identificarla bien. No hay gran cantidad pero cada vez es más fácil ver. Siempre en zonas de baja luminosidad,y a veces incluso en grandes aleros o pequeñas cuevas",,,https://www.observadoresdelmar.es/Observations/1008068,,10,1,
Algues Invasores,1008069,2017-07-23,36.8182,-2.5424,Alejandra Pérez Obs Centinela Almería,2017-07-22 18:28:23+00:00,2025-10-20 12:09:10.801192+00:00,Yes,Espècie exòtica o invasiva,Yes,Stypopodium schimperi,10-880--20170723-stypopodium schimperi210717.webp,,María García González ,"Hola de nuevo... aparentemente, este mensaje no se envió en su momento y ahora lo he visto.....

Hola,

tal como decía en la observación anterior, pienso que se trata de Zonaria tournefortii. Podéis ver más información de esta especie en este link:

http://www.algaebase.org/search/species/detail/?species_id=g9427471bf54499fe



Seguimos en contacto

Fiona

",https://www.observadoresdelmar.es/Observations/1008069,,12,1,
Algues Invasores,1008070,2017-07-22,36.817,-2.5473,Alejandra Pérez Obs Centinela Almería,2017-07-22 18:49:30+00:00,2025-10-20 12:08:05.884932+00:00,No,No destacada,Yes,Stypopodium schimperi,10-880--20170722-stypopodium schimperi.webp,,,"Hola.... creo que no se trata de Stypopdium sino de una alga nativa que se llama Zonaria tournefortii, que es común en zonas sombrías... no obstante, si podéis coger algún ejemplar y hacerle fotos más de detalle del talo, el pie, etc... lo podremos confirmar mejor... y de paso si lo recogéis lo podéis guardar en alcohol y si parece que es una especie invasora os avisamos para examinarla

Muchas gracias

Fiona",https://www.observadoresdelmar.es/Observations/1008070,,9,1,
Algues Invasores,1008084,2017-07-15,39.2761,3.0417,Raquel Vaquer Sunyer,2017-07-25 12:02:31+00:00,2017-08-03 16:29:06+00:00,No,No destacada,Yes,Halimeda incrassata,,"Era a una zona amb Posidonia i Cymodocea i clapes d'arena, molt escasa",,Gracis Raque!,https://www.observadoresdelmar.es/Observations/1008084,,2,1,
Algues Invasores,1008142,2017-07-14,41.1423,1.4163,Enric Pena Franch,2017-07-27 22:39:59+00:00,2025-10-20 12:08:06.405428+00:00,No,No destacada,Yes,Caulerpa cylindracea,10-872--20170714-caucyl.webp,Molt extesa. Trams sencers de la Barra de 3 recoberts amb C. cylindracea. S'ha anat expandit des de les primeres frondes que vam trobar a principis de juny.,,"Normalment es desenvolupa més en agumentar la temperatura. Seria interessant veure si s'observa o no en els mesos d'hivern... Gràcies Enric!

Maria Garcia",https://www.observadoresdelmar.es/Observations/1008142,,6,2,
Algues Invasores,1008143,2017-07-14,41.1423,1.4163,Enric Pena Franch,2017-07-27 22:43:31+00:00,2025-10-20 12:08:06.889702+00:00,No,No destacada,Yes,Caulerpa cylindracea,10-872--20170714-caucyl2.webp,Detall de l'expansió de C. cylindracea a la Barra de 3.,,,https://www.observadoresdelmar.es/Observations/1008143,,6,2,
Algues Invasores,1008154,2017-07-16,41.1421,1.4146,Enric Pena Franch,2017-07-27 23:10:43+00:00,2025-10-20 12:08:07.404437+00:00,No,No destacada,Yes,Caulerpa cylindracea,10-872--20170714-caucyl.webp,Un altre detall de la densitat in crescendo que va agafant C. cylindracea a la Barra de 3.,,,https://www.observadoresdelmar.es/Observations/1008154,,7,3,
Algues Invasores,1008158,2017-07-13,38.8679,1.2108,Cristina Amanda  Tur ,2017-07-28 14:49:23+00:00,2025-10-20 12:08:07.614290+00:00,No,No destacada,Yes,Caulerpa cylindracea,10-872--20170713-ad5987.webp,"Tengo la impresión de que esta zona, que frecuentamos, no estaba tan invadida el año pasado, aunque en es Vedrà y es Vedranell es casi inevitable encontrar esta invasora",,"Muchas gracias Amanda, es Caulerpa racemosa sin duda. Estamos viendo coo Caulerpa cylindracea en profundidad se reproduce y expande fácilmente y al estar a mayor profundidad es más difil de ver, pero hay mucha. Muchas gracias.",https://www.observadoresdelmar.es/Observations/1008158,,15,2,
Algues Invasores,1008171,2017-07-19,40.0577,4.0674,Biel Perelló,2017-07-29 09:39:52+00:00,2025-10-20 12:07:28.964895+00:00,No,No destacada,Yes,Caulerpa cylindracea,10-872--20170719-p7190253_bperello.webp,Presència extensiva a les cales properes,,"Moltes gràcies Biel per a teva observació. Tot i que ja s'havia registrat Caulerpa cylindracea a Menorca, entre tots els observadors anem actualitzant el mapa d'invasores a les Balears. Cada punt és important! Laura R.",https://www.observadoresdelmar.es/Observations/1008171,,,2,
Algues Invasores,1008174,2017-07-31,37.6393,-0.6762,Marta I. Terry López,2017-07-31 20:14:40+00:00,2025-10-20 12:08:08.541033+00:00,No,No destacada,Yes,,10-99998--20170731-img_8590.webp,"Piles 2 (Cabo de Palos). En una franja desde 22-26 m de profundidad aproximadamente,y temperatura entre 20 y 22 ºC. Recubriendo una pared rocosa con otras especies de algas y alguna gorgonia.",,"Fotos francamente impresionantes.

Muchas gracias Marta.

Saludos, Fiona",https://www.observadoresdelmar.es/Observations/1008174,,26,2,
Algues Invasores,1008175,2017-07-31,37.642,-0.6734,Marta I. Terry López,2017-07-31 20:34:48+00:00,2025-10-20 12:07:32.645525+00:00,Yes,Fotografia excel·lent,Yes,,10-99998--20170731-img_8584.webp,"Otra imagen de la misma zona, recubriendo una gorgonia (Leptogorgia, arriba a la derecha), además de a Dictyota, Dictyopteris, Caulerpa cylindracea y esponjas.",,"Esta foto es espectacular. Realmente el impacto de una alga filamentosa si está mucho tiempo recubriendo las otras especies podría ser notable.

Si puedes ir siguiendo y ver cúando desaparece y cómo están las especies enterradas sería estupendo.

Muchas gracias

Fiona",https://www.observadoresdelmar.es/Observations/1008175,,24,2,
Algues Invasores,1008212,2017-07-30,39.475,2.5212,LENKA JUSKANICOVA,2017-08-03 05:03:34+00:00,2025-10-20 12:08:09.035776+00:00,No,No destacada,Yes,Halimeda incrassata,10-922--20170730-img_7375a.webp,"Sólo unos metros desde la orilla en la poca profundidad desde 2,5 - 3,2m he encontrado un bosque de Halimeda desde unos pequeňos individuos hasta las grandes matas cubriendo el substrato de la arena, conviviendo con Zostera sp. hasta creciendo en el fondo con las otras algas.Como todavía no le he visto H. nunca antes , y para describir esta localización, he colgado más fotos con más detalles sobre este especie.H. empieza crecer exactamente desde bajo de la cuerda con las boyas que separan los baňistas  a la derecha ,desde los barcos , lo que quiere decir mucho sobre el modo como llegó a esta cala con el tráfico numeroso de los barcos.",,Genial!!! hablamos pronto!!,https://www.observadoresdelmar.es/Observations/1008212,,,2,
Algues Invasores,1008213,2017-07-30,39.475,2.5212,LENKA JUSKANICOVA,2017-08-03 05:07:46+00:00,2025-10-20 12:07:33.092117+00:00,Yes,Fotografia excel·lent,Yes,Halimeda incrassata,10-922--20170730-img_7436.webp,Un individuo un poco más crecido en la arena.,,"Muy bonito ejemplar, foto ideal para poder apreciar bien su estructura y no confundirla con Halimeda tuna, que es nativa.",https://www.observadoresdelmar.es/Observations/1008213,,,2,
Algues Invasores,1008214,2017-07-30,39.475,2.5212,LENKA JUSKANICOVA,2017-08-03 05:09:50+00:00,2025-10-20 12:08:09.486357+00:00,No,No destacada,Yes,Halimeda incrassata,10-922--20170730-img_7409a.webp,una manta que en algunos sitios crearon una alfombra de esta alga,,Gracias!,https://www.observadoresdelmar.es/Observations/1008214,,,2,
Algues Invasores,1008215,2017-07-30,39.475,2.5212,LENKA JUSKANICOVA,2017-08-03 05:12:10+00:00,2025-10-20 12:08:10.429698+00:00,No,No destacada,Yes,Halimeda incrassata,10-922--20170730-img_7512a.webp,la arena donde crecece solo Halimeda.,,"Lenka a ver si podemos quedar para que hagas cuantificación exacta, sería estupendo tener datos de abundancia cuantitativos. Mil gracias por tus fotos y tus observaciones",https://www.observadoresdelmar.es/Observations/1008215,,3,2,
Algues Invasores,1008216,2017-07-30,39.475,2.5212,LENKA JUSKANICOVA,2017-08-03 05:14:33+00:00,2025-10-20 12:08:02.884760+00:00,No,No destacada,Yes,Halimeda incrassata,10-922--20170730-img_7524ha.webp,un detalle de los individuos de la arena en 3m.,,Gracias Lenka!,https://www.observadoresdelmar.es/Observations/1008216,,3,2,
Algues Invasores,1008217,2017-07-30,39.475,2.5212,LENKA JUSKANICOVA,2017-08-03 05:16:06+00:00,2025-10-20 12:08:10.789616+00:00,No,No destacada,Yes,Halimeda incrassata,10-922--20170730-img_7412.webp,un ejemplar como le he sacado desde la arena.,,"Gracias Lenka, se ve muy bien el rizoide que ancla el alga al sustrato.",https://www.observadoresdelmar.es/Observations/1008217,,3,2,
Algues Invasores,1008218,2017-07-30,39.475,2.5212,LENKA JUSKANICOVA,2017-08-03 05:19:48+00:00,2025-10-20 12:08:11.383751+00:00,No,No destacada,Yes,Halimeda incrassata,10-922--20170730-img_7464ha.webp,también crece entra Zostera n.- viz otra foto con el detalle.,,Gracias Lenka!!! veo que dentro de Portals vells hay zonas con mucha y zonas con poca Halimeda.... a ver si las zonas con poca están más colonizadas el año que vien,https://www.observadoresdelmar.es/Observations/1008218,,3,1,
Algues Invasores,1008219,2017-07-30,39.475,2.5212,LENKA JUSKANICOVA,2017-08-03 05:21:41+00:00,2025-10-20 12:08:11.879293+00:00,No,No destacada,Yes,Halimeda incrassata,10-922--20170730-img_7392a.webp,detalle de la Zostera n. ?,,"Hola Lenka, creo que se trata de Cymodocea, puesto que las raíces son muy gruesas, las de Zostera son más fina, más tipo hilo",https://www.observadoresdelmar.es/Observations/1008219,,3,1,
Algues Invasores,1008220,2017-07-30,39.475,2.5212,LENKA JUSKANICOVA,2017-08-03 05:24:22+00:00,2025-10-20 12:07:53.843196+00:00,No,No destacada,Yes,Halimeda incrassata,10-922--20170730-img_7497a.webp,hasta crece creando una alfombra entre las otras algas con mucha abundancia.,,"Gracias Lenka

sabes si debajo de las algas había mata muerta, arena o roca?",https://www.observadoresdelmar.es/Observations/1008220,,3,2,
Algues Invasores,1008221,2017-07-30,39.475,2.5212,LENKA JUSKANICOVA,2017-08-03 05:26:14+00:00,2025-10-20 12:08:08.084525+00:00,No,No destacada,Yes,Halimeda incrassata,10-922--20170730-img_7482a.webp,también creciendo sobre el otro fondo con las algas diferentes.,,Qué interesante esta foto donde se aprecia un individuo juvenil,https://www.observadoresdelmar.es/Observations/1008221,,3,1,
Algues Invasores,1008222,2017-07-30,39.475,2.5212,LENKA JUSKANICOVA,2017-08-03 05:28:24+00:00,2025-10-20 12:08:13.853719+00:00,No,No destacada,Yes,Halimeda incrassata,10-922--20170730-img_7440a.webp,desde los individuos pequeňos hasta las estenzas matas creciendo sobre la arena.,,Gracias Lenka!,https://www.observadoresdelmar.es/Observations/1008222,,3,2,
Algues Invasores,1008234,2017-08-03,39.572,2.3103,LENKA JUSKANICOVA,2017-08-04 18:52:52+00:00,2025-10-20 12:08:03.458860+00:00,No,No destacada,Yes,Asparagopsis taxiformis,10-874--20170803-img_8350a.webp,"Volviendo en mucho tiempoa Isla de Dragonera ,me fijé que esta alga es por esta zona ya muy escasa, mejor muy pequeňos individuos ,esta mata más grande quue he visto.",,"Muchas gracias Lenka. Esta especie es de desarrollo primaveral así que es interesante ver que aún en agosto hay ejemplares bastante bien desarrollados, supongo porque está a bastanta profundidad, donde el agua estará más fría.

Saludos

Fiona",https://www.observadoresdelmar.es/Observations/1008234,,24,1,
Algues Invasores,1008235,2017-08-03,39.572,2.3103,LENKA JUSKANICOVA,2017-08-04 18:57:18+00:00,2025-10-20 12:08:14.443555+00:00,No,No destacada,Yes,Caulerpa cylindracea,10-872--20170803-img_8333a.webp,Como en cualquier sitio crea casi las alfombras compactas.,,"Gracias Lenka por esta bonita foto. Muy ilustrativa de que en profundidad, Caulerpa cylindracea suele ser más larga que en superfície pues, como llega menos luz, necesita más superfície para realizar la fotosíntesis.

Fiona",https://www.observadoresdelmar.es/Observations/1008235,,28,2,
Algues Invasores,1008236,2017-08-02,39.462,2.4715,LENKA JUSKANICOVA,2017-08-04 19:31:03+00:00,2025-10-20 12:08:14.947290+00:00,Yes,Fotografia excel·lent,Yes,,10-99998--20170802-img_8130a.webp,"Esta alga que llamamos un moco verde siempre , me acuerdo  hace 15 aňos cuando buceo, en Mallorca aparece en el principio de la temporada, en el abril hasta las grandes profundidades de 42 m donde la limpiamos de las gorgonias- no le afecta, siempre  siguen vivas y sanas , pero en la temporda en el verano desaparece.Nunca crea tan extensas y compactas alfombras como en la costa.esta alga he encontrado por la casualidad en 27 m donde era como una pequeňa isla pero en las profundidades menores no le he visto.Tuve que buscarla ahora bastante.",,"Gracias Lenka por esta foto tan bonita. Tiene todo el aspecto de ser Acinetospora crinita, que efectivamente suele tener picos de abundancia más bien en primavera. Es interesante que esté bien desarrollada aún en agosto, aunque como indicas, en poca extensión.

Gracias

Fiona",https://www.observadoresdelmar.es/Observations/1008236,,27,1,
Algues Invasores,1008263,2017-08-07,38.9894,1.2888,Verónica  Núñez Reyes,2017-08-07 13:38:03+00:00,2025-10-20 12:07:25.035724+00:00,No,No destacada,No,,10-99998--20170807-img_4308.webp,"En el fondo de la cueva, en la arena encontramos abundancia media-alta de este organismo.",Fiona Tomas Nash,"Hola, según María Capa (UIB) experta en poliquetos ""Así en principio confirmaría que se trata de un ejemplar de Branchiomma pero para ponerle nombre tendría que ver el ejemplar y sus caracteres diagnósticos e igual hasta secuenciar ADN. Estoy trabajando ahora en un proyecto y si parece que hay bastantes translocaciones e introducciones... pero también se han cometido fallos en las identificaciones en el pasado, así que hay que andar con cuidado. Así que necesitaríamos el organismo entero para poder hacer una determinación específica."" Laura R.",https://www.observadoresdelmar.es/Observations/1008263,,2,2,
Algues Invasores,1008334,2014-07-22,36.225,-5.3138,Samuel Garrido ,2017-08-17 23:39:55+00:00,2025-10-20 12:07:35.398882+00:00,No,No destacada,Yes,Asparagopsis armata,10-874--20140722-asparagopsis.webp,Varias poblaciones dispersas sobre las rocas.,,,https://www.observadoresdelmar.es/Observations/1008334,,2,2,
Algues Invasores,1008335,2014-07-22,36.225,-5.3138,Samuel Garrido ,2017-08-17 23:40:04+00:00,2025-10-20 12:08:14.979421+00:00,No,No destacada,Yes,Asparagopsis armata,10-874--20140722-asparagopsis.webp,Varias poblaciones dispersas sobre las rocas.,,"Hola Samuel, muchas gracias por tu observación y perdona el retraso pero este verano hemos estado abrumados de trabajo.

Me da la sensación que se trata de Aspragopsis armata y no taxiformis porque, por lo que me parece ver en la foto, las  ramas inferiores son largas y finas y tienen ganchos que parecen arpones, pero no estoy 100% segura... ¿tienes fotos de más detalle?

Muchas gracias de nuevo

Fiona Tomas",https://www.observadoresdelmar.es/Observations/1008335,,2,2,
Algues Invasores,1008337,2017-08-18,39.9999,3.8128,Jacint Joan Genestar Mercadal,2017-08-18 13:39:00+00:00,2018-12-21 12:48:10+00:00,No,No destacada,No,Lophocladia lallemandii,,"Dos aspectes: 1)Perdonau, la mala qualitat d'imatge, fent snorkel és bastant difícil no borinar. 2)No estic del tot segur, si és Lophocladia",,"Bones Jacint, no podem veure la imatge que has pujat, potser que tingui una tamany de més de 3Mb, si és així, per favor redueix-ho doncs l'aplicació no admet tamanys grans. Moltíssimes gràcies per la observació, és molt important aquesta observaicó de Lophocladia a Menorca, doncs allà no ha estat tant avistada. Gràcies. Laura R.",https://www.observadoresdelmar.es/Observations/1008337,,1,3,
Algues Invasores,1008343,2017-08-18,39.5286,2.4401,José Félix García Granadal,2017-08-19 21:54:09+00:00,2025-10-20 12:06:28.707685+00:00,No,No destacada,No,,10-99998--20170818-p1050792.webp,,José Félix García Granadal,,https://www.observadoresdelmar.es/Observations/1008343,,,2,
Algues Invasores,1008344,2017-08-18,39.5286,2.4401,José Félix García Granadal,2017-08-19 21:54:14+00:00,2025-10-20 12:07:21.078349+00:00,No,No destacada,No,,10-99998--20170818-p1050792.webp,,José Félix García Granadal,,https://www.observadoresdelmar.es/Observations/1008344,,,2,
Algues Invasores,1008356,2017-08-15,38.993,1.2859,Ignasi Roselló,2017-08-20 15:27:57+00:00,2025-10-20 12:07:35.364847+00:00,No,No destacada,No,,10-99998--20170815-algas filamentosas.webp,Este alga recubre gran parte del fondo de la zona y en este caso empieza a cubrir un ejemplar de Ircinia variabilis y otro de Sarcotragus foetidus.,,,https://www.observadoresdelmar.es/Observations/1008356,,2,3,
Algues Invasores,1008372,2017-08-20,41.534,2.4654,Cristina Molnar Muro,2017-08-21 10:37:08+00:00,2018-02-06 12:02:03+00:00,No,No destacada,Yes,,,"En la barra del Negre en Mataro, todas las gorgonias blancas grandes estan recubiertas por un alga, que esta bien agarrada y las necrotiza. Algunas gorgonias estan muerts. Este alga no es el mismo que aquel que ha  cubierto todo desde mayo y que ahora ha empezado a desaparecer (el llamado ""alga moco""). Tambien lo hemos visto sobre ls hojas de posidonia. En otras barras de Mataro, las gorgonias amarillas pequeñas estan con este alga y se ven ya ramas necrotizadas.",,,https://www.observadoresdelmar.es/Observations/1008372,,28,3,
Algues Invasores,1008373,2017-08-20,39.4877,2.736,Mika Palmer Verger,2017-08-21 14:39:50+00:00,2025-10-20 12:07:35.568156+00:00,No,No destacada,Yes,Halimeda incrassata,10-922--20170820-halimeda incrassata.webp,"He vist uns 15 plantells més o manco junts i 5 més, una mica més dispersos.",,"Moltes gràcies Mika, Cala Blava va ser del primers punts on es va a vistar Halimeda incrassata al MEditerrani, després d'ahver estat vista el 2005 a Madeira. Moltes gràcies per la observació. Laura R.",https://www.observadoresdelmar.es/Observations/1008373,,2,1,
Algues Invasores,1008375,2017-08-19,39.4484,2.7428,José Plácido Escaño Roepstorff,2017-08-21 22:19:00+00:00,2017-10-20 02:02:39+00:00,No,No destacada,Yes,Womersleyella setacea,,"Hola! 



Estuve buceando en el Delta y me quedé preocupado al observar un campo monoespecífico de un alga parda gelatinosa. Su cobertura era del 100%... 



Cubría tanto rizomas de posidonia como las rocas y prácticamente todo objeto que no fuera arena (botellas, cabos).



Solo estuve unos minutos y tuve que irme. 



La próxima vez y muestrearé otra zona y os comento, pero mientras tanto podríais por favor decirme de qué especie se trata y si puede ser negativo su impacto?



Tengo videos de esta observación, si queréis os lo paso via Wetransfer.



Gracias

Pin



PD: Saludos al equipo, que seguro que conozco a alguien de los que estáis ahí al otro lado.",,"Pin, muchas gracias por tu observación. Para realmente poder confirmar que se trata de Womersleyella no solamente tendríamos que ver imágenes, pero seguramente tomar una muestra y analizarla al microscopio, pues para distinguirla de otras especies hay que mirar un rasgo que solamente se puede ver en el microscopio. 

¿nos envías las imágenes?

Gracias

Fiona",https://www.observadoresdelmar.es/Observations/1008375,,2,3,
Algues Invasores,1008377,2017-08-22,38.9246,1.4877,Ignasi Roselló,2017-08-22 23:43:27+00:00,2025-10-20 12:07:29.464925+00:00,No,No destacada,Yes,,10-99998--20170822-caulerpa prolifera3.webp,,,"Gràcies Ignasi i perdona el retard en respondre. Sen's ha acumulat la feina aquest estiu!

Efectivament es tracta de Caulerpa prolifera, que és una alga nativa. En aquest cas està creixent entre feixos de la fanerògama marina Cymodocea nodosa i darrea es veu Posidonia oceanica. També sembla que hi hagi una alga vermella tipus cianòfit recubrint el fons, oi?

De nou gràcies per la teva observació!

Si tens accés a aquesta zona ara a la tardor i pots mirar si la Posidonia està florint, és un dels reptes que tenim ara!

Salutacions

Fiona Tomas",https://www.observadoresdelmar.es/Observations/1008377,,2,1,
Algues Invasores,1008423,2017-08-28,41.1939,1.6527,Pablo  Ruiz ,2017-08-28 15:02:17+00:00,2025-10-20 12:08:13.109294+00:00,No,No destacada,Yes,Caulerpa cylindracea,10-99999--20170828-captura de pantalla 2017-08-28 a las 14.29.29.webp,,,"Ésta morfología del alga es curiosa, normalmente no presenta las bolitas tan densas, realmente aquí en Cubelles son como racimos de uvas... Quizá tendremos que ver si hay diferencias genéticas con otras poblaciones. Gracias Pablo. María García",https://www.observadoresdelmar.es/Observations/1008423,,,3,
Algues Invasores,1008438,2017-08-29,41.1938,1.6526,Pablo  Ruiz ,2017-08-29 17:30:08+00:00,2025-10-20 12:08:18.140794+00:00,No,No destacada,Yes,Caulerpa cylindracea,10-872--20170829-captura de pantalla 2017-08-29 a las 17.26.04.webp,"En este lado de la dársena de la Térmica, el agua no se recicla con frecuencia. Se observa que en comparación con las del otro ládo de la dársena ( distantes 50 metros ) presentan un mayor crecimiento y extensión.",,"Bestial colonización!! ¿tienes idea del rango de temperaturas y como difieren entre la zona donde se recicla y no se recicla el agua de la central térmica?? Super interesante observación... se podrían hacer experimentos muy interesantes... si tienes ganas ponte en contacto para ver qué podemos organizar

De nuevo mil gracias por todas estas observaciones

Fiona",https://www.observadoresdelmar.es/Observations/1008438,,,3,
Algues Invasores,1008439,2017-08-29,41.1939,1.6539,Pablo  Ruiz ,2017-08-29 17:31:32+00:00,2025-10-20 12:08:07.569721+00:00,No,No destacada,Yes,Caulerpa cylindracea,10-872--20170829-captura de pantalla 2017-08-29 a las 17.22.35.webp,En esta zona el agua se recicla con mas frecuencia y por contra tienen un tamaño mas reducido en comparación con la colonia mas cercana.,,"Super buenas e interesantes observaciones que nos permiten profundizar en la ecología de esta especie tan plástica.

¡Gracias!!",https://www.observadoresdelmar.es/Observations/1008439,,,2,
Algues Invasores,1008466,2017-09-02,39.522,2.4204,LENKA JUSKANICOVA,2017-09-02 21:46:10+00:00,2025-10-20 12:08:19.095171+00:00,No,No destacada,Yes,Caulerpa cylindracea,10-872--20170902-img_2640a.webp,invadiendo el terreno en la profundidad de 38 m.,,"Muchas gracias Lenka. Muy interesante ver esta colonización inicial, efectivamente ""invadiendo terreno"". ¿recuerdas si había más? Veo que la foto es de 2015, sería muy interesate volver ahora a ver si hay muhca más o no.

Gracias de nuevo

Fiona",https://www.observadoresdelmar.es/Observations/1008466,,38,,
Algues Invasores,1008587,2017-08-24,39.2768,3.0429,Gregori Muñoz-Ramos Trayter,2017-09-10 19:40:35+00:00,2025-10-20 12:07:29.925251+00:00,No,No destacada,Yes,Halimeda incrassata,10-922--20170824-imag0296 halimeda.webp,Amb ulleres i tub m'ha cridat l'atenció aquesta alga que a catalunya no havia observat mai,,"Hola Gregori, efectivament es tracta d'Halimeda incrasatta, una alga que de moment no ha passat de Mallorca i la illa gran de Cabrera. Aquesta és una de les localitat més al sud de Mallorca trobades fins al moment. Hem de tenir els ulls ben oberts en cas que traspassi i arribi al litoral català. Moltes gràcies.

Laura R.",https://www.observadoresdelmar.es/Observations/1008587,,2,2,
Algues Invasores,1008600,2017-09-12,38.6612,1.5161,Raul Dominguez Tur,2017-09-12 17:14:10+00:00,2018-02-04 20:03:09+00:00,No,No destacada,Yes,Caulerpa cylindracea,,Soy biologo y he podido identificar la especie,,"Gracias Raul y perdona el retraso en contestar. Normalmente pedimos una foto, pero si eres biólogo, estupendo. Si ves otras veces y no tienes cámara, lo ideal es coger un trozo y llevártelo fuera y luego con el móbil hacerle una foto en agua (y luego tirarla a la basura y no otra vez al mar :)

Gracias de nuevo

Fiona",https://www.observadoresdelmar.es/Observations/1008600,,1,1,
Algues Invasores,1008631,2017-08-12,38.9572,1.1899,Cristina Amanda  Tur ,2017-09-15 17:24:57+00:00,2025-10-20 12:08:21.897905+00:00,No,No destacada,Yes,Caulerpa cylindracea,10-872--20170913-img_9499entre espartar y espardell.webp,Esta en concreto se ha fotografiado en la zona conocida como es racó des freuetó (s'Espartar) pero buceando en los fondos de esta reserva de islotes podría pasarme el día enviando fotos de esta invasora; está mu extendida y la vemos prácticamente a diario.,,"Muchas gracias Cristina por la observación y el comentario. Siento mucho el retraso en contestarte... se nos acumula el trabajo.

Si vas a menudo y vas a ir durante otoño y / o invierno sería muy útil para nosotros si hicieras observaciones para ver si observas cambios (o no) en la abundancia, tamaño o rango de distribución de esta especie, pues no hay consenso sobre los patrones estacionales de esta especie, y parece que en ciertas zonas y profunidades vive todo el año mientras que en otras parece que desaparece.

De nuevo ¡¡mil gracias por la observación!!!

Fiona

",https://www.observadoresdelmar.es/Observations/1008631,,15,2,
Algues Invasores,1008636,2017-09-17,37.6345,-0.7019,Marta I. Terry López,2017-09-17 18:20:21+00:00,2025-10-20 12:08:22.332719+00:00,No,No destacada,Yes,,10-99999--20170917-img_9289.webp,"Encontré varios como el ""ejemplar"" de la foto en la orilla de la playa, al principio pensé que era Codium... La longitud no excedía los 4-5 cm.",,"Hola Marta

se trata de Dasycladus vermicularis. Es una especie nativa que puede ser localmente abundante y hasta puede formar pequeños céspedes.

¡gracias!",https://www.observadoresdelmar.es/Observations/1008636,,,,
Algues Invasores,1008648,2017-07-17,39.4717,2.5219,Xavier Mas Ferrà,2017-09-18 15:20:31+00:00,2025-10-20 12:07:42.195394+00:00,No,No destacada,Yes,Halimeda incrassata,10-922--20170817-halimeda incrassata - xavier mas.webp,,,"Moltes gràcies Xavier! Una foto preciosa! Perdona el retard, en respondre't, sen's ha acumulat la feina. Seria súper interessant veure si aquesta població es manté durant l'hivern. Fins fa poc només haviem observat Halimeda incrassata a l'estiu, però fa poc vem trobar unes plantes a Cabrera que semblava que haguéssin sobreviscut l'hivern (estaven molt recobertes d'altres algues, ja no es veia el color aquest verd tan bonic que es veu en aquesta foto).

Ja ens diràs!

Merci i perdona el retard de nou!

Fiona",https://www.observadoresdelmar.es/Observations/1008648,,1,2,
Algues Invasores,1008655,2017-09-23,37.6388,-0.6779,Marta I. Terry López,2017-09-24 11:30:10+00:00,2025-10-20 12:09:41.308893+00:00,No,No destacada,Yes,,10-881--20170923-img_9326.webp,Piles 1 (Cabo de Palos).,,"Hola Marta, muchas gracias por tu observación. Desafortunadamente no podemos confirmar que sea C. fragile fragile, pues para poder hacerlo necesitaríamos una foto de mucho más detalle (macro) para ver bien la forma de los utrículos. Además, considerando el hábitat donde la has encontrado es bastante posible que sea Codium decorticatum, que es una especie común de zonas con menos luz, mientras que C. fragile fragile suele estar en zonas más superficiales.

No dudes en seguir enviándonos observaciones. Muchas gracias

Fiona",https://www.observadoresdelmar.es/Observations/1008655,,23,1,
Algues Invasores,1008671,2017-09-07,39.536,2.3766,LENKA JUSKANICOVA,2017-09-25 18:34:20+00:00,2025-10-20 12:09:42.082897+00:00,No,No destacada,Yes,Lophocladia lallemandii,10-873--20170907-img_4537a.webp,me fije que por el fondo se encontravan varias matas de la alga arrancadas por el temporal.,,"Hola Lenka

muy buena foto, la macro realmente permite ver que se trata de Lophocladia. Pues esta especie últimatement no parece ser tan abundante (suele ser más abundante en verano y otoño) o sea que si ves más, no dudes en añadir tus observaciones.

Gracias

Fiona",https://www.observadoresdelmar.es/Observations/1008671,,4,,
Algues Invasores,1008703,2017-08-06,41.1422,1.4132,Enric Pena Franch,2017-09-25 22:51:17+00:00,2025-10-20 12:07:43.852158+00:00,No,No destacada,Yes,Caulerpa cylindracea,10-872--20170806-caucin_2.webp,,,Gràcies Enric!,https://www.observadoresdelmar.es/Observations/1008703,,6,2,
Algues Invasores,1008711,2017-08-20,41.1422,1.4132,Enric Pena Franch,2017-09-25 23:12:26+00:00,2025-10-20 12:09:42.524598+00:00,No,No destacada,Yes,Caulerpa cylindracea,10-872--20170820-caucin_3.webp,Trobada a poca fondària.,,"Gràcies Enric! Bona observació. Moltes vegades a poca fondària és molt més petita que a més fondària, on sol ser més gran perquè hi ha menys llum i per tant necessita més superfície per a poder obtenir suficients recursos per sobreviure.

Merci!!

Fiona",https://www.observadoresdelmar.es/Observations/1008711,,2,1,
Algues Invasores,1008756,2017-09-17,41.1423,1.4139,Enric Pena Franch,2017-09-26 22:23:10+00:00,2025-10-20 12:09:42.946185+00:00,No,No destacada,Yes,Caulerpa cylindracea,10-872--20170917-caucyl.webp,,,"Moltes gràcies Enric!

Perdona el retard, sen's acumula la feina!

Si tens oportunitat d'anar mirant aquesta població, seria súper interessant veure si aquesta població es manté durant l'hivern, ja que no està clar si els patrons estacionals de C. cylindracea són consistents a tot arreu i si canvien en fondària (per exemple hi ha treballs que diuen que aquesta espècie desapareix a l'hivern i n'hi ha d'altres que no), així que tenir dades sobre això és molt útil.",https://www.observadoresdelmar.es/Observations/1008756,,3,1,
Algues Invasores,1008761,2017-09-22,41.063,1.0854,Enric Pena Franch,2017-09-26 22:38:09+00:00,2025-10-20 12:07:43.310046+00:00,No,No destacada,Yes,Caulerpa cylindracea,10-872--20170922-caucyl2.webp,,,"Gràcies Enric! La foto que has enviat mostra la Caulerpa creixent entre Cymodocea nodosa (no Posidonia oceanica), és important, perquè pot ser que competeixin per recursos.

Com ja t'he comentat, si pots tornar a aquestes localitats per a fer un seguiment estacional, seria fantàstic!

Merci de nou

Fiona",https://www.observadoresdelmar.es/Observations/1008761,,3,1,
Algues Invasores,1008871,2017-10-12,39.462,2.4715,LENKA JUSKANICOVA,2017-10-13 05:38:47+00:00,2025-10-20 12:09:43.441038+00:00,Yes,Fotografia excel·lent,Yes,Caulerpa cylindracea,10-872--20171012-img_7484a.webp,Esta foto es de la profundidad de 48 m cuando he vizitado una colonia de las diferentes forgonias y demuestra que esta algo con el exito aunque en el fondo con la poca luz coloniza tambien estas profundidades.Es la profundidad maxima que les he visto creser.,,"Gracias Lenka. Esta foto muestra como C. cylindracea tiene una gran capacidad de colonizar muchos ambientes distintos. Mientras que Pablo Ruiz nos manda fotos de esta especie creciendo a casi 0 m de profunidad, esta es de 48m de profundidad. En efecto, uno de los éxitos de esta especie a nivel de su extensa colonización se explica por esta capacidad de vivir en ambientes tan distintos.

¡Gracias!",https://www.observadoresdelmar.es/Observations/1008871,,48,1,
Algues Invasores,1008878,2017-10-14,39.7326,3.2364,Luis Felipe Resines Huidobro,2017-10-15 11:43:08+00:00,2025-10-20 12:09:45.065444+00:00,No,No destacada,Yes,Halimeda incrassata,10-922--20171014-img_1107.webp,"Trozos sueltos por el fondo. Como referencia de tamaño el plomo pequeño son 4cm y el largo 8,7cm",,"Hola Reis, no estoy del todo segura de que se trate de Halimeda incrassata. Quizás podría ser el alga nativa Halimeda tuna. Por un casual ¿has guardado los especímenes o me sabrías decir de qué tamaño son los plomos que pones como referencia? Al haberla econtrado fuera de su hábitat y sin tener claro el tamaño, y teniendo en cuenta que de momento solamente la hemos localizado en el sur de Mallorca, es muy importante asegurarse de que se trata de la especie H. incrassata.

Gracias

Fiona ",https://www.observadoresdelmar.es/Observations/1008878,,,1,
Algues Invasores,1008885,2017-10-15,41.1973,1.6729,Pablo  Ruiz ,2017-10-15 14:52:53+00:00,2025-10-20 12:08:03.574855+00:00,Yes,Fotografia excel·lent,Yes,Caulerpa cylindracea,10-872--20171015-_dsc3443.webp,,,"Muy bonito detalle de C. cylindracea, se ve como va reptando por la roca, expandiéndose poco a poco",https://www.observadoresdelmar.es/Observations/1008885,,,1,
Algues Invasores,1008886,2017-10-15,41.1973,1.6729,Pablo  Ruiz ,2017-10-15 14:53:32+00:00,2025-10-20 12:07:44.041035+00:00,No,No destacada,Yes,Caulerpa cylindracea,10-872--20171015-_dsc3406.webp,,,"Gràcies Pablo!

",https://www.observadoresdelmar.es/Observations/1008886,,,1,
Algues Invasores,1008887,2017-10-15,41.1973,1.6729,Pablo  Ruiz ,2017-10-15 14:54:01+00:00,2025-10-20 12:09:11.907506+00:00,No,No destacada,Yes,Caulerpa cylindracea,10-872--20171015-_dsc3459.webp,,,"Gràcies per aquesta foto de detall. L'altra alga vermella sembla que podria ser Asparagopsis?

",https://www.observadoresdelmar.es/Observations/1008887,,,1,
Algues Invasores,1008888,2017-10-15,41.1973,1.6729,Pablo  Ruiz ,2017-10-15 14:54:33+00:00,2025-10-20 12:11:22.832360+00:00,No,No destacada,Yes,Caulerpa cylindracea,10-872--20171015-_dsc3470.webp,,,,https://www.observadoresdelmar.es/Observations/1008888,,,1,
Algues Invasores,1008889,2017-10-15,41.1973,1.6729,Pablo  Ruiz ,2017-10-15 14:55:33+00:00,2025-10-20 12:09:45.446958+00:00,Yes,Fotografia excel·lent,Yes,Caulerpa cylindracea,10-872--20171015-_dsc3466.webp,,,"Hola Pablo! Interessant foto. Clarament la Caulerpa cylindracea pot viure bé a la tardor. Tens idea de a quina temperatura està l'aigua? Si pots anar seguint la població per veure si es va mantenint o si va minvant a l'hivern ens serà molt útil per entendre millor els cicles estacionals d'aquesta espècie i com varien en fondària i geogràficament

Fiona",https://www.observadoresdelmar.es/Observations/1008889,,,1,
Algues Invasores,1008961,2017-10-26,39.545,2.6186,LENKA JUSKANICOVA,2017-10-27 05:31:04+00:00,2025-10-20 12:09:46.003279+00:00,No,No destacada,Yes,Halimeda incrassata,10-922--20171026-img_8549a.webp,"Cuando me tire desde el unico escalon donde se puede entrar al agua en el dique, me fije que enseguida frente ,encima de una roca casi plana de 2 x 2 m se encontrava esta colonia de las algas.No les he visto en el otro sitio del dique.Voya a mirar otro dia con  mas luz, si este sitio es aislado y asi podre seguir como se espanden  en esta piedra.la proxima vez también hare las mejores fotos.",,"¡¡Hola Lenka!! Genial esta observación y la del erizo. Si no hay Halimeda en ningún sitio cerca me pregunto si habrá llegado por barco, flotando, por reproducción sexual.... Sigue investigando y me dices!!

Muchas gracias

Fiona",https://www.observadoresdelmar.es/Observations/1008961,,,1,
Algues Invasores,1009004,2017-10-28,39.545,2.6186,LENKA JUSKANICOVA,2017-10-31 19:32:53+00:00,2025-10-20 12:09:47.472900+00:00,Yes,Fotografia excel·lent,Yes,Halimeda incrassata,10-922--20171028-img_9049a.webp,"EN MEDIO DE LA COLONIA QUE HE ENCONTRADO EN EL DIQUE, YA DESPUES DE 3 DIAS HE VISTO PEGADO ASÍ ENCIMA DEL ERIZO ESTOS EJEMPLARES EN EL MISMO SITIO",,"¡Aha!!¡qué interesante! A priori no creo que los erizos se coman la Halimeda porque es muy dura, pero esto lo estudiaremos este verano. Los erizos muchas veces usan algas y conchas para taparse (y protegerse de depredadores o de la luz UV), aunque también para luego comérselo. Además, si no hay Halimeda muy cerca del erizo, esta foto también indica que el alga ha llegado por transporte pasivo hasta el erizo. Esto es muy importante, porque la foto muestra que el alga está verde (o sea viva) y por lo tanto sugiere que un medio de expansión de este alga puede ser a través de corrientes.

Esta observación también es valiosa porque muestra que Halimeda incrassata está viva a finales de octubre, y aún no conocemos su ciclo estacional.

¡muchísimas gracias Lenka!!

Fiona",https://www.observadoresdelmar.es/Observations/1009004,,,1,
Algues Invasores,1009051,2017-11-03,39.5563,3.3709, ,2017-11-07 18:12:27+00:00,2025-10-20 12:07:38.032792+00:00,No,No destacada,Yes,Asparagopsis taxiformis,10-874--20171103-img_9154.webp,,,"Hola! moltes gràcies!

Entenc que la foto va ser feta al Març, oi? al principi m'ha sorprès ja que em pensava que era de la tardor, i no la solem veure fins a la primavera.

Gracis!

Fiona",https://www.observadoresdelmar.es/Observations/1009051,,3,2,
Algues Invasores,1009085,2017-10-30,39.534,2.594,José Félix García Granadal,2017-11-10 16:22:42+00:00,2025-10-20 12:09:47.933910+00:00,No,No destacada,Yes,,10-99998--20171030-p1060340_.webp,"Esta zona es la misma que una foto que envié el año pasado donde había una gran cantidad de alga filamentosa. Parece que ha menguado, quizá por la temperatura, pero sigue siendo bastante abundante.

También pude ver zonas donde se había reducido bastante y habían bastantes estrellas de mar, cuando antes era imposible de ver alguna en la misma zona.",,"Hola José Félix,

normalmente éste tipo de algas va y viene, es decir, forman blooms o grandes explosiones y después desaparecen. El aspecto de los fondos es entonces fantasmagórico, pero si regresas en unos días espero que habrán desaparecido. Gracias por estar atento a éstos fenómenos, éste verano los episodios de filamentosas fueron muy largos... María García",https://www.observadoresdelmar.es/Observations/1009085,,20,2,
Algues Invasores,1009097,2017-09-08,34.7089,33.1351,Raquel Vaquer Sunyer,2017-11-13 13:23:22+00:00,2017-11-24 06:08:31+00:00,No,No destacada,Yes,Caulerpa cylindracea,,A roques cubertes de diverses espècies de Cystoseira,,"Raquel, estàs segura que era C. racemosa? Pot ser que hi hagi altres Caulerpes introduïdes presents a la Mediterrània oriental. Tens foto o mostra?

Gracis

Fiona",https://www.observadoresdelmar.es/Observations/1009097,,,1,
Algues Invasores,1009111,2017-10-17,39.3571,3.2212,MIGUEL FELICIANO CERVANTES RUBIO,2017-11-19 09:25:16+00:00,2025-10-20 12:09:48.059151+00:00,No,No destacada,Yes,,10-99999--20171017-alga.webp,"RECUBRE LA VEGETACION Y HE COMPROBADO QUE SE ESTA EXTENDIENDO RAPIDO.

",,"Hola Miguel

muchas gracias por tu observación. Esto parece un tapete de cianobacterias. Por la foto, donde se ve que hay mucho sedimento, y la localización, sospecho que este crecimiento puede ser debido a una entrada de nutrientes ya sea por entrada de aguas residuales u otros.

Muchas gracias.

Fiona",https://www.observadoresdelmar.es/Observations/1009111,,15,,
Algues Invasores,1009171,2017-10-30,39.5346,2.5904,José Félix García Granadal,2017-12-01 18:30:25+00:00,2025-10-20 12:09:48.558988+00:00,No,No destacada,Yes,,10-99998--20171030-cianobacterias.webp,"Esta foto fue tomada en la playa de cala Comtesa (Illetas).

La arena repleta de manchas de cianobacterias.",,"Muchas gracias José, y perdona el retraso en contestar, como de momento no tenemos un proyecto específico de proliferaciones de algas hay un poco de lío en quien verifica. La foto es muy buena. Si sigues viendo o ves otras especies de interés no dudes en subirlas a la plataforma.

Gracias y saludos

Fiona",https://www.observadoresdelmar.es/Observations/1009171,,5,3,
Algues Invasores,1009174,2017-11-24,41.1421,1.4129,Enric Pena Franch,2017-12-01 20:16:51+00:00,2025-10-20 12:09:48.974411+00:00,No,No destacada,Yes,Caulerpa cylindracea,10-872--20171124-caucyl.webp,Encara trobem C. cylindracea en diversos punts de l'Antina. Algunes ja degradades. Les de la foto eren les que tenien millor aspecte.,,"Bones Enric, moltes gràcies per l'observació. És molt important tenir dades d'aquest espècie en aquesta època de l'any on generalment les algues clorofícies estan en un estat més reduit.",https://www.observadoresdelmar.es/Observations/1009174,,3,1,
Algues Invasores,1009185,2017-12-03,39.462,2.4715,LENKA JUSKANICOVA,2017-12-03 19:46:30+00:00,2025-10-20 12:09:28.013479+00:00,No,No destacada,Yes,Asparagopsis taxiformis,10-874--20171203-img_1023a.webp,,,"¡qué bonita foto Lenka!

y muy interesante saber que ya en Diciembre hay talos tan desarrollados... a ver si los observas reproduciéndose (se ven como unas pequeñas bolitas).

Gracias de nuevo

Fiona",https://www.observadoresdelmar.es/Observations/1009185,,10,1,
Algues Invasores,1009268,2017-12-28,41.1983,1.6718,Pablo  Ruiz ,2017-12-28 16:13:40+00:00,2025-10-20 12:09:49.669118+00:00,No,No destacada,Yes,,10-99999--20171228-captura de pantalla 2017-12-28 a las 15.59.58.webp,Dudo si se trata de Halimeda tuna o incrassata,,"Hola Pablo

creo que es Halimeda tuna, tanto por el color y por el tamaño de los discos.

Gracias

Fiona",https://www.observadoresdelmar.es/Observations/1009268,,,1,
Algues Invasores,1009275,2017-12-30,41.1973,1.6729,Pablo  Ruiz ,2017-12-30 16:58:20+00:00,2025-10-20 12:07:38.715256+00:00,No,No destacada,Yes,Caulerpa cylindracea,10-872--20171230-pc300207.webp,,,"¡bonita macro!

gracias de nuevo

Fiona",https://www.observadoresdelmar.es/Observations/1009275,,,2,
Algues Invasores,1009276,2017-12-30,41.1973,1.6729,Pablo  Ruiz ,2017-12-30 16:59:33+00:00,2025-10-20 12:09:35.713548+00:00,No,No destacada,Yes,Caulerpa cylindracea,10-872--20171230-pc300220.webp,,,"¡Bastante densidad de Caulerpa y en muy buen estado! ¿Es en la zona de aguas más cálidas?

Gracias

Fiona",https://www.observadoresdelmar.es/Observations/1009276,,,2,
Algues Invasores,1009292,2018-01-08,41.1981,1.6727,Pablo  Ruiz ,2018-01-08 17:55:17+00:00,2025-10-20 12:09:49.878754+00:00,No,No destacada,Yes,,10-99999--20180108-p1080014.webp,,,"Hola Pablo

això té tot l'aspecte d'un especímen de Halimeda tuna, una alga nativa més aviat comuna de zones de poca llum.

Gràcies!

Fiona",https://www.observadoresdelmar.es/Observations/1009292,,,1,
Algues Invasores,1009331,2018-01-21,41.1973,1.6729,Pablo  Ruiz ,2018-01-21 14:32:25+00:00,2025-10-20 12:09:49.992966+00:00,No,No destacada,Yes,Caulerpa cylindracea,10-872--20180121-p1210103.webp,,,"¡Gracias de nuevo Pablo!

Saludos

Fiona",https://www.observadoresdelmar.es/Observations/1009331,,,2,
Algues Invasores,1009332,2018-01-21,41.1973,1.6729,Pablo  Ruiz ,2018-01-21 14:33:25+00:00,2025-10-20 12:09:50.115396+00:00,Yes,Fotografia excel·lent,Yes,Caulerpa cylindracea,10-872--20180121-p1210117.webp,,,"Hola Pablo. Muchas gracias por tu observación ¿tienes idea de a qué temperatura está el agua? Lo digo porque no solemos tener muchas observaciones de Caulerpa cylindracea en invierno. Son datos interesantes

Saludos y gracias

Fiona

Fiona",https://www.observadoresdelmar.es/Observations/1009332,,,2,
Algues Invasores,1009361,2017-10-24,38.7305,1.4013,Maria del Mar Gil,2018-01-31 13:20:05+00:00,2018-02-04 19:48:10+00:00,No,No destacada,Yes,Caulerpa cylindracea,,,,"Hola!

Moltes gracis per la observació. És especialment valuosa ja que a la tardor i hivern tenim menys observacions, i no està clar si aquesta espècie segueix un cicle estacional i si ho fa igual a tot arreu.

Gracis de nou!

Fiona",https://www.observadoresdelmar.es/Observations/1009361,,,1,
Algues Invasores,1009389,2018-02-10,41.1973,1.6729,Pablo  Ruiz ,2018-02-10 18:23:33+00:00,2025-10-20 12:09:46.111103+00:00,No,No destacada,Yes,Caulerpa cylindracea,10-872--20180210-p2100052.webp,"Se muestra una parte de la colonia que en estas fechas esta reducida pero mantiene frondes bien visibles. Se encuentra en una zona interior del rompeolas que la protege del oleaje directo ya que las que están expuestas a las olas directas, tienen frondes mucho mas pequeñas con un desarrollo muy reducido en comparación. La temperatura del agua no varia, aunque tiene sol directo durante una parte del dia.",,"Gracias de nuevo Pablo, es muy interesante ver los patrones estacionales, pues no está claro que siga los mismos patrones a lo largo del Mediterráneo.",https://www.observadoresdelmar.es/Observations/1009389,,5,2,
Algues Invasores,1009414,2018-02-18,41.1973,1.6729,Pablo  Ruiz ,2018-02-18 14:16:31+00:00,2025-10-20 12:09:15.133921+00:00,No,No destacada,Yes,Caulerpa cylindracea,10-872--20180218-p2180039 2.webp,Componen una parte de la colonia.,,"Gracias Pablo! Es perfecto que sigas haciendo la vigilancia en los espigones de Cubelles, ya sabes que estudiamos tus colonias!

Nos vemos

María García",https://www.observadoresdelmar.es/Observations/1009414,,5,2,
Algues Invasores,1009439,2018-02-24,41.1419,1.4128,Enric Pena Franch,2018-02-25 20:18:57+00:00,2025-10-20 12:07:51.098284+00:00,No,No destacada,Yes,Caulerpa cylindracea,10-872--20180224-caucyl.webp,Les frondes es veien en bon estat. No sé la temperatura de l'aigua (però estava freda de nassos).,,"Hola Enric,

aquest any no hi ha hagut gaire regressió hivernal, ens ho apuntem!

Gràcies

María García",https://www.observadoresdelmar.es/Observations/1009439,,2,1,
Algues Invasores,1009506,2017-04-05,35.772,-0.8994,Mouloud BENABDI,2018-04-05 21:40:51+00:00,2025-10-20 12:06:40.390559+00:00,No,No destacada,Yes,Asparagopsis armata,10-875--20170405-img_4784.webp,very abundant,,"Hola Mouloud, es interesante tener información de ese lado del Mediterráneo. Suele ser más abundante en invierno y primavera. Gracias por la observación!



Un saludo, Laura A.",https://www.observadoresdelmar.es/Observations/1009506,,7,3,
Algues Invasores,1009520,2018-04-07,39.536,2.3766,LENKA JUSKANICOVA,2018-04-12 21:42:26+00:00,2025-10-20 12:09:05.715482+00:00,No,No destacada,Yes,Asparagopsis taxiformis,10-874--20180407-img_2480a.webp,las matas abundantes en toda la profundidad hasta 21 m y prevalece este color.,,"Hola Lenka, la Asparagopsis puede llegar acolonizar fondos de más de 50m. Gracias!



Un saludo, Laura A.",https://www.observadoresdelmar.es/Observations/1009520,,6,2,
Algues Invasores,1009521,2018-04-07,39.536,2.3766,LENKA JUSKANICOVA,2018-04-12 21:45:58+00:00,2025-10-20 12:07:39.315145+00:00,No,No destacada,Yes,Asparagopsis taxiformis,10-874--20180407-img_2471a.webp,encontrado en 21m como una isla en el medio de la Posidonia.,,"Hola Lenka, la Asparagopsis suele crecer en lugares algo protegidos del hidrodinamismo, probablemente, la Posidonia le ofrezca el refugio que necesita. Gracias!



Un saludo, Laura A.",https://www.observadoresdelmar.es/Observations/1009521,,21,2,
Algues Invasores,1009522,2018-04-07,39.536,2.3766,LENKA JUSKANICOVA,2018-04-12 21:56:21+00:00,2025-10-20 12:07:39.783569+00:00,No,No destacada,Yes,Asparagopsis taxiformis,10-874--20180407-img_2515a.webp,"También se puede ver este color de las matas- muy claro.P.S. he revisado las dos profundidades donde tengo localisada -Cymodocea

nodosa , en 6 y 21 m de la profundidad pero todavia no hay ningunos flores desarollados.",,"Hola Lenka, muchas gracias por la información! Te deseo felices burbujas!



Un saludo, Laura A.",https://www.observadoresdelmar.es/Observations/1009522,,8,2,
Algues Invasores,1009556,2018-04-22,41.1973,1.6728,Pablo  Ruiz ,2018-04-22 17:48:07+00:00,2025-10-20 12:09:52.031218+00:00,No,No destacada,Yes,Caulerpa cylindracea,10-872--20180422-p4220029.webp,"Después de los últimos temporales, ha reducido su tamaño, pero crece de nuevo.",,"En éste lugar parece indestructible. Ya sabes que otros inviernos hemos registrado colapsos en algunas poblaciones, pero las que tú contolas en Cubelles nunca desaparecen del todo. Además su morfología es particular. Seguimos!

María García",https://www.observadoresdelmar.es/Observations/1009556,,2,1,
Algues Invasores,1009557,2018-04-22,41.1973,1.6728,Pablo  Ruiz ,2018-04-22 17:48:53+00:00,2025-10-20 12:09:52.241774+00:00,No,No destacada,Yes,Caulerpa cylindracea,10-872--20180422-p4220057.webp,,,"Gracias Pablo. Éstas colonias son muy interesantes, es el lugar en Cataluña donde las algas llegan a vivir casi fuera del agua. En la foto coexiste con Corallina elongata.

María García",https://www.observadoresdelmar.es/Observations/1009557,,,1,
Algues Invasores,1009563,2018-04-24,41.1975,1.673,Pablo  Ruiz ,2018-04-24 14:26:05+00:00,2025-10-20 12:09:23.440535+00:00,No,No destacada,Yes,Caulerpa cylindracea,10-872--20180424-p4240195.webp,Tras los temporales se puede hechar un vistazo con calma y se observan numerosos brotes minúsculos.,,"En tus fotos a veces parecen racimos, veo que aquí efectivamente son plantas pequeñas.

Gracias Pablo

María García",https://www.observadoresdelmar.es/Observations/1009563,,,2,
Algues Invasores,1009564,2018-04-24,41.1975,1.673,Pablo  Ruiz ,2018-04-24 14:27:16+00:00,2025-10-20 12:08:54.729220+00:00,No,No destacada,Yes,Caulerpa cylindracea,10-872--20180424-p4240158.webp,Se observa que se ha extendido en relación a años anteriores.,,"Te agradecemos tu interés y constancia en tus observaciones.



María García",https://www.observadoresdelmar.es/Observations/1009564,,,2,
Algues Invasores,1009565,2018-04-24,41.1975,1.673,Pablo  Ruiz ,2018-04-24 14:27:51+00:00,2025-10-20 12:09:36.044736+00:00,No,No destacada,Yes,Caulerpa cylindracea,10-872--20180424-p4240116.webp,,,"Éstos parecen reclutas, son muy pequeños.

Gracias

María García",https://www.observadoresdelmar.es/Observations/1009565,,,1,
Algues Invasores,1009599,2018-05-13,39.4621,2.4724,Miquel Gomila Lladó ,2018-05-10 15:02:28+00:00,2025-10-20 12:09:52.768353+00:00,No,No destacada,Yes,Asparagopsis taxiformis,10-874--20180513-img_0636a.webp,,,"Hola Miquel, gracias por aportar tu granito de arena. Esta alga prolifera bastante en invierno y primavera por ello está muy abuntante durante Mayo.



Un saludo, Laura A.",https://www.observadoresdelmar.es/Observations/1009599,,10,3,
Algues Invasores,1009606,2018-05-11,41.1939,1.6542,Pablo  Ruiz ,2018-05-11 11:41:06+00:00,2025-10-20 12:09:52.925507+00:00,No,No destacada,Yes,Caulerpa cylindracea,10-872--20180511-_dsc4277.webp,,,"A ver si prospera mucho durante el verano.

Gracias Pablo. 

María García",https://www.observadoresdelmar.es/Observations/1009606,,,1,
Algues Invasores,1009646,2018-05-21,41.1973,1.6729,Pablo  Ruiz ,2018-05-21 13:40:16+00:00,2025-10-20 12:08:04.522833+00:00,No,No destacada,Yes,Caulerpa cylindracea,10-872--20180521-p5210009.webp,,,"Gracias Pablo!

María García",https://www.observadoresdelmar.es/Observations/1009646,,,1,
Algues Invasores,1009647,2018-05-21,41.1973,1.6729,Pablo  Ruiz ,2018-05-21 13:40:50+00:00,2025-10-20 12:09:12.088552+00:00,No,No destacada,Yes,Caulerpa cylindracea,10-872--20180521-p5210015.webp,19,,"Pablo, en la foto se aprecia muy bien el crecimiento apical de los estolones. 

Gracias

María García",https://www.observadoresdelmar.es/Observations/1009647,,,1,
Algues Invasores,1009648,2018-05-21,41.1973,1.6729,Pablo  Ruiz ,2018-05-21 13:41:25+00:00,2025-10-20 12:08:54.012066+00:00,No,No destacada,Yes,Caulerpa cylindracea,10-872--20180521-p5210032.webp,,,"Pedazo de colección de fotos de Cubelles...

Gracias 

María García",https://www.observadoresdelmar.es/Observations/1009648,,5,1,
Algues Invasores,1009685,2018-06-01,41.1973,1.6729,Pablo  Ruiz ,2018-06-01 19:00:48+00:00,2025-10-20 12:08:58.079280+00:00,No,No destacada,Yes,Caulerpa cylindracea,10-872--20180601-p6010107.webp,,,"Se ve perfecta!

María García",https://www.observadoresdelmar.es/Observations/1009685,,2,2,
Algues Invasores,1009696,2018-06-01,41.1431,1.414,Enric Pena Franch,2018-06-02 17:06:56+00:00,2025-10-20 12:09:31.095938+00:00,No,No destacada,Yes,Caulerpa cylindracea,10-872--20180601-caucil.webp,,,"Gràcies Enric,

anotem les característiques de les plantes.



María García",https://www.observadoresdelmar.es/Observations/1009696,,2,1,
Algues Invasores,1009723,2018-06-03,39.755,2.6191,LENKA JUSKANICOVA,2018-06-09 18:26:33+00:00,2025-10-20 12:09:53.391377+00:00,No,No destacada,Yes,Asparagopsis taxiformis,10-874--20180603-img_3617a.webp,"como en las otras zonas ,tambien en esta parte de la Sierra de la Tramuntana el fondo esta con la abunadancia de esta alga del color claro.",,"Hola Lenka, el color puede estar relacionado con la cantidad de luz qeu le llega y con otros muchos factores como los nutrientes. Gracias!



Un saludo, Laura A.",https://www.observadoresdelmar.es/Observations/1009723,,8,2,
Algues Invasores,1009724,2018-06-03,39.755,2.6191,LENKA JUSKANICOVA,2018-06-09 18:32:40+00:00,2025-10-20 12:09:53.593168+00:00,No,No destacada,Yes,Caulerpa cylindracea,10-872--20180603-img_3629a.webp,también en esta nueva zona   esta alga es facil encontrar.,,"Hola Lenka, tus aportaciones son clave para el seguimiento.



Un saludo, Laura A.",https://www.observadoresdelmar.es/Observations/1009724,,8,,
Algues Invasores,1009760,2018-05-26,38.996,1.2851,Xavier Mas Ferrà,2018-06-11 16:17:11+00:00,2025-10-20 12:09:53.720552+00:00,No,No destacada,Yes,Asparagopsis taxiformis,10-874--20180526-asparagopsis.webp,,,"Preciosa foto!! Moltes gracis! Aquesta alga sol tenir el pic a la primavera. Sembla que es vegin uns puntets que podrien ser els òrgans reproductius.

A veure si encara en veus durant l'estiu!

Merci

Fiona",https://www.observadoresdelmar.es/Observations/1009760,,10,2,
Algues Invasores,1009766,2018-05-27,39.5284,2.4313,Maria del Mar Gil,2018-06-13 10:00:18+00:00,2018-06-13 10:00:18+00:00,No,No destacada,Yes,Caulerpa cylindracea,,,Fiona Tomas Nash,,https://www.observadoresdelmar.es/Observations/1009766,,,1,
Algues Invasores,1009815,2018-06-22,41.1422,1.4137,Enric Pena Franch,2018-06-23 12:15:37+00:00,2025-10-20 12:09:54.148371+00:00,No,No destacada,Yes,Caulerpa cylindracea,10-872--20180622-caucyn.webp,"Torna a sortir i es va extenent.

Sembla que cada vegada en veiem més.",,"Gràcies Enric,

a la platja de Baix a Mar ja fa uns anys es va veure una petita taca, però dius que s'està extenent... Aquesta localitat la controlem en el programa de seguiment d'invasores a Catalunya. Gràcies per la informació,



María García",https://www.observadoresdelmar.es/Observations/1009815,,4,,
Algues Invasores,1009821,2018-06-22,38.937,1.5064,Cristina Amanda  Tur ,2018-06-25 18:57:56+00:00,2025-10-20 12:09:57.093919+00:00,No,No destacada,Yes,Caulerpa cylindracea,10-872--20180622-img_2404.webp,"Todos los ejemplares se observan a muy poca profundidad, a menos de medio metro e incluso rozando la superficie del agua, sobre una plataforma de roca en la ladera del acantilado",,"Gràcies Cristina per la teva observació d'aquesta alga que va començar envaïnt les Balears, per la Badia de Palma el 1998. Tot i que ja es va  observar a Libia per primera vegada al Mediterrani l'any 1990. Gracis. Laura R.",https://www.observadoresdelmar.es/Observations/1009821,,,2,
Algues Invasores,1009829,2018-07-07,43.4358,-4.08,María Morán Luis Morán Luis,2018-06-29 10:42:24+00:00,2025-10-20 12:09:06.153096+00:00,No,No destacada,Yes,Asparagopsis armata,10-875--20180707-p1012678.webp,,María García González ,"¡Muchas gracias Mar por tu observación! No sé por qué se había quedado sin validar.... lo siento por el retraso. Nuestra primera observación en la costa atlántica. Esta foto es muy bonita, y se ven muy bien las ramas en forma de ""arpón"" que la distinguen de Asparagopsis taxiformis.

Gracias de nuevo!

Fiona",https://www.observadoresdelmar.es/Observations/1009829,,10,,
Algues Invasores,1009835,2018-06-25,41.1973,1.6729,Pablo  Ruiz ,2018-07-01 01:48:11+00:00,2025-10-20 12:09:34.605100+00:00,No,No destacada,Yes,Caulerpa cylindracea,10-872--20180625-p6250240.webp,,,,https://www.observadoresdelmar.es/Observations/1009835,,2,2,
Algues Invasores,1009838,2018-06-29,41.6733,2.8017,Enric Badosa Malagelada,2018-07-01 23:27:32+00:00,2025-10-20 12:09:57.216514+00:00,No,No destacada,Yes,Caulerpa cylindracea,10-872--20180629-caulerpa racemosa.webp,N'hi ha enuna superfície de 5x5 m però poca densitat,,"Moltes gràcies Enric. Aquesta localització és intermitent, a vegades queda colgada per la sorra i no sembla prosperar molt... Si la vas veient i es fa més densa, avísa'ns, és un lloc que fa temps que seguim i ens interessa veure les fluctuacions en la seva densitat.

María García",https://www.observadoresdelmar.es/Observations/1009838,,6,2,
Algues Invasores,1009856,2018-06-29,41.1436,1.415,Enric Pena Franch,2018-07-05 20:38:20+00:00,2025-10-20 12:09:57.640908+00:00,No,No destacada,Yes,Caulerpa cylindracea,10-872--20180629-caucyl.webp,Sorgeixen arreu. Aquestes havien crescut força.,,"Moltíssimes gràcies Enric! Sembla que Caulerpa cylindracea es va extenent per Catalunya. Si pots anar seguint aquesta colònia, seria molt interessant, per veure com i quant s'expandeix.

Merci!!!",https://www.observadoresdelmar.es/Observations/1009856,,1,1,
Algues Invasores,1009859,2018-07-06,42.3844,3.1614,Jordi Boada,2018-07-06 22:25:26+00:00,2018-11-13 20:35:16+00:00,No,No destacada,Yes,Caulerpa cylindracea,,Mida d'uns 20 per 20cm,,"Perfecte Jordi! De moment és la localització més septentrional a la costa catalana... 

Gràcies per l'observació, un dia d'aquests pugem a veure-la.



María García",https://www.observadoresdelmar.es/Observations/1009859,,3,2,
Algues Invasores,1009887,2018-06-30,39.572,2.3103,LENKA JUSKANICOVA,2018-07-11 20:19:58+00:00,2025-10-20 12:09:58.157719+00:00,No,No destacada,Yes,Caulerpa cylindracea,10-872--20180630-img_5778aaa.webp,"el panorama habitual en este sitio, la alga como bastante densa alfombra en la distinta profundidad",,"Muchas gracias Lenka, vemos que efectivamente que en esta área está en grandes densidades de frondes de grandes dimensiones también a 15m. Laura",https://www.observadoresdelmar.es/Observations/1009887,,15,2,
Algues Invasores,1009890,2018-06-30,39.572,2.3103,LENKA JUSKANICOVA,2018-07-11 20:54:08+00:00,2025-10-20 12:08:15.502764+00:00,No,No destacada,Yes,,10-99999--20180630-img_5781a.webp,en algunos puntos se ven estas algas que aparecen como las algodones verdes.,Fiona Tomas Nash,,https://www.observadoresdelmar.es/Observations/1009890,,30,1,
Algues Invasores,1009914,2018-07-15,39.539,2.5927,LENKA JUSKANICOVA,2018-07-17 21:32:59+00:00,2025-10-20 12:10:58.775335+00:00,No,No destacada,Yes,,10-99999--20180715-img_7152a.webp,"Desde los 21 m subiendo al lado de la pared rocosa del puerto desde esta profundidad hasta los ultimos metros, pude ver que esta alga cubre totalmente como una alfombra sin ninguna interupciúon todas las rocas como un algodon verde, solo dejo descubiertas las paredes verticale.Estuve en este sitio anteriormente hace muchos aňos pero nunca he visto ete desierto verde con tanta intensisad nunca antes.",Fiona Tomas Nash,,https://www.observadoresdelmar.es/Observations/1009914,Rocks,21,3,
Algues Invasores,1009969,2018-07-25,40.0555,4.0539,Jordi Corbera,2018-07-24 18:04:22+00:00,2025-10-20 12:09:23.969199+00:00,No,No destacada,Yes,Caulerpa cylindracea,10-872--20180725-img_0986.webp,Observació feta gràcies a la informació d'Antoni Pou,,Gràcies Jordi! Tenim poques dades de Menorca així que aquestes observacions són molt benvigudes!,https://www.observadoresdelmar.es/Observations/1009969,,1,1,
Algues Invasores,1010018,2018-07-28,37.6412,-0.6679,Marta I. Terry López,2018-07-29 12:47:13+00:00,2025-10-20 12:09:59.090747+00:00,No,No destacada,Yes,Caulerpa cylindracea,10-872--20180728-img_1579.webp,Bajo de Dentro (Cabo de Palos).,,"Hola Marta, gracias por esta aportación! ¿Sabías que esta especie es proveniente del suroeste de Australia? Es increíble lo que pueden viajas las especies con ayuda humana.



Un saludo, Laura A.",https://www.observadoresdelmar.es/Observations/1010018,,10,2,
Algues Invasores,1010040,2018-07-28,39.161,2.917,LENKA JUSKANICOVA,2018-07-30 20:21:40+00:00,2025-10-20 12:09:59.585103+00:00,No,No destacada,Yes,Caulerpa cylindracea,10-872--20180728-img_8062a.webp,,,"Hola Lenka, como ya sabes la dispersión de esta alga está siendo masiva. Probablemente actividades humanas, como la pesca o el anclaje de embarcaciones ha favorecido su dispersión. Sigue adelante con esa gran pasión con el buceo, hacer unas fotos maravillosas.



Un saludo, Laura A.",https://www.observadoresdelmar.es/Observations/1010040,,21,1,
Algues Invasores,1010041,2018-07-28,39.161,2.917,LENKA JUSKANICOVA,2018-07-30 20:29:14+00:00,2025-10-20 12:09:21.145498+00:00,No,No destacada,Yes,Asparagopsis taxiformis,10-874--20180728-img_8066a.webp,,,"Hola Lenka, como todas tus fotos, esta tambiés es preciosa. De forma personal, yo no habia visto la Asparagopsis en Cabrera. Gracias por tu aportación.



Un saludo, Laura A.",https://www.observadoresdelmar.es/Observations/1010041,,20,1,
Algues Invasores,1010044,2018-07-28,39.173,2.9636,LENKA JUSKANICOVA,2018-07-30 20:58:58+00:00,2025-10-20 12:10:00.094039+00:00,No,No destacada,Yes,Caulerpa cylindracea,10-872--20180728-img_8365a.webp,LO ENCONTRÉ SOBRE EL PECIO HUNDIDO EN POCA ABUNDANCIA EN 30 M.,,"Hola Lenka! gracias por la foto, es muy bonita. ¿Sabias que la C. cylindracea crece de forma óptima entre los 20 y los 40m? Aunque también se la ha visto a 70m",https://www.observadoresdelmar.es/Observations/1010044,,30,1,
Algues Invasores,1010051,2018-07-18,38.9562,1.199,Cristina Amanda  Tur ,2018-07-30 23:33:12+00:00,2025-10-20 12:10:00.796797+00:00,Yes,Fotografia excel·lent,Yes,Caulerpa cylindracea,10-872--20180718-img_3477.webp,,,"Hola Cristina! En la foto se puede observar perfectamente la C. cylindracea. Sin embargo aprovecho que la foto está bastante aumentada para comentar que esta alga muchas veces es pequeñita y no se. Esto provoca que para los científicos a veces sea difícil de encontrar. Por este motivo las aportaciones que haces son muy importantes. Muchas gracias!!



Un saludo,

Laura A.",https://www.observadoresdelmar.es/Observations/1010051,,15,2,
Algues Invasores,1010076,2018-08-04,41.1939,1.6547,Pablo  Ruiz ,2018-08-04 16:41:43+00:00,2025-10-20 12:10:01.046294+00:00,No,No destacada,Yes,Caulerpa cylindracea,10-872--20180804-captura de pantalla 2018-08-04 a las 15.00.45.webp,Ha colonizado la mitad del espigón desde que empezó en pequeños focos hace un par de años.,,¡¡Estos datos a largo plazo van a ser muy interesantes!!!,https://www.observadoresdelmar.es/Observations/1010076,,2,2,
Algues Invasores,1010080,2018-08-04,41.1938,1.6526,Pablo  Ruiz ,2018-08-05 14:33:06+00:00,2025-10-20 12:10:01.289337+00:00,No,No destacada,Yes,Caulerpa cylindracea,10-872--20180804-captura de pantalla 2018-08-04 a las 14.54.29.webp,"se ha extendido notablemente, empezando a ser dominante.",,"Gracias Pablo, muy interesante tener el seguimiento!",https://www.observadoresdelmar.es/Observations/1010080,,5,2,
Algues Invasores,1010121,2018-08-04,37.2653,-1.7541,JAVIER CASAS GASCA,2018-08-10 12:52:35+00:00,2025-10-20 12:07:40.240925+00:00,Yes,Fotografia excel·lent,Yes,Caulerpa cylindracea,10-872--20180804-sunp0053.webp,,,¡Muchas gracias Javier por ayudarnos a expandir nuestro conocimiento de la presencia de este alga por la Península!,https://www.observadoresdelmar.es/Observations/1010121,,1,1,
Algues Invasores,1010129,2018-08-04,37.2653,-1.754,JAVIER CASAS GASCA,2018-08-10 22:22:16+00:00,2025-10-20 12:07:40.486449+00:00,No,No destacada,Yes,Asparagopsis taxiformis,10-874--20180804-sunp0007_c. racemosa y asparagopsis armata.webp,,,"Hola Javier, en la foto que has subido se ven varias algas invasoras. Con la foto no soy capaz de identificar correctamente la Asparagopsis, auqnue diría que tiene ointa de ser taxiformis como bien indicas. Por otro lado, se puede ver perfectamente la Caulerpa cylindracea bastante abundante y mezclada con la Asparagopsis y la Cymodocea nodosa. Muchas gracias, es una foto interesante.



Un saludo, Laura A.",https://www.observadoresdelmar.es/Observations/1010129,,2,1,
Algues Invasores,1010174,2018-08-15,41.1974,1.673,Pablo  Ruiz ,2018-08-17 02:00:20+00:00,2025-10-20 12:10:01.479069+00:00,No,No destacada,Yes,Caulerpa cylindracea,10-872--20180815-p8150048.webp,"Caulerpa racemosa cubriéndose de ostreópsis.

",,,https://www.observadoresdelmar.es/Observations/1010174,,2,2,
Algues Invasores,1010175,2018-08-08,44.389,8.9689,Francesco Caroli,2018-08-17 11:38:59+00:00,2025-10-20 12:06:58.618171+00:00,No,No destacada,Yes,Caulerpa cylindracea,10-872--20180808-41890387210_ac2f496657_k.webp,"despite the last year light retreat, this summer we are facing a boom of this alien.",,Great! Thank you for this valuable information!!,https://www.observadoresdelmar.es/Observations/1010175,,,3,
Algues Invasores,1010230,2018-08-10,39.79,4.28,Marta Ensesa Pumarola ,2018-08-23 15:00:13+00:00,2018-08-28 22:48:41+00:00,No,No destacada,Yes,Caulerpa cylindracea,,"Durante una inmersión en s'Estància (Isla del aire) con el Diving Binibeca, durante la parada de seguridad pude observar el alga invasora caulerpa cylidracea a unos 4 metros de profundidad. ",,"Muchas gracias Marta, tenemos muy pocas observaciones de Menorca así que esta información es muy valiosa. Si ves en otros sitios avísanos!

Saludos

Fiona",https://www.observadoresdelmar.es/Observations/1010230,,5,1,
Algues Invasores,1010241,2018-07-15,41.1422,1.416,Enric Pena Franch,2018-08-23 20:09:27+00:00,2025-10-20 12:10:02.040185+00:00,No,No destacada,Yes,Caulerpa cylindracea,10-872--20180715-caucyl.webp,Molt extesa.,,Moltes gràcies Enric! sembla que aquest any s'està extenent per Catalunya!,https://www.observadoresdelmar.es/Observations/1010241,,6,2,
Algues Invasores,1010274,2018-08-24,41.1958,1.6659,Pablo  Ruiz ,2018-08-24 19:02:23+00:00,2025-10-20 12:09:10.350448+00:00,No,No destacada,Yes,Caulerpa cylindracea,10-872--20180824-p8240316.webp,,,¡Gracias!,https://www.observadoresdelmar.es/Observations/1010274,,,1,
Algues Invasores,1010313,2018-08-02,36.7199,-4.3819,JAVIER CASAS GASCA,2018-08-27 00:25:28+00:00,2025-10-20 12:07:41.257440+00:00,No,No destacada,Yes,Asparagopsis taxiformis,10-874--20180802-sunp0039.webp,,,"Muchas gracias Javier. Es interesante que Asparagopsis en verano normalmente empieza a estar un poco degradada, pero como esta zona es más fría se ve que está aguantando bien.

Saludos

Fiona",https://www.observadoresdelmar.es/Observations/1010313,,2,2,
Algues Invasores,1010315,2018-08-26,39.7172,2.5868,Fiona Tomas Nash,2018-08-28 09:44:11+00:00,2018-08-28 09:54:14+00:00,No,No destacada,Yes,Lophocladia lallemandii,,n'hi havia una mica surant i després algunes parets de blocs grans recobertes amb el plomall prou gran,,idem,https://www.observadoresdelmar.es/Observations/1010315,,5,2,
Algues Invasores,1010316,2018-08-27,39.5322,2.5889,Fiona Tomas Nash,2018-08-28 09:47:54+00:00,2018-08-28 09:53:50+00:00,No,No destacada,Yes,Halimeda incrassata,,"fa uns anys hi havia 4 individus, ara n'hi ha moltíssims, ocupant tant sorra, com zona de Cymodocea com zona de còdols i zona amb sorreta i fullaraca acumulada",,provo si funciona,https://www.observadoresdelmar.es/Observations/1010316,,1,2,
Algues Invasores,1010320,2018-08-25,41.1957,1.6659,Pablo  Ruiz ,2018-08-28 13:59:26+00:00,2025-10-20 12:10:02.276091+00:00,No,No destacada,Yes,Caulerpa cylindracea,10-872--20180825-p8240313 2.u.webp,En fase incipiente en un lugar nuevo.,,"Gracias. Parece que C. cylindracea empieza a expandirse más y más por la costa catalana. Sería muy interesante si fueras siguiendo esta población y otras zonas cercanas.

Saludos

Fiona",https://www.observadoresdelmar.es/Observations/1010320,,2,1,
Algues Invasores,1010337,2018-08-20,39.8,4.3,Marta Ensesa Pumarola ,2018-08-28 23:03:37+00:00,2018-12-19 14:49:23+00:00,No,No destacada,Yes,Caulerpa cylindracea,,"Haciendo snorkel en Cala Rafalet observe el alga inavasora Caulerpa cylindracea, muy cerca de la costa.",Fiona Tomas Nash,"Hola Marta, en caso de tener foto de la misma, ¿podrías enviarla por favor? Gracias por la colaboración.



Un saludo,

Laura A.",https://www.observadoresdelmar.es/Observations/1010337,,3,1,
Algues Invasores,1010338,2018-08-15,40.0,4.0,Marta Ensesa Pumarola ,2018-08-28 23:10:06+00:00,2018-12-19 14:48:24+00:00,No,No destacada,Yes,Caulerpa cylindracea,,"Haciendo snorkel en Cala Calderer, situada a Norte de Menorca dentro de la reserva marina del Norte puede observer en pequeña cantidad la presencia de Caulerpa cylindracea",Fiona Tomas Nash,"Hola Marta. Tienes foto de esta observación? Si es así podrías subirla, por favor? Muchas gracias. Laura R.",https://www.observadoresdelmar.es/Observations/1010338,,3,1,
Algues Invasores,1010372,2018-08-30,39.4883,2.7355,Álvaro González Cid,2018-08-30 17:53:51+00:00,2025-10-20 12:10:02.526223+00:00,No,No destacada,Yes,Halimeda incrassata,10-922--20180830-screenshot_2018-08-30-13-42-57-458_com.alensw.picfolder.webp,,,"Muchas gracias Álvaro y perdona el retraso con la validación. Esta zona está muy cerca de donde la observamos por primera vez en 2011. Si tienes oportunidad de volver a esta zona en invierno sería muy interesante ver qué encuentras, pues no conocemos aún bien el ciclo estacional de esta especie, no sabemos si muere o no.

Gracias de nuevo

Fiona",https://www.observadoresdelmar.es/Observations/1010372,,3,1,
Algues Invasores,1010373,2018-08-30,36.7199,-4.3821,JAVIER CASAS GASCA,2018-08-30 21:31:02+00:00,2025-10-20 12:10:02.970112+00:00,No,No destacada,Yes,Asparagopsis taxiformis,10-874--20180830-sunp0157.webp,Foto hecha con cuadrícula de 25 cm X 25cm ,,"Javier, muchísimas gracias por tus obsservación. Aunque este alga de origen australiano es localmente abundante en invierno y en primavera, en este caso presenta un gran porte también a finales de agosto. ¿Sabes cual es la fenología en aguas andaluzas?. Muchas gracias por la contribución. Laura R.",https://www.observadoresdelmar.es/Observations/1010373,,2,1,
Algues Invasores,1010393,2018-05-08,39.5738,2.3079,Miquel Gomila Lladó ,2018-08-31 11:53:13+00:00,2025-10-20 12:10:03.542073+00:00,No,No destacada,Yes,Asparagopsis taxiformis,10-874--20180508-img_0480a.webp,,,"Aquesta extensió d'Asparagopsis taxiformis no és tant comú de veure. A. taxiformis, tot i ser exòtica al Mediterrani, té un comportament moderadament invasor i no és de les més perilloses de la zona, però en aquest cas no sembla així. Saps si sempre ha estat així aquesta zona? Atres anys ? Encara és tant gran la taca? Gràcies. Laura R.",https://www.observadoresdelmar.es/Observations/1010393,,15,3,
Algues Invasores,1010470,2018-09-08,39.646,3.4374,LENKA JUSKANICOVA,2018-09-11 17:28:19+00:00,2018-11-14 10:50:40+00:00,No,No destacada,Yes,Caulerpa cylindracea,,"POR LA PRIMERA VEZ HE BUCEADO EN ESTA COSTA DE CAPDEPERA Y LO SORPRENDENTE ERA QUE DURANTE TODO EL RECOrRIDO MUY LARGO A LO LARGO DE LA COSTA BUSCANDO LAS CUEVAS EN LA POCA PROFUNDIDAD NO HE VISTO NI UN EJEMPLAR DE LAS ALGAS- Cualerpa cylindracea ni Asparagopsis t. Nunca antes me he pasado, siempre piLLé algunas de estas algas , lo comento porque la absencIa es también un dato.",,"Muchísimas gracias Lenka. Aunque ahora el sistema no puede registrar visualmente estos ""ceros"" como tu bien dices, son importantes. Muchas gracias por tus valiosas observaciones. Laura R.",https://www.observadoresdelmar.es/Observations/1010470,,10,,
Algues Invasores,1010485,2018-09-11,36.7204,-4.3822,JAVIER CASAS GASCA,2018-09-12 17:15:14+00:00,2025-10-20 12:10:05.281587+00:00,No,No destacada,Yes,Asparagopsis taxiformis,10-874--20180911-sunp0101.webp,,,"Gracias por la observación. Las observaciones en diferentes tiempos nos ayudan a establecer la fenología de este alga, que aunque aun no se haya presentado como una gran invasora en las costas levantinas, los comportamientos de especies fuera de su zona de origen pueden ser imprevisibles y es importante conocerlos. Muchas gracias. Laura R.",https://www.observadoresdelmar.es/Observations/1010485,,2,2,
Algues Invasores,1010504,2018-09-09,36.7307,-3.7121,Samuel Garrido ,2018-09-13 17:42:25+00:00,2025-10-20 12:10:05.343656+00:00,No,No destacada,Yes,Asparagopsis taxiformis,10-874--20180909-asparagopsis.webp,Bastante extendida en la zona,,"Hola Samuel, gracias por la observación. Probablemente podrás ver una extensión del alga a lo largo del invierno y primavera. Hay que tener cuidado para no confundirla con la Asparagopsis armata que también puede ser abuntande en las mismas épocas.



Us saludo,

Laura A.",https://www.observadoresdelmar.es/Observations/1010504,,2,2,
Algues Invasores,1010506,2018-09-13,39.5343,2.3651,Maria del Mar Gil,2018-09-14 12:12:22+00:00,2025-10-20 12:07:40.784838+00:00,No,No destacada,Yes,Lophocladia lallemandii,10-873--20180913-lophocladia.webp,,,"Moltes gràcies! Justament Lophoclaida fa un temps que és menys abundant, així que saber on encara n'hi ha és molt important!",https://www.observadoresdelmar.es/Observations/1010506,,15,,
Algues Invasores,1010535,2018-09-16,41.9559,3.2347,Paula López Sendino,2018-09-19 12:50:38+00:00,2018-11-13 20:31:48+00:00,No,No destacada,Yes,Caulerpa cylindracea,,"hi ha una taca petita (40-50x 20cm aprox) de Caulerpa cylindracea molt a prop de la boia del punt d'immersió. Fa pinta de ser molt recent per les petites dimensions de la taca. No anava amb càmara, però conec l'espècie perfectament.",,"I taaaant Paula! si tú ho dius, cylindracea segur!



Gràcies! m'ho apunto!!!



maría",https://www.observadoresdelmar.es/Observations/1010535,,,1,
Algues Invasores,1010554,2018-09-21,36.7376,-3.7776,JAVIER CASAS GASCA,2018-09-24 14:49:05+00:00,2025-10-20 12:10:05.578521+00:00,No,No destacada,Yes,Asparagopsis taxiformis,10-874--20180921-sunp0100_saparagopsis 01-47.webp,,,"Hola Javier, efectivamente, la identificación es correcta. Esta alga la podemos observar a lo largo de la costa Como dato curioso, decirte que en Hawaii, además de llamarla ""Limu"" como nombre común, la utilizan para condimentar platos de carne y pescado.



Laura A.",https://www.observadoresdelmar.es/Observations/1010554,,2,1,
Algues Invasores,1010555,2018-09-21,36.7375,-3.7777,JAVIER CASAS GASCA,2018-09-24 14:51:40+00:00,2025-10-20 12:10:05.976341+00:00,No,No destacada,Yes,Asparagopsis taxiformis,10-874--20180921-sunp0100_asparagosis 02-47.webp,"Hay un grupo de 6 individuos en la misma roca, pero en la zona de alrededor no hay más especímenes cerca.",,"Hola Javier, muchas gracias por tu observación. No tenemos muchas de esta zona, así que estos datos son muy interesantes para nosotros. A ver hasta cuándo se mantienen en buen estado estos especímenes, pues a finales de primavera muchas veces ya no están bien.

Saludos

Fiona",https://www.observadoresdelmar.es/Observations/1010555,,3,1,
Algues Invasores,1010556,2018-09-22,39.8245,4.2226,Guillem Mercadal Gonyalons ,2018-09-24 16:29:05+00:00,2025-10-20 12:10:06.432260+00:00,No,No destacada,Yes,Caulerpa cylindracea,10-872--20180922-gopr6458[1].webp,En pequeñas cantidades pero muy esparcida por la zona,,"Moltes gràcies Guillem. Efectivament es tacta de Caulerpa cylindracea i pot esser que per la poca fondària a la que es troba i l'alta intensitat de llum es trobi amagada entre les latres algues i tingui un ""porte"" més aviat petit. Menorca ha estat la última illa en ser envaïda per aquesta alga. Laura R.",https://www.observadoresdelmar.es/Observations/1010556,,5,1,
Algues Invasores,1010561,2020-03-17,39.8016,4.282,Guillem Mercadal Gonyalons ,2018-09-25 15:48:57+00:00,2025-10-20 12:07:41.618687+00:00,Yes,Fotografia excel·lent,Yes,Asparagopsis taxiformis,10-874--20180931-gopr5114.webp,Cubre casí una hectàrea. He colgado un video en Twitter,,"Aquesta extensió d'Asparagopsis taxiformis no és comú de veure. A. taxiformis, tot i ser exòtica al Mediterrani, té un comportament moderadament invasor i no és de les més perilloses de la zona, però en aquest cas no sembla així. Ha estat sempre així aquesta zona? Atres anys s'ha vist de la mateixa manera? Enara és tant gran la taca? Gràcies. Laura R.",https://www.observadoresdelmar.es/Observations/1010561,,5,,
Algues Invasores,1010632,2018-08-08,39.475,2.5212,LENKA JUSKANICOVA,2018-10-02 20:44:24+00:00,2025-10-20 12:07:52.307956+00:00,Yes,Fotografia excel·lent,Yes,Halimeda incrassata,10-922--20180808-alga.webp,"Como aňo pasado en la poca profundidad de 3 m  , abajo de las cuerdas de las boyas hay una extensa zona que cubre esta alga , todavía más que hace un aňo.!a más grande jungla que he visto. ",,"¡Muchas gracias Lenka! Esta observación es importante, porque nos muestra que Halimeda incrassata no solamente puede colonizar fondos de arena sino zonas donde hay la fanerógama marina Cymodocea nodosa, y podría ser que compitiera con esta especie y tuviera impactos sobre ella. 

También nos interesa entender la estacionalidad de la especie, así que si puedes ir volviendo durante otoño e invierno para ver cómo está la Halimeda sería muy valioso.

Fiona",https://www.observadoresdelmar.es/Observations/1010632,,3,3,
Algues Invasores,1010644,2018-05-23,39.536,2.3766,LENKA JUSKANICOVA,2018-10-04 20:27:39+00:00,2025-10-20 12:10:06.901740+00:00,No,No destacada,Yes,,10-99999--20180523-img_3283a.webp,UNA ALGA QUE CUBRE FONDO COMO UNA ALFOMBRA HABITUAL EN ESTA EPOCA,,"Hola Lenka. Muchas gracias por tu observación. Esto parece Acinetospora crinita, que efectivamente puede formar grandes extensiones en invierno y primavera. 

Gracias de nuevo",https://www.observadoresdelmar.es/Observations/1010644,,7,2,
Algues Invasores,1010684,2018-09-30,39.7603,3.4065,Maria del Mar Gil,2018-10-08 09:48:16+00:00,2025-10-20 12:06:00.240737+00:00,Yes,Fotografia excel·lent,Yes,Lophocladia lallemandii,10-873--20180930-lophocladia.webp,,,"Muchas gracias por esta observación. Lophocladia lallemandii es mucho menos abundante que hace algunos años, así que es muy interesante saber dónde sigue habiendo.",https://www.observadoresdelmar.es/Observations/1010684,,6,,
Algues Invasores,1010685,2018-09-30,39.7603,3.4065,Maria del Mar Gil,2018-10-08 09:49:57+00:00,2025-10-20 12:07:42.003135+00:00,Yes,Fotografia excel·lent,Yes,Acrothamnion preissii,10-879--20180930-acrothamnion.webp,,,Moltes gracis!! Tenim molt poques observacions d'aquesta alga!,https://www.observadoresdelmar.es/Observations/1010685,,6,,
Algues Invasores,1010720,2018-08-16,41.1436,1.4147,Pere Abelló i Sala,2018-10-11 23:43:25+00:00,2025-10-20 12:10:07.425222+00:00,No,No destacada,Yes,Caulerpa cylindracea,10-872--20180816-2018-08-16_p8163147.webp,,,"Hola Pere,

gràcies per la observació. Ja sabem que ens la controles per aquestes contrades. A veure si la manteniu a ratlla!

María García",https://www.observadoresdelmar.es/Observations/1010720,,1,1,
Algues Invasores,1010733,2017-10-03,39.4985,2.7464, ,2018-10-12 15:12:18+00:00,2025-10-20 12:10:07.567818+00:00,Yes,Fotografia excel·lent,Yes,Halimeda incrassata,10-922--20180508-palma.webp,"(Reserva Marina Bahía de Palma) Alta concentración de partículas orgánicas depositadas en el fondo, provenientes del emisario Edar 2 de Palma (tratamiento secundario).",,¡Muchas gracias! Impresionante foto. Esta zona está cerca de donde se detectó por primera vez en 2011 (Cala Blava). Es muy interesante ver que en Octubre está tan bien desarrollada. A ver si podéis seguir la población durante el invierno. ¡es un misterio su ciclo estacional!,https://www.observadoresdelmar.es/Observations/1010733,,4,2,
Algues Invasores,1010768,2018-10-14,39.8825,3.2512,Tony Juan ,2018-10-16 11:28:03+00:00,2025-10-20 12:10:07.636415+00:00,No,No destacada,Yes,,10-99999--20181014-20181016_112547.webp,Fosforescente,,"Hola Tony, para saber qué especie es habría que mirarla al microscopio pero o bien se trata de Gulsonia nodulosa o de Calosiphonia vermicularis.

Saludos y gracias por todas tus fotos!!

Fiona",https://www.observadoresdelmar.es/Observations/1010768,,14,1,
Algues Invasores,1010784,2018-10-21,39.5565,2.6792,Aina  Pastor Barcelo ,2018-10-21 18:50:05+00:00,2025-10-20 12:10:16.499586+00:00,Yes,Fotografia excel·lent,Yes,Halimeda incrassata,10-922--20181021-img_20181021_184938.webp,,,"Moltes gràcies Aina! Un molt bon exemple de com ens podeu aportar informació sense anar a sotaigua! Els tal·lus de l'Halimeda estàn molt blancs, cosa que suggereix que ja porta uns dies morta, suposo que ha arribat amb un temporal. Com que l'alga està ""neta"" (no té altres organismes enganxats"") em suggereix que segurament estava viva i ha mort un cop arrencada. La seva presència a la platja ens indica que n'hi deu haver a prop a sotaigua. Si torna a haver-hi onades i tens ocasió de tornar, mira si en trobes de verda si coincideix amb què ha arribat recentment a la platja.",https://www.observadoresdelmar.es/Observations/1010784,,,3,
Algues Invasores,1010785,2018-10-21,41.1983,1.6734,Pablo  Ruiz ,2018-10-21 22:56:52+00:00,2025-10-20 12:10:16.596513+00:00,No,No destacada,Yes,,10-99999--20181021-captura de pantalla 2018-10-21 a las 22.53.26.webp,,,"Hola Pablo,

puede ser Codium vermilara o Codium fragile... Tendríamos que mirar los utrículos en la lupa.

Gracias

María García",https://www.observadoresdelmar.es/Observations/1010785,,,2,
Algues Invasores,1012945,2018-12-03,41.1973,1.6729,Pablo  Ruiz ,2018-12-03 13:17:50+00:00,2025-10-20 12:10:16.729992+00:00,No,No destacada,Yes,Caulerpa cylindracea,10-872--20181203-captura de pantalla 2018-12-04 a las 17.29.20.webp,la colonia se ha reducido un 90 % pero en las zonas sombrias persisten pequeños brotes.,,"Hola Pablo, ¿es posible que la reducción de la colonia sea debido a la estación en la cual ha sido observada (otoño)? Resulta que hay algunas zonas del Mediterráneo en las que se ve una reducción en invierno. Gracias por las fotos.



Laura A.",https://www.observadoresdelmar.es/Observations/1012945,,5,1,
Algues Invasores,1012946,2018-12-03,41.1973,1.6729,Pablo  Ruiz ,2018-12-03 13:19:29+00:00,2025-10-20 12:10:16.862138+00:00,No,No destacada,Yes,Caulerpa cylindracea,10-872--20181203-captura de pantalla 2018-12-03 a las 13.13.31.webp,,,"Hola Pablo, como has podido comprobar es un alga relativamente fácil de identificar. Se cree que entró en el Mediterráneo Oriental a través del Canal de Suez. Gracias por apurtar tu granito de arena a la ciencia.",https://www.observadoresdelmar.es/Observations/1012946,,5,1,
Algues Invasores,1012973,2018-10-05,38.1663,-0.4701,Andrés Izquierdo Muñoz,2018-12-10 13:42:59+00:00,2025-10-20 12:10:16.933859+00:00,No,No destacada,Yes,Caulerpa cylindracea,10-872--20181005-p1100521.webp,"Foto de rizoides de C. cylindracea. En aguas de la RM de Tabarca esta especie es cada vez menos abundante, a diferencia de hace unos años. ",,"Hola Andrés, gracias por tu observación. Es bueno saber como varía su abundancia pues puede alterar las condiciones físicas y químicas del entorno, modificando así las comunidades locales.",https://www.observadoresdelmar.es/Observations/1012973,,2,1,
Algues Invasores,1013124,2018-09-30,39.761,3.4064,Antoni Febrer Mesquida,2019-02-17 19:36:52+00:00,2025-10-20 12:06:28.235311+00:00,No,No destacada,Yes,Lophocladia lallemandii,10-873--20180930-gopr1511.webp,"Lophocladia lallemandii en cala Matzoc, no forma continuos pero si que esta presente en diversas zonas",,"Gracias Antoni

Últimamente Lophocladia es menos abundante, así que es muy interesante ver los sitios donde aún se ve.

¡gracias de nuevo!",https://www.observadoresdelmar.es/Observations/1013124,,10,1,
Algues Invasores,1013366,2019-05-13,39.5534,2.6875,Aina  Pastor Barcelo ,2019-05-14 00:43:31+00:00,2025-10-20 12:12:52.804923+00:00,No,No destacada,Yes,,10-99998--20190513-img-20190513-wa0026.webp,"Posible avistamiento de Rugulopteryx okamurae en la Playa de Ciudad Jardín, Palma. En abundancia y por todas las playas de la zona. ",,,https://www.observadoresdelmar.es/Observations/1013366,,,,
Algues Invasores,1013367,2019-05-14,39.87375,4.32248,Aina  Pastor Barcelo ,2019-05-14 10:05:44+00:00,2025-10-20 12:12:52.610322+00:00,No,No destacada,Yes,,10-99998--20190514-img-20190514-wa0007.webp,,,,https://www.observadoresdelmar.es/Observations/1013367,,,,
Algues Invasores,1013371,2019-05-14,39.5633,2.6591,Aina  Pastor Barcelo ,2019-05-14 20:26:52+00:00,2025-10-20 12:08:15.977630+00:00,No,No destacada,Yes,,10-99998--20190514-img_20190514_171803.webp,,Fiona Tomas Nash,,https://www.observadoresdelmar.es/Observations/1013371,,1,3,
Algues Invasores,1013381,2019-05-22,41.1973,1.6728,Pablo  Ruiz ,2019-05-22 17:45:57+00:00,2025-10-20 12:07:52.671936+00:00,No,No destacada,Yes,Caulerpa cylindracea,10-872--20190522-p5220068.webp,Primeros y pequeños brotes pero que muestran pequeñas colonias muy pobladas.,,"Hola Pabl, muchas gracias por el seguimiento que has/estás realizando! Un saludo, Laura A.",https://www.observadoresdelmar.es/Observations/1013381,,,1,
Algues Invasores,1013382,2019-05-22,41.1973,1.6728,Pablo  Ruiz ,2019-05-22 17:46:42+00:00,2025-10-20 12:11:25.661319+00:00,No,No destacada,Yes,Caulerpa cylindracea,10-872--20190522-p5220071.webp,,,,https://www.observadoresdelmar.es/Observations/1013382,,1,1,
Algues Invasores,1013419,2019-05-27,39.935,3.9589,José Antonio  ,2019-05-30 00:41:44+00:00,2019-05-30 00:41:44+00:00,No,No destacada,No,Asparagopsis taxiformis,,"En pared este de Cala Galdana, zona sombría. En la misma zona observé otros ejemplares de la misma especie decoloradas (amarillentas) de las que tengo foto si es necesario.",Fiona Tomas Nash,,https://www.observadoresdelmar.es/Observations/1013419,,3,1,
Algues Invasores,1013434,2019-06-13,39.929,3.99,José Antonio  ,2019-06-13 19:56:29+00:00,2025-10-20 12:10:17.168246+00:00,No,No destacada,Yes,Asparagopsis taxiformis,10-874--20190613-asparagopsis 10-6-19.webp,,,"Muchas gracias por la foto y la observación! Es muy importante para nosotros las observaciones que hacen. Un saludo, Laura A.",https://www.observadoresdelmar.es/Observations/1013434,,3,1,
Algues Invasores,1013457,2019-06-17,41.1973,1.6728,Pablo  Ruiz ,2019-06-17 14:11:22+00:00,2025-10-20 12:10:18.224708+00:00,No,No destacada,Yes,Caulerpa cylindracea,10-872--20190617-p6170001.webp,"Donde hace unas semanas no había ni rastro de este alga, aparecen los primeros brotes.",,"Hola Pablo, en invierno se resiente un poco esta alga pero no desaparece; a veces, es tan pequeñita que no la vemos ya que se queda debajo de otras macroalgas. Al llegar verano las condiciones son más favorables y por ello crece y se deja ver. Muchas gracias por la observación. Un saludo, Laura A.",https://www.observadoresdelmar.es/Observations/1013457,,1,1,
Algues Invasores,1013458,2019-06-17,41.1973,1.6728,Pablo  Ruiz ,2019-06-17 14:11:44+00:00,2025-10-20 12:09:41.554217+00:00,No,No destacada,Yes,Caulerpa cylindracea,10-872--20190617-p6170026.webp,,,,https://www.observadoresdelmar.es/Observations/1013458,,,1,
Algues Invasores,1013459,2019-06-17,41.1973,1.6728,Pablo  Ruiz ,2019-06-17 14:12:08+00:00,2025-10-20 12:10:18.467377+00:00,No,No destacada,Yes,Caulerpa cylindracea,10-872--20190617-p6170031.webp,,,"Hola Pablo, muchas gracias por la observación. Ahora que llega verando la C. cylindracea probablemente se vea más ya que crecerá debido a las condiciones de verano. Un saludo, Laura A.",https://www.observadoresdelmar.es/Observations/1013459,,,1,
Algues Invasores,1013500,2018-06-21,36.724,-2.1947,Sergio Crespo Galindo,2019-06-25 00:01:03+00:00,2019-06-25 00:01:03+00:00,No,No destacada,No,Caulerpa cylindracea,,Auge y expansión muy rapida de un año a otro,María García González ,,https://www.observadoresdelmar.es/Observations/1013500,,,3,
Algues Invasores,1013524,2019-06-25,39.3575,2.9174,Maria del Mar Gil,2019-07-02 12:14:41+00:00,2025-10-20 12:06:10.091232+00:00,No,No destacada,Yes,Halimeda incrassata,10-922--20190625-halimeda incrassata.webp,,,"Moltes gràcies per la vostra observació. Creiem que la major part de l'Halimeda desapareix a l'hivern i torna a aparèixer a l'estiu. Si podeu tornar a l'agost - setembre per veure si ha augmentat en abundància seria molt interessant!



Una altra cosa IMPORTANT. Heu indicat que es trobava en Posidonia. Dins d'un herbei dens? en una taca amb mata morta? A la vora de l'herbei?

Això és molt important per saber si aquesta espècie pot envair praderes de Posidonia, perquè fins ara no ho hem vist. 

Gracis de nou

Fiona",https://www.observadoresdelmar.es/Observations/1013524,,,1,
Algues Invasores,1013525,2019-06-30,39.5284,2.4312,Maria del Mar Gil,2019-07-02 12:18:57+00:00,2025-10-20 12:10:33.212563+00:00,No,No destacada,Yes,Caulerpa cylindracea,10-872--20190630-foto2.webp,Foto del voluntario Jordi Sampol.,Fiona Tomas Nash,,https://www.observadoresdelmar.es/Observations/1013525,,10,1,
Algues Invasores,1013538,2019-06-22,39.572,2.3034,LENKA JUSKANICOVA,2019-07-03 20:02:36+00:00,2025-10-20 12:09:18.401743+00:00,No,No destacada,Yes,Lophocladia lallemandii,10-873--20190622-img_2334a.webp,EN LA POCA PROFUNDIDAD SE VEIA EN BASTANTE SITIOS ESTAS ALGAS CUBRIENDO EL FONDO COMO LAS ALMOHADAS ROSADAS.,Fiona Tomas Nash,,https://www.observadoresdelmar.es/Observations/1013538,,13,2,
Algues Invasores,1013554,2019-06-26,37.0992,-1.8462,Samuel Garrido ,2019-07-05 20:59:27+00:00,2025-10-20 12:10:18.530644+00:00,No,No destacada,Yes,Caulerpa cylindracea,10-872--20190626-caulerpa cylindracea.webp,Presente en la cara interna de un espigón,,"Gracias de nuevo Samuel. Veo que aquí C. cylindracea está muy densa.

Saludos

Fiona",https://www.observadoresdelmar.es/Observations/1013554,,1,2,
Algues Invasores,1013555,2019-06-26,37.099,-1.8464,Samuel Garrido ,2019-07-06 09:40:27+00:00,2025-10-20 12:10:18.560803+00:00,No,No destacada,Yes,Asparagopsis taxiformis,10-874--20190626-asparagopsis.webp,Presente en la cara interna de un espigón,,"Muchas gracias Samuel. Tenemos pocas observaciones de esta zona así que tus observaciones son muy valiosas. 

¡sigue observando!

Gracias

Fiona",https://www.observadoresdelmar.es/Observations/1013555,,1,2,
Algues Invasores,1013566,2019-07-10,38.9735,1.5321,Raul Dominguez Tur,2019-07-10 21:33:40+00:00,2025-10-20 12:09:18.857417+00:00,No,No destacada,Yes,Caulerpa cylindracea,10-872--20190710-p8030376.webp,"Soy biologo y he podido confirmar la especie. Es una zona de nueva colonización dado que las algas eran muy pequeñas y cortas. La concentración está situada muy puntualmente (hay que fijarse bien) en la zona donde el ""escalón"" de roca cae precipitadamente hacia el fondo rocoso.",Fiona Tomas Nash,,https://www.observadoresdelmar.es/Observations/1013566,,,1,
Algues Invasores,1013567,2019-07-04,40.0845,4.0994,Boris Pellejero Garriga,2019-07-11 21:12:18+00:00,2025-10-20 12:10:21.968809+00:00,No,No destacada,Yes,Asparagopsis taxiformis,10-874--20190704-p70401163.webp,"Inmersión en la punta Norte de Cavalleria.

Dudo entre si es la ""taxiformis"" o la ""arnata"", pero me inclino a pensar que es la primera.

Se encuentra de manera abundante entre los 5 y 20 metros de profundidad.

Tonos blancos a rosado.",,"Gracias Boris, creo que se trata de A. taxiformis, tal como tu apuntas, tanto por la foto como por su distribución.

¡Muchas gracias!

Fiona",https://www.observadoresdelmar.es/Observations/1013567,,15,3,
Algues Invasores,1013631,2019-07-24,39.5318,2.5891,Aina  Pastor Barcelo ,2019-07-25 14:37:31+00:00,2025-10-20 12:07:53.175003+00:00,No,No destacada,Yes,,10-99998--20190724-img_20190724_154610.webp,Pica cuando se mastica. ,,"Hola Aina

si tens algunes d'aquestes algues guardades en alcohol potser les podem mirar. En quan sapiguem si és aquesta alga invasora t'ho farem saber. Moltes gracis!!

Fiona",https://www.observadoresdelmar.es/Observations/1013631,,1,2,
Algues Invasores,1013632,2019-06-24,39.555,2.6806,Aina  Pastor Barcelo ,2019-07-25 14:39:18+00:00,2025-10-20 12:09:14.002543+00:00,No,No destacada,No,,10-99998--20190724-received_2340271116290233.webp,,Fiona Tomas Nash,,https://www.observadoresdelmar.es/Observations/1013632,,,,
Algues Invasores,1013634,2019-06-25,36.70266,-3.4118,Samuel Garrido ,2019-07-25 17:59:58+00:00,2025-10-20 12:12:52.884353+00:00,No,No destacada,Yes,,10-99998--20190625-rugulopteryx okamurae.webp,No tengo muy clara la identificación así que espero que no sea,Fiona Tomas Nash,"Gracias Samuel, a primera vista me parece que es una especide de Dictypoteris. 

Muchas gracias

Fiona",https://www.observadoresdelmar.es/Observations/1013634,,,2,
Algues Invasores,1013637,2019-07-26,39.556,2.6801,Aina  Pastor Barcelo ,2019-07-27 23:03:07+00:00,2025-10-20 12:10:22.018065+00:00,No,No destacada,Yes,,10-99998--20190726-received_347582039493043.webp,,,"Hola Aina, tal com he comentat en una altra observació, estem mirant mostres per saber si es tracta d'aquesta nova alga invasora. A priori no té per què ser-ho.

Gracis!!!!",https://www.observadoresdelmar.es/Observations/1013637,,1,2,
Algues Invasores,1013638,2019-07-26,39.556,2.6801,Aina  Pastor Barcelo ,2019-07-27 23:05:28+00:00,2025-10-20 12:10:22.659267+00:00,No,No destacada,Yes,,10-99998--20190726-received_870231060015790.webp,,,"Hola Aina, pensem que es tracta d'una Dictyota, no del Rugulopteryx okamurae, però estem mirant mostres per a poder-ho assegurar, ja que a ull nu no es pot realment saber.

Et mantindrem informada, Fiona",https://www.observadoresdelmar.es/Observations/1013638,,1,2,
Algues Invasores,1013657,2019-07-30,41.1973,1.6728,Pablo  Ruiz ,2019-07-30 16:41:50+00:00,2025-10-20 12:10:22.869013+00:00,No,No destacada,Yes,Caulerpa cylindracea,10-872--20190730-p7300043.webp,,,"¡Gracias Pablo! veo que es la colonia del espigón pequeño. ¿Sigue saliendo fuera del agua?

Saludos, María García",https://www.observadoresdelmar.es/Observations/1013657,,1,2,
Algues Invasores,1013658,2019-07-30,41.1973,1.6728,Pablo  Ruiz ,2019-07-30 16:42:27+00:00,2025-10-20 12:09:50.462599+00:00,No,No destacada,Yes,Caulerpa cylindracea,10-872--20190730-p7300073.webp,,,"Gràcies Pablo! un super seguiment que ens fas!!

Fiona",https://www.observadoresdelmar.es/Observations/1013658,,,2,
Algues Invasores,1013659,2019-07-28,39.1151,1.518,Raul Dominguez Tur,2019-07-31 11:12:30+00:00,2019-08-16 13:23:01+00:00,No,No destacada,Yes,Asparagopsis taxiformis,,"Está dentro de la primera cueva que se vé desde la playa situada encima de una piedra al fondo de ésta. También hay algunos grupos dispersos pero escasos.

No sabria decir la especie dado que no me fijé tanto, pero a grandes rasgos era Asparagopsis seguro.",,"Gracias Raul. La próxima vez coje el individuo y le haces una foto fuera (recuerda no devolverlo al mar sino tirarlo a la basura), así podemos ver de qué especie se trata. En cualquier caso, por la localización seguramente se trata de Asparagopsis taxiformis, que es más comun en Baleares y el sur de la Península (A. armata es más común en la zona de Cataluña).

Gracias

Fiona",https://www.observadoresdelmar.es/Observations/1013659,,,1,
Algues Invasores,1013660,2019-07-29,38.9782,1.5314,Raul Dominguez Tur,2019-07-31 11:16:54+00:00,2019-08-16 13:21:05+00:00,No,No destacada,Yes,Caulerpa cylindracea,,"Crece en algunos huecos de la pradera de cymodocea. Todavía son muy pequeñas pero están muy repartidas por toda la zona. Es un fondo de arena con alguna piedra recubierto de una pradera de Cymodocea nodosa. Está al lado de la desmbocadura del rio, dónde marca el mapa.",,"Muchas gracias Raul. Tal como te he comentado antes, mejor si nos puedes enviar una foto para confirmar. ",https://www.observadoresdelmar.es/Observations/1013660,,1,2,
Algues Invasores,1013662,2019-08-03,39.9162,4.2878,Pedro  Llabrés Gamundí ,2019-08-04 17:00:53+00:00,2025-10-20 12:09:50.979580+00:00,No,No destacada,Yes,Caulerpa cylindracea,10-872--20190803-20190803_181038.webp,,,"Gracis Pedro! No tenim moltes dades de Menorca, així que aquestes observacions son molt valuoses! No dubtis en pujar-ne més si en veus per altres llocs.

Gracis Fiona",https://www.observadoresdelmar.es/Observations/1013662,,,2,
Algues Invasores,1013665,2019-08-04,39.0546,1.5937,Raul Dominguez Tur,2019-08-07 09:47:45+00:00,2025-10-20 12:10:23.298426+00:00,No,No destacada,Yes,Caulerpa cylindracea,10-872--20190804-p8040429.webp,Al costat esquerre de la roca negra més grosa que sobresurt de la mar. ,,"Gracis Raul. La propera vegada, si no tens càmara submarina, el millor és que n'agafis un tros i li facis una foto a terra amb el mòbil. Per exemple, si tens unes ulleres de snorkel amb aigua i les poses a dins, perfecte. És important poder tenir la foto.

Gracis!!

Fiona",https://www.observadoresdelmar.es/Observations/1013665,,,2,
Algues Invasores,1013686,2019-08-10,39.534,2.365,LENKA JUSKANICOVA,2019-08-12 05:24:31+00:00,2025-10-20 12:09:32.822295+00:00,No,No destacada,Yes,Lophocladia lallemandii,10-873--20190810-img_7288 a.webp,"ESTA ALGA SE VE EN TODOS LOS SITIOS CUBRIENDO COMO UNA ALMOHADA ROSADA MUCHOS FONDOS EN DIFERENTES PROFUNDIDADES,",,"¡gracias Lenka!

Fiona",https://www.observadoresdelmar.es/Observations/1013686,,6,2,
Algues Invasores,1013687,2019-08-06,39.536,2.3766,LENKA JUSKANICOVA,2019-08-12 05:36:13+00:00,2025-10-20 12:09:33.291731+00:00,Yes,Fotografia excel·lent,Yes,Lophocladia lallemandii,10-873--20190806-alg a.webp,ESTA ALGA SE VE EN MUCHA ABUNDANCIA ASFIXIANDO MUCHOS ORGANISMOS COMO UNA BOLA DE ALGODON ROSADO.,,"¡Muchas gracias Lenka! Esta foto es muy representativa de la capacidad de invasión que puede llegar a tener Lophocladia lallemandii. Si bien esta especie parece que está bajando, está claro que aún puede ser un problema en sitios como estos.

¡gracias!

Fiona",https://www.observadoresdelmar.es/Observations/1013687,,2,2,
Algues Invasores,1013688,2019-08-03,39.572,2.3103,LENKA JUSKANICOVA,2019-08-12 05:41:58+00:00,2025-10-20 12:07:42.821800+00:00,Yes,Fotografia excel·lent,Yes,Lophocladia lallemandii,10-873--20190803-img_6386 a.webp,EN LA ISLA DE DRAGONERA FORMA TODAS LAS PARDES CON SU COLOR DESDE CLARO HASTA ROSADO.,,Muchas gracias Lenka. Este alga parecí que estaba en declive pero está claro que aquí está muy bien desarrollada.,https://www.observadoresdelmar.es/Observations/1013688,,12,2,
Algues Invasores,1013727,2019-08-14,40.8867,0.808,Guillem Reverter Villalonga,2019-08-14 19:01:57+00:00,2019-08-16 12:52:51+00:00,No,No destacada,Yes,Caulerpa cylindracea,,"He observat una petita mata de menys d'un metre quadrat de C. cylindracea, no estava molt desenvolupada (baixa densitat d'individus).",,"Moltes gràcies Guillem! Encara no tenim moltes observacions de Catalunya, així que aquesta informació és molt valuosa. A veure si pots anar seguint la taca a veure si es fa més gran o petita.

Merci!

Fiona",https://www.observadoresdelmar.es/Observations/1013727,,3,1,
Algues Invasores,1013734,2019-08-15,39.3257,2.9882,Raquel Vaquer Sunyer,2019-08-16 11:49:53+00:00,2019-08-16 12:48:21+00:00,No,No destacada,Yes,Halimeda incrassata,,"Vaig nedar des de la vorera fins a la boia groga que delimita la zona de bany (uns 200 m). N'hi havia per tot el transecte, amb densitats variants, fins a la boia, des d'aproximadament uns 20 m de la vorera",,"Moltes gracis Raque!!

Fiona",https://www.observadoresdelmar.es/Observations/1013734,,2,2,
Algues Invasores,1013737,2019-07-07,43.3959,-4.6182,Pablo  Ruiz ,2019-08-18 02:10:07+00:00,2025-10-20 12:07:13.312756+00:00,No,No destacada,No,,10-99998--20190707-p7070098 2.webp,Dudo si se trata de esta espécie.,María García González ,,https://www.observadoresdelmar.es/Observations/1013737,,,2,
Algues Invasores,1013752,2019-08-12,39.7416,3.211,Gabriel Payeras Grau,2019-08-20 12:53:38+00:00,2025-10-20 12:09:51.037376+00:00,Yes,Espècie exòtica o invasiva,Yes,Caulerpa cylindracea,10-872--20190812-img_20190814_084407_opt.webp,Bocins de l'alga escampades per damunt la platja i les penyes,María García González ,,https://www.observadoresdelmar.es/Observations/1013752,,,,
Algues Invasores,1013773,2019-08-22,41.1938,1.6527,Pablo  Ruiz ,2019-08-22 22:28:56+00:00,2025-10-20 12:09:51.163675+00:00,Yes,Espècie exòtica o invasiva,Yes,Caulerpa cylindracea,10-872--20190822-captura de pantalla 2019-08-22 a las 22.24.59.webp,"Este año ha colonizado mas de diez veces el espacio que ocupaba en años anteriores, tanto en este punto como el el brazo norte del rompeolas de la Térmica.",María García González ,,https://www.observadoresdelmar.es/Observations/1013773,,1,3,
Algues Invasores,1013774,2019-08-22,41.1941,1.6531,Pablo  Ruiz ,2019-08-22 22:37:12+00:00,2025-10-20 12:09:51.426215+00:00,Yes,Espècie exòtica o invasiva,Yes,Caulerpa cylindracea,10-872--20190822-captura de pantalla 2019-08-22 a las 20.12.00.webp,,María García González ,,https://www.observadoresdelmar.es/Observations/1013774,,1,3,
Algues Invasores,1013775,2019-08-22,41.1941,1.6531,Pablo  Ruiz ,2019-08-22 22:43:42+00:00,2025-10-20 12:09:51.570623+00:00,Yes,Fotografia excel·lent,Yes,Caulerpa cylindracea,10-872--20190822-captura de pantalla 2019-08-22 a las 22.42.24.webp,"En años anteriores aparecía en puntos concretos pero, este año se ha extendido tapizando una gran extensión. ",María García González ,,https://www.observadoresdelmar.es/Observations/1013775,,,3,
Algues Invasores,1013783,2019-08-02,41.5515,2.4931,Gregori Muñoz-Ramos Trayter,2019-08-23 17:23:38+00:00,2025-10-20 12:10:23.779244+00:00,No,No destacada,Yes,Caulerpa cylindracea,10-872--20190802-imag0335.webp,,,"Moltes gràcies Gregori!

Tenim poques observacions de Caulerpa cylindracea a la costa catalana, així que aquesta observació és molt valuosa!

Fiona",https://www.observadoresdelmar.es/Observations/1013783,,5,2,
Algues Invasores,1013809,2019-08-25,36.7487,-3.2685,Samuel Garrido ,2019-08-26 22:39:48+00:00,2025-10-20 12:09:51.621060+00:00,Yes,Espècie exòtica o invasiva,Yes,Asparagopsis taxiformis,10-874--20190825-asparagopsis taxiformis.webp,También presencia de Asparagopsis armata pero en menor proporción,María García González ,,https://www.observadoresdelmar.es/Observations/1013809,,2,1,
Algues Invasores,1013827,2019-08-04,40.084,4.1001,Paula López Sendino,2019-08-29 12:06:43+00:00,2025-10-20 12:09:51.723772+00:00,No,No destacada,Yes,Lophocladia lallemandii,10-873--20190804-llallemandii_19_arc_1.webp,"És el primer cop que veig Lophocladia extesa per la costa N de Menorca (Cala Tusqueta, Cala Mica, Porros...)sobre fons de roca-posidònia. En algun punt arriba a fer recobriments de 0,5-1m2, i hi ha algunes algues deixades anar que s'acumulen a les platges. L'any passat vaig ser als mateixos llocs i no en vaig veure a cap lloc.",Fiona Tomas Nash,,https://www.observadoresdelmar.es/Observations/1013827,,15,2,
Algues Invasores,1013828,2019-08-04,40.084,4.1001,Paula López Sendino,2019-08-29 12:08:59+00:00,2025-10-20 12:09:51.827204+00:00,No,No destacada,Yes,Asparagopsis taxiformis,10-874--20190804-ataxiformis_19_arc_1.webp,"És habitual tant a l'Illa de Porros com a l'Arc, on faig immersions cada estiu.",Fiona Tomas Nash,,https://www.observadoresdelmar.es/Observations/1013828,,10,2,
Algues Invasores,1013830,2019-08-05,40.092,4.0724,Paula López Sendino,2019-08-29 12:36:58+00:00,2025-10-20 12:09:46.236068+00:00,No,No destacada,Yes,Caulerpa cylindracea,10-872--20190805-cracemosa_19_porros_2.webp,"Ja fa uns anys que hi ha C.cylindracea a Porros, però m'ha semblat que aquest 2019 hi havia menys que el 2018, tenia menys densitat.",Fiona Tomas Nash,,https://www.observadoresdelmar.es/Observations/1013830,,25,2,
Algues Invasores,1013831,2019-08-17,40.0568,4.0435,Paula López Sendino,2019-08-29 12:50:19+00:00,2025-10-20 12:09:46.404641+00:00,No,No destacada,Yes,,10-99998--20190817-sargassum_19_pregonda.webp,"En superfície hi havia força Sargassum sp. arrosegats pel vent que bufava aquells dies (component E-SE crec). El dia abans vam veure també a la zona de Cavalleria. De fet, la barca del Consell Insular que netejava en superfície aquell dia a Pregonda tenia les xarxes plenes de Sargassum i plàstics. ",Fiona Tomas Nash,,https://www.observadoresdelmar.es/Observations/1013831,,,2,
Algues Invasores,1013855,2019-08-31,39.7214,3.4614,Maria del Mar Gil,2019-09-02 11:51:47+00:00,2025-10-20 12:06:10.190019+00:00,No,No destacada,Yes,Acrothamnion preissii,10-879--20190831-acrothamnion.webp,,Fiona Tomas Nash,,https://www.observadoresdelmar.es/Observations/1013855,,10,2,
Algues Invasores,1013859,2019-08-18,39.7341,3.2626,Tomeu Febrer Alemany,2019-09-02 14:03:16+00:00,2019-09-02 14:03:16+00:00,No,No destacada,No,Halimeda incrassata,,,Fiona Tomas Nash,,https://www.observadoresdelmar.es/Observations/1013859,,,1,
Algues Invasores,1013860,2019-08-18,39.732,3.2566,Tomeu Febrer Alemany,2019-09-02 14:07:22+00:00,2019-09-02 14:07:22+00:00,No,No destacada,No,Halimeda incrassata,,,Fiona Tomas Nash,,https://www.observadoresdelmar.es/Observations/1013860,,,2,
Algues Invasores,1013888,2019-09-05,39.2756,3.0418,Lurdes Fiol Mestre,2019-09-05 14:39:34+00:00,2025-10-20 12:11:00.640013+00:00,No,No destacada,Yes,Halimeda incrassata,10-922--20190905-afff67b8-3199-4e73-9436-43203c6d6cbd.webp,,Fiona Tomas Nash,,https://www.observadoresdelmar.es/Observations/1013888,,,1,
Algues Invasores,1013896,2019-09-05,39.5726,2.3074,Joan Moranta Mesquida,2019-09-06 21:54:08+00:00,2019-09-06 22:01:01+00:00,No,No destacada,Yes,Lophocladia lallemandii,,,Fiona Tomas Nash,,https://www.observadoresdelmar.es/Observations/1013896,,25,3,
Algues Invasores,1013947,2013-07-13,39.569,3.3751,Maria Fernandez Subiela,2019-09-14 11:04:43+00:00,2025-10-20 12:07:19.521815+00:00,No,No destacada,No,,10-99999--20130713-2019.07.13 sponge.webp,"Fue empeorando día a día.Al cabo de una semana estaba despegada de la roca, colgando, hasta que finalmente se desprendió ( no a causa de oleaje, condiciones del mar buenas). Muchas esponjas de esta especie se encuentran igual. ",Fiona Tomas Nash,,https://www.observadoresdelmar.es/Observations/1013947,,,,
Algues Invasores,1014076,2019-10-19,39.46199,2.47111,LENKA JUSKANICOVA,2019-10-20 05:29:06+00:00,2025-10-20 12:06:03.820262+00:00,No,No destacada,Yes,,LENKAJUSKANICOVA_Caulerpa-cylindracea_637071461466045189.webp,otro de muchos fallos de este horible web nuevo.- abundancia.??? no se puede poner - mediana solo numero!!!???.crecen alderedor de la ascidia-Aplidium cf tabarquensis,Fiona Tomas Nash,,https://www.observadoresdelmar.es/Observations/1014076,Rocks,39,,
Algues Invasores,1014098,2019-10-24,40.89967,7.00195,Paula López Sendino,2019-10-24 15:30:37+00:00,2025-10-20 12:06:16.636671+00:00,No,No destacada,No,Asparagopsis taxiformis,PaulaLópezSendino_Asparagopsis-taxiformis_637075278377224556.webp,,María García González ,,https://www.observadoresdelmar.es/Observations/1014098,Rocks,66,,Live animals
Algues Invasores,1014099,2019-10-24,38.94517,3.28857,Paula López Sendino,2019-10-24 15:34:38+00:00,2025-10-20 12:10:15.894487+00:00,No,No destacada,No,,PaulaLópezSendino__637075280785725828.webp,cccccc,María García González ,,https://www.observadoresdelmar.es/Observations/1014099,Seagrass meadow,99,7,
Algues Invasores,1014100,2019-10-24,38.94517,3.28857,Paula López Sendino,2019-10-24 15:34:38+00:00,2025-10-20 12:11:21.302661+00:00,No,No destacada,No,Lophocladia lallemandii,PaulaLópezSendino_Lophocladia-lallemandii_637075280786070564.webp,,María García González ,,https://www.observadoresdelmar.es/Observations/1014100,Seagrass meadow,5,444,Live animals
Algues Invasores,1014116,2019-10-26,39.55919,2.66972,LENKA JUSKANICOVA,2019-10-27 21:48:16+00:00,2025-10-20 12:12:50.599412+00:00,No,No destacada,No,,LENKAJUSKANICOVA_Halimeda-incrassata_637078096960733728.webp,"Como en el 2018 en  la rampa del Portixol tirados fuera de la agua encontré estos ejem.Fallos del web nuevo y malo- era 26.10./carga fechas cuando lo subo y no fecha real de obs.!!!/ y la abundancia no pone --mediana.. , solo numeros!!???",LENKA JUSKANICOVA,,https://www.observadoresdelmar.es/Observations/1014116,,,,
Algues Invasores,1014132,2019-08-21,39.49372,2.73908,Laura Antich Homar,2019-10-29 13:41:15+00:00,2019-10-29 13:41:15+00:00,No,No destacada,Yes,Halimeda incrassata,,,Fiona Tomas Nash,,https://www.observadoresdelmar.es/Observations/1014132,Sand,2,,
Algues Invasores,1014200,2019-11-20,41.68321,2.80051,María García González ,2019-11-20 16:08:08+00:00,2025-10-29 15:22:47.054669+00:00,No,No destacada,No,Acrothamnion preissii,,puajjjjjjjj,María García González ,,https://www.observadoresdelmar.es/Observations/1014200,Sand,88,50,Dead animals
Algues Invasores,1014202,2019-11-20,41.97447,-1.19385,María García González ,2019-11-20 16:19:20+00:00,2025-10-29 15:22:16.841884+00:00,No,No destacada,No,,MaríaGarcíaGonzález_rugulossssssss-tu-madre_637098635608838223.webp,"recubre posidonia con posidonia con posidonia, tralara tralara",María García González ,,https://www.observadoresdelmar.es/Observations/1014202,Rocks,4000000,3777777,"Phanerogamae,Live animals"
Algues Invasores,1014291,2020-01-06,39.5514,2.69016,Josep Antoni Aguilo Ribas,2020-01-06 17:29:40+00:00,2025-10-20 12:06:58.118558+00:00,No,No destacada,No,,JosepAntoniAguiloRibas__637139285803947647.webp,Ejemplares encontrados sobre la playa entre restos de arribazón.,Josep Antoni Aguilo Ribas,,https://www.observadoresdelmar.es/Observations/1014291,Sand,,,
Algues Invasores,1014292,2020-01-06,39.55182,2.68989,Josep Antoni Aguilo Ribas,2020-01-07 18:55:34+00:00,2025-10-20 12:11:07.473723+00:00,No,No destacada,Yes,Halimeda incrassata,JosepAntoniAguiloRibas_Halimeda-incrassata_637140201349154095.webp,Abundante sobre la playa entre otros restos de arribazón.,Fiona Tomas Nash,,https://www.observadoresdelmar.es/Observations/1014292,Sand,,,
Algues Invasores,1014324,2020-01-05,41.96451,3.22996,Jordi Regas,2020-01-13 11:28:31+00:00,2025-10-20 12:06:29.442106+00:00,Yes,Espècie exòtica o invasiva,Yes,Caulerpa cylindracea,JordiRegas_Caulerpa-cylindracea_637145117109479772.webp,"Hàbitat: sorra amb blocs trencats. 
Abundància escassa. 
",María García González ,,https://www.observadoresdelmar.es/Observations/1014324,Sand,6,,Algae
Algues Invasores,1014362,2020-02-19,41.19732,1.67285,Pablo  Ruiz ,2020-02-19 18:22:30+00:00,2025-10-20 12:11:07.763487+00:00,No,No destacada,Yes,Caulerpa cylindracea,PabloRuiz_Caulerpa-cylindracea_637177333509073421.webp,primeros brotes de escasamente 5mm.,María García González ,,https://www.observadoresdelmar.es/Observations/1014362,Rocks,,1,
Algues Invasores,1014363,2020-02-19,41.19733,1.67284,Pablo  Ruiz ,2020-02-19 18:23:58+00:00,2025-10-20 12:10:38.790180+00:00,No,No destacada,Yes,Caulerpa cylindracea,PabloRuiz_Caulerpa-cylindracea_637177334381356357.webp,,María García González ,,https://www.observadoresdelmar.es/Observations/1014363,Rocks,,1,
Algues Invasores,1014364,2020-02-19,41.19732,1.67285,Pablo  Ruiz ,2020-02-19 18:25:30+00:00,2025-10-20 12:05:04.407131+00:00,No,No destacada,Yes,Caulerpa cylindracea,PabloRuiz_Caulerpa-cylindracea_637177335307334337.webp,,María García González ,,https://www.observadoresdelmar.es/Observations/1014364,Rocks,,1,
Algues Invasores,1014376,2020-03-01,39.55915,2.66977,LENKA JUSKANICOVA,2020-03-02 05:02:48+00:00,2025-10-20 12:12:53.326328+00:00,No,No destacada,Yes,Halimeda incrassata,LENKAJUSKANICOVA_Halimeda-incrassata_637187221684164161.webp,"Después del invierno en el Portixol,en el mismo sitio-en el puerto - entrada al agua ,he encontrado muchos ej. pequeňos de 2 - 4 cm, tirados fuera de agua , algunos  pegados a las algas.seguro que frente siguen muchas colonias.",Fiona Tomas Nash,,https://www.observadoresdelmar.es/Observations/1014376,,,50,Algae
Algues Invasores,1014415,2020-03-17,46.17321,-5.82635,María García González ,2020-03-17 23:24:06+00:00,2025-10-29 15:19:50.149800+00:00,No,No destacada,No,,MaríaGarcíaGonzález_coronavirus_637200842466526631.webp,bicho bola,María García González ,,https://www.observadoresdelmar.es/Observations/1014415,Seagrass meadow,788888,8,Live animals
Algues Invasores,1014419,2020-03-17,42.39696,-3.80127,María García González ,2020-03-17 23:36:19+00:00,2025-10-29 15:19:16.407234+00:00,No,No destacada,No,Lophocladia lallemandii,MaríaGarcíaGonzález_Lophocladia-lallemandii_637200849799145071.webp,turuturutur,María García González ,,https://www.observadoresdelmar.es/Observations/1014419,Rocks,222,3,Algae
Algues Invasores,1014426,2020-03-19,40.30484,2.36938,Sandra Espeja ,2020-03-19 11:39:58+00:00,2025-10-20 12:11:15.300964+00:00,No,No destacada,No,Asparagopsis armata,SandraEspeja_Asparagopsis-armata_637202147982908095.webp,TEST CHROME ,María García González ,,https://www.observadoresdelmar.es/Observations/1014426,Sand,23,123,Dead animals
Algues Invasores,1014436,2020-03-03,41.11247,5.31738,María García González ,2020-03-23 12:52:06+00:00,2025-10-29 15:23:03.628837+00:00,No,No destacada,No,Asparagopsis taxiformis,MaríaGarcíaGonzález_Asparagopsis-taxiformis_637205647268513825.webp,Revision iphone.,María García González ,,https://www.observadoresdelmar.es/Observations/1014436,Seagrass meadow,55555445,34415,"Algae,Live animals"
Algues Invasores,1014437,2020-02-23,41.60591,2.62598,María García González ,2020-03-23 13:39:53+00:00,2025-10-29 15:24:38.637538+00:00,No,No destacada,No,Asparagopsis armata,MaríaGarcíaGonzález_Asparagopsis-armata_637205675934603550.webp,probando probando,María García González ,,https://www.observadoresdelmar.es/Observations/1014437,,55,17,Live animals
Algues Invasores,1014438,2020-03-10,41.16818,6.72363,María García González ,2020-03-23 13:41:22+00:00,2025-10-29 15:20:53.071376+00:00,No,No destacada,No,,MaríaGarcíaGonzález_Rugulopterix-okamurae_637205676826983819.webp,proba,María García González ,,https://www.observadoresdelmar.es/Observations/1014438,,44,5,Live animals
Algues Invasores,1014439,2020-03-04,40.86368,5.20752,María García González ,2020-03-23 23:49:21+00:00,2025-10-29 15:21:09.248131+00:00,No,No destacada,No,Asparagopsis taxiformis,MaríaGarcíaGonzález_Asparagopsis-taxiformis_637206041611238395.webp,Desde iphone,María García González ,,https://www.observadoresdelmar.es/Observations/1014439,Sand,5775,5,Phanerogamae
Algues Invasores,1014450,2018-11-05,39.55182,2.68989,Fiona Tomas Nash,2020-04-16 12:43:42+00:00,2025-10-20 12:05:11.877422+00:00,Yes,Evidència de l'impacte dels ecosistemes,No,,FionaTomasNash_Halimeda-incrassata_637226378227932728.webp,Prova Fiona amb foto d'en Kike Ballesteros de Cabrera,Fiona Tomas Nash,"a mi em deixa modificar la fondària, el que no em deixa és el nom de l'espècie... i és imprescindible aquesta opció.",https://www.observadoresdelmar.es/Observations/1014450,Sand,240000,1000,
Algues Invasores,1014451,2020-04-14,41.38588,2.19251,Macarena Marambio,2020-04-16 15:40:21+00:00,2025-10-20 12:10:05.735710+00:00,No,No destacada,No,,MacarenaMarambio_637226484216259111.webp,,María García González ,,https://www.observadoresdelmar.es/Observations/1014451,,1,1,Algae
Algues Invasores,1014456,2019-10-27,39.55918,2.66958,LENKA JUSKANICOVA,2020-04-23 20:41:31+00:00,2025-10-20 12:12:57.521468+00:00,No,No destacada,Yes,Halimeda incrassata,LENKAJUSKANICOVA_Halimeda-incrassata_637232712916563164.webp,"Hola Fiona, como la ultima vez, he encontrado en el muelle donde sacan los barcos de la agua sobre la arena y aldederedor un montón de estas algas que confirmar la grande colonia en este puerto, en este parte, no en frente del puerto .",Fiona Tomas Nash,,https://www.observadoresdelmar.es/Observations/1014456,,,,Algae
Algues Invasores,1014476,2020-04-24,41.15824,2.92236,LENKA JUSKANICOVA,2020-04-24 17:21:35+00:00,2025-10-20 12:07:24.834609+00:00,No,No destacada,No,,LENKAJUSKANICOVA_Asparagopsis-armata_637233456959714895.webp,,LENKA JUSKANICOVA,,https://www.observadoresdelmar.es/Observations/1014476,Sand,50,50,Algae
Algues Invasores,1014480,2020-04-25,39.10902,2.90039,LENKA JUSKANICOVA,2020-04-25 23:30:20+00:00,2025-10-20 12:07:24.859365+00:00,No,No destacada,No,,LENKAJUSKANICOVA_Caulerpa-cylindracea_637234542205515987.webp,,LENKA JUSKANICOVA,,https://www.observadoresdelmar.es/Observations/1014480,Sand,20,60,
Algues Invasores,1014534,2020-05-14,39.55915,2.66977,María García González ,2020-05-18 18:48:50+00:00,2025-10-20 12:05:17.310955+00:00,Yes,Fotografia excel·lent,No,,MaríaGarcíaGonzález_Caulerpa-cylindracea_637254245301107573.webp,,María García González ,probando probando,https://www.observadoresdelmar.es/Observations/1014534,Sand,624,7466,
Algues Invasores,1014540,2020-05-06,41.51242,5.00977,María García González ,2020-05-20 13:05:32+00:00,2025-10-20 12:12:40.767643+00:00,No,No destacada,No,,MaríaGarcíaGonzález_Rugulllllllleche_637255767327854413.webp,,Aqua Man ,,https://www.observadoresdelmar.es/Observations/1014540,Sand,,55,Dead animals
Algues Invasores,1014541,2020-05-05,41.13592,1.66882,María García González ,2020-05-20 13:06:26+00:00,2025-10-20 12:05:11.149271+00:00,Yes,Fotografia excel·lent,No,,MaríaGarcíaGonzález_637255767867199208.webp,,Macarena Marambio,,https://www.observadoresdelmar.es/Observations/1014541,Sand,,,
Algues Invasores,1014542,2020-04-28,40.98377,3.71338,María García González ,2020-05-20 13:09:09+00:00,2025-10-20 12:05:17.328765+00:00,No,No destacada,No,,MaríaGarcíaGonzález_Lacuala-elegans_637255769494659900.webp,toma ya,María García González ,,https://www.observadoresdelmar.es/Observations/1014542,Rocks,,,
Algues Invasores,1014546,2019-10-27,40.98377,3.71338,LENKA JUSKANICOVA,2020-05-20 20:20:00+00:00,2025-10-20 12:10:55.894418+00:00,No,No destacada,Yes,,LENKAJUSKANICOVA_Halimeda-incrassata_637256028003887365.webp,"Como siempre desde 20.11.16 en el muelle de Portixol, tirado en la arena encuentro muchas  de estas algas sacados fuera por mar ,lo  que confirma todavía la colonia grande en este puerto Pero solo en esta parte, frente no encontré ninguna.",Fiona Tomas Nash,,https://www.observadoresdelmar.es/Observations/1014546,Sand,,40,Algae
Algues Invasores,1014564,2020-05-18,39.81696,3.25265,Fiona TomasNash ,2020-05-27 15:52:38+00:00,2025-10-20 12:07:24.238638+00:00,No,No destacada,No,,FionaTomasNash_aiaiaiai_637261915582780100.webp,test,Fiona Tomas Nash,,https://www.observadoresdelmar.es/Observations/1014564,Sand,,,Algae
Algues Invasores,1014565,2020-05-27,39.76151,3.74628,Fiona TomasNash ,2020-05-27 15:53:50+00:00,2025-10-20 12:07:24.291669+00:00,No,No destacada,No,Asparagopsis armata,FionaTomasNash_Asparagopsis-armata_637261916307566284.webp,test,Fiona Tomas Nash,,https://www.observadoresdelmar.es/Observations/1014565,Seagrass meadow,,120,"Phanerogamae,Live animals,Dead animals"
Algues Invasores,1014566,2020-05-27,39.41737,2.4929,Fiona TomasNash ,2020-05-27 15:55:48+00:00,2025-10-20 12:05:11.131430+00:00,No,No destacada,No,Caulerpa cylindracea,FionaTomasNash_637261917489628028.webp,test,Fiona Tomas Nash,,https://www.observadoresdelmar.es/Observations/1014566,Rocks,30,2500,Algae
Algues Invasores,1014568,2020-05-20,41.83406,2.98215,Aqua Man ,2020-05-28 11:16:55+00:00,2020-05-28 11:16:55+00:00,No,No destacada,No,Lophocladia lallemandii,,,Aqua Man ,,https://www.observadoresdelmar.es/Observations/1014568,Sand,222,333,"Phanerogamae,Dead animals"
Algues Invasores,1014569,2020-05-28,41.12902,2.48291,Aqua Man ,2020-05-28 11:22:24+00:00,2020-05-28 11:22:24+00:00,Yes,Fotografia excel·lent,No,Halimeda incrassata,,,Aqua Man ,Test,https://www.observadoresdelmar.es/Observations/1014569,Rocks,33,44,Algae
Algues Invasores,1014570,2020-05-28,42.81528,6.30615,Aqua Man ,2020-05-28 11:29:32+00:00,2020-05-28 11:29:32+00:00,No,No destacada,No,Lophocladia lallemandii,,,Aqua Man ,,https://www.observadoresdelmar.es/Observations/1014570,Rocks,11,22,Algae
Algues Invasores,1014601,2020-06-03,41.19728,1.67285,Pablo  Ruiz ,2020-06-03 13:25:08+00:00,2025-10-20 12:10:28.312488+00:00,No,No destacada,Yes,Caulerpa cylindracea,PabloRuiz_Caulerpa-cylindracea_637267875089266031.webp,tímida presencia.,Fiona Tomas Nash,,https://www.observadoresdelmar.es/Observations/1014601,Rocks,,1,Algae
Algues Invasores,1014609,2020-06-06,39.75602,2.61987,LENKA JUSKANICOVA,2020-06-06 20:42:00+00:00,2025-10-20 12:10:40.830850+00:00,No,No destacada,Yes,Asparagopsis taxiformis,LENKAJUSKANICOVA_Asparagopsis-taxiformis_637270729208842455.webp,"En Sa Foradada, en 8 m con temp. 22° abundancia escasa de las algas de  este color .",Fiona Tomas Nash,,https://www.observadoresdelmar.es/Observations/1014609,Rocks,8,,
Algues Invasores,1014610,2020-06-06,39.75622,2.62066,LENKA JUSKANICOVA,2020-06-06 20:48:41+00:00,2025-10-20 12:10:41.331337+00:00,No,No destacada,Yes,Caulerpa cylindracea,LENKAJUSKANICOVA_Caulerpa-cylindracea_637270733215032972.webp,"En Sa Foradada en diferentes profundidades se pueden ver más muy pequeňos ejemplares en la fase de crecimiento creando las alfombras todavía no tan grandes como en el verano pero con abundancia mediana , como habitualmente",Fiona Tomas Nash,,https://www.observadoresdelmar.es/Observations/1014610,Rocks,5,,
Algues Invasores,1014611,2020-06-01,39.5328,2.38878,LENKA JUSKANICOVA,2020-06-06 21:03:00+00:00,2025-10-20 12:10:41.706264+00:00,No,No destacada,Yes,Asparagopsis taxiformis,LENKAJUSKANICOVA_Asparagopsis-taxiformis_637270741800877183.webp,"En Cala Llamp he buceado en poca profundidad de 4 m , temp .23°C estuvo la abundancia de este color mediana.",Fiona Tomas Nash,,https://www.observadoresdelmar.es/Observations/1014611,Rocks,4,,
Algues Invasores,1014612,2020-06-01,39.5322,2.38929,LENKA JUSKANICOVA,2020-06-06 21:04:57+00:00,2025-10-20 12:10:42.134257+00:00,No,No destacada,Yes,Asparagopsis taxiformis,LENKAJUSKANICOVA_Asparagopsis-taxiformis_637270742974399158.webp,Menos habitual en este trayecto por Cala Llamp en 4 m era esta coloración.,Fiona Tomas Nash,,https://www.observadoresdelmar.es/Observations/1014612,Rocks,4,,
Algues Invasores,1014614,2020-06-01,39.53318,2.38862,LENKA JUSKANICOVA,2020-06-06 21:36:23+00:00,2025-10-20 12:10:31.323313+00:00,No,No destacada,Yes,Caulerpa cylindracea,LENKAJUSKANICOVA_Caulerpa-cylindracea_637270761837743223.webp,"la abundancia en esta cala Llamp era escasa con pequeňos ejemplares en la fase de crecimiento, temp, de agua 23 °C",Fiona Tomas Nash,,https://www.observadoresdelmar.es/Observations/1014614,Rocks,2,,
Algues Invasores,1014632,2020-06-12,38.35479,-0.4045,Jorge Juan Santos Bru,2020-06-12 01:18:34+00:00,2020-06-12 01:18:34+00:00,No,No destacada,No,Caulerpa cylindracea,,,María García González ,,https://www.observadoresdelmar.es/Observations/1014632,Rocks,1,5,Algae
Algues Invasores,1014641,2020-06-12,39.45155,3.27749,Tatí Benjumea ,2020-06-12 20:08:28+00:00,2025-10-20 12:05:16.808160+00:00,No,No destacada,Yes,Caulerpa cylindracea,TatíBenjumeaTesouro_Caulerpa-cylindracea_637275893084194930.webp,"Presencia de Caulerpa cylindracea con un tamaño aproximado de 3-4 cm de altura, aparecen organismos aislados (no forman pradera) en una comunidad de algas fotófilas del infralitoral superior.",Fiona Tomas Nash,,https://www.observadoresdelmar.es/Observations/1014641,Rocks,2,,Algae
Algues Invasores,1014642,2020-06-12,39.45156,3.27752,Tatí Benjumea ,2020-06-12 20:19:24+00:00,2025-10-20 12:05:16.856675+00:00,No,No destacada,Yes,Caulerpa cylindracea,TatíBenjumeaTesouro_Caulerpa-cylindracea_637275899641270102.webp,"Es el mismo organismo de la observación anterior.

Por cierto, no puedo rellenar la casilla de abundancia, pero es baja.",Fiona Tomas Nash,,https://www.observadoresdelmar.es/Observations/1014642,Rocks,2,,Algae
Algues Invasores,1014661,2020-06-13,37.6259,-0.70579,Devayana Valero Tam,2020-06-13 21:29:40+00:00,2025-10-20 12:09:40.306601+00:00,No,No destacada,No,,DevayanaValeroTam_637276805800382561.webp,"Visto en la reserva marina Isla Hormigas por todo el Bajo de dentro, también tengo un vídeo de baja calidad",Fiona Tomas Nash,,https://www.observadoresdelmar.es/Observations/1014661,Rocks,27,1000,Live animals
Algues Invasores,1014678,2020-06-16,39.51942,2.73343,Jos  Cruz,2020-06-17 11:38:28+00:00,2025-10-20 12:05:19.754601+00:00,No,No destacada,Yes,Halimeda incrassata,JosCruz_Halimeda-incrassata_637279907081209016.webp,,Fiona Tomas Nash,,https://www.observadoresdelmar.es/Observations/1014678,Sand,4,,
Algues Invasores,1014679,2020-06-17,39.41531,3.27416,Tatí Benjumea ,2020-06-17 15:17:36+00:00,2025-10-20 12:07:30.866611+00:00,No,No destacada,No,Halimeda incrassata,TatíBenjumeaTesouro_Halimeda-incrassata_637280038566430281.webp,Abundancia baja.,Tatí Benjumea ,,https://www.observadoresdelmar.es/Observations/1014679,Rocks,1,,
Algues Invasores,1014697,2020-06-26,39.43227,2.74588,José Escaño Roepstorff ,2020-06-26 18:31:05+00:00,2025-10-20 12:10:35.154820+00:00,No,No destacada,No,Lophocladia lallemandii,JoséEscañoRoepstorff_Lophocladia-lallemandii_637287930652692952.webp,,Fiona Tomas Nash,,https://www.observadoresdelmar.es/Observations/1014697,Rocks,3,1,
Algues Invasores,1014698,2020-06-26,39.48037,2.72663,Tatí Benjumea ,2020-06-26 18:38:46+00:00,2025-10-20 12:05:16.258029+00:00,No,No destacada,Yes,Caulerpa cylindracea,TatíBenjumeaTesouro_Caulerpa-cylindracea_637287935265179496.webp,,Fiona Tomas Nash,,https://www.observadoresdelmar.es/Observations/1014698,Rocks,4,,
Algues Invasores,1014701,2020-06-27,39.57294,2.35306,Pedro  Llabrés Gamundí ,2020-06-28 00:27:10+00:00,2025-10-20 12:05:21.074993+00:00,No,No destacada,Yes,Caulerpa cylindracea,PedroLlabrésGamundí_Caulerpa-cylindracea_637289008305700401.webp,,Fiona Tomas Nash,,https://www.observadoresdelmar.es/Observations/1014701,Rocks,1,,
Algues Invasores,1014716,2020-07-04,37.37991,-1.62612,angela paredes torregrosa,2020-07-05 14:17:36+00:00,2025-10-20 12:05:48.594948+00:00,No,No destacada,No,Stypopodium schimperi,angelaparedestorregrosa_Stypopodium-schimperi_637295554563345341.webp,,Fiona Tomas Nash,,https://www.observadoresdelmar.es/Observations/1014716,Rocks,1,20,Algae
Algues Invasores,1014724,2020-07-06,39.867581,3.14888,PEP RIUTORT ,2020-07-07 16:34:38+00:00,2025-10-20 12:07:05.646295+00:00,No,No destacada,Yes,Asparagopsis taxiformis,PEPRIUTORT_Asparagopsis-taxiformis_637297364784963461.webp,"Es mi primera observación. La imagen está extraída de un video que no he podido incluir.
Suelo hacer snorkel periódicamente por esta zona. No recuerdo haber visto esta alga los años anteriores. Dudas con nombre de la especie.",Fiona Tomas Nash,,https://www.observadoresdelmar.es/Observations/1014724,Rocks,2,5,
Algues Invasores,1014726,2020-07-07,41.19383,1.65252,Pablo  Ruiz ,2020-07-07 23:07:41+00:00,2025-10-20 12:07:06.341245+00:00,Yes,Espècie exòtica o invasiva,Yes,Codium fragile subsp. fragile,PabloRuiz_Codium-fragile-sp.-fragile_637297600615111108.webp,,María García González ,,https://www.observadoresdelmar.es/Observations/1014726,Rocks,1,4,
Algues Invasores,1014727,2020-07-07,41.19413,1.65304,Pablo  Ruiz ,2020-07-07 23:10:18+00:00,2025-10-20 12:07:06.549476+00:00,No,No destacada,Yes,Caulerpa cylindracea,PabloRuiz_Caulerpa-cylindracea_637297602186000916.webp,Ya es especie dominante en esta zona. está extendida por muchas rocas.,Fiona Tomas Nash,,https://www.observadoresdelmar.es/Observations/1014727,Sand,,10,Algae
Algues Invasores,1014728,2020-07-07,41.19394,1.65278,Pablo  Ruiz ,2020-07-07 23:11:05+00:00,2025-10-20 12:07:06.750980+00:00,No,No destacada,Yes,Caulerpa cylindracea,PabloRuiz_Caulerpa-cylindracea_637297602652310148.webp,,Fiona Tomas Nash,,https://www.observadoresdelmar.es/Observations/1014728,Rocks,1,10,Phanerogamae
Algues Invasores,1014729,2020-07-08,40.05526,4.14101,Damia Sintes ,2020-07-08 17:44:00+00:00,2025-10-20 12:06:21.085898+00:00,No,No destacada,Yes,Caulerpa cylindracea,DamiaSintes_Caulerpa-cylindracea_637298270400238559.webp,,Fiona Tomas Nash,,https://www.observadoresdelmar.es/Observations/1014729,Seagrass meadow,2,20,Algae
Algues Invasores,1014735,2020-07-09,38.95521,1.21916,Xavier Mas Ferrà,2020-07-10 08:52:35+00:00,2025-10-20 12:10:32.016345+00:00,No,No destacada,Yes,Asparagopsis taxiformis,XavierMasFerrà_Asparagopsis-taxiformis_637299679555065832.webp,,Fiona Tomas Nash,,https://www.observadoresdelmar.es/Observations/1014735,Rocks,2,1,
Algues Invasores,1014746,2020-07-13,39.46264,2.47236,Xavier Mas Ferrà,2020-07-13 18:48:21+00:00,2025-10-20 12:05:19.927290+00:00,No,No destacada,Yes,Asparagopsis taxiformis,XavierMasFerrà_Asparagopsis-taxiformis_637302629016103078.webp,,Fiona Tomas Nash,,https://www.observadoresdelmar.es/Observations/1014746,Rocks,4,,
Algues Invasores,1014748,2020-07-12,39.5319,2.57836,Jorge Terrados,2020-07-14 18:45:35+00:00,2020-07-14 18:45:35+00:00,No,No destacada,Yes,Caulerpa cylindracea,,poco abundante,Fiona Tomas Nash,,https://www.observadoresdelmar.es/Observations/1014748,Rocks,1,,
Algues Invasores,1014789,2020-07-25,39.58774,2.3287,Fiona Tomas Nash,2020-07-26 11:55:20+00:00,2025-10-20 12:11:06.543908+00:00,No,No destacada,Yes,Caulerpa cylindracea,FionaTomasNash_Caulerpa-cylindracea_637313613204477399.webp,"Al port de Dragonera. Observació de na Maku del 25 juliol 2020 m'ha passat dues fotos per whatsapp. Diu que n'hi ha molta, i que és petita",Fiona Tomas Nash,,https://www.observadoresdelmar.es/Observations/1014789,Rocks,1,999,
Algues Invasores,1014790,2020-07-23,39.72075,3.46122,Fiona Tomas Nash,2020-07-26 12:11:24+00:00,2025-10-20 12:06:01.203714+00:00,No,No destacada,Yes,Acrothamnion preissii,FionaTomasNash_Acrothamnion-preissii_637313622840717242.webp,Zona xarxa vigilància / Campanya robots Cala Lliteras. No tinc foto així que poso un de Lophocladia del Kike. Hi ha molt Acrothamnion recobrint els rizomes de Posidonia. ,Fiona Tomas Nash,,https://www.observadoresdelmar.es/Observations/1014790,Seagrass meadow,10,999,Phanerogamae
Algues Invasores,1014791,2020-07-26,40.0762,4.09003,Jordi Corbera,2020-07-26 17:21:41+00:00,2025-10-20 12:12:03.559552+00:00,Yes,Espècie exòtica o invasiva,Yes,Caulerpa cylindracea,JordiCorbera_Caulerpa-cylindracea_637313809011796350.webp,,,,https://www.observadoresdelmar.es/Observations/1014791,Rocks,,,Algae
Algues Invasores,1014806,2020-07-29,39.92049,3.15029,Kathleen Greubel ,2020-07-29 14:54:09+00:00,2025-10-20 12:05:55.010129+00:00,No,No destacada,Yes,Asparagopsis taxiformis,KathleenGreubel_Asparagopsis-armata_637316312496100331.webp,,Fiona Tomas Nash,,https://www.observadoresdelmar.es/Observations/1014806,Rocks,15,,
Algues Invasores,1014807,2020-07-29,39.93797,3.18415,Kathleen Greubel ,2020-07-29 14:55:46+00:00,2025-10-20 12:11:05.073507+00:00,No,No destacada,Yes,Asparagopsis armata,KathleenGreubel_Asparagopsis-armata_637316313462202569.webp,,Fiona Tomas Nash,,https://www.observadoresdelmar.es/Observations/1014807,Rocks,18,,
Algues Invasores,1014808,2020-07-29,41.38588,2.19251,Kathleen Greubel ,2020-07-29 14:56:49+00:00,2025-10-20 12:07:25.571222+00:00,No,No destacada,No,Asparagopsis taxiformis,KathleenGreubel_Asparagopsis-taxiformis_637316314095947529.webp,,María García González ,,https://www.observadoresdelmar.es/Observations/1014808,Rocks,8,,
Algues Invasores,1014809,2020-07-29,39.93807,3.1837,Kathleen Greubel ,2020-07-29 14:57:45+00:00,2025-10-20 12:11:05.613194+00:00,No,No destacada,Yes,Asparagopsis taxiformis,KathleenGreubel_Asparagopsis-taxiformis_637316314656048894.webp,,Fiona Tomas Nash,,https://www.observadoresdelmar.es/Observations/1014809,Rocks,8,,
Algues Invasores,1014810,2020-07-29,39.93808,3.18368,Kathleen Greubel ,2020-07-29 14:58:30+00:00,2025-10-20 12:09:58.719305+00:00,No,No destacada,Yes,Asparagopsis taxiformis,KathleenGreubel_Asparagopsis-taxiformis_637316315103184600.webp,,Fiona Tomas Nash,,https://www.observadoresdelmar.es/Observations/1014810,Rocks,6,,
Algues Invasores,1014811,2020-07-29,39.93801,3.18374,Kathleen Greubel ,2020-07-29 14:59:21+00:00,2025-10-20 12:05:56.069367+00:00,No,No destacada,Yes,Asparagopsis taxiformis,KathleenGreubel_Asparagopsis-armata_637316315619134177.webp,,Fiona Tomas Nash,,https://www.observadoresdelmar.es/Observations/1014811,Rocks,,,
Algues Invasores,1014854,2020-08-05,39.5149,2.53943,Juan Pablo Pradillo Muro,2020-08-05 16:58:51+00:00,2025-10-20 12:12:48.610904+00:00,Yes,Espècie exòtica o invasiva,Yes,Halimeda incrassata,JuanPabloPradilloMuro_Halimeda-incrassata_637322435310420306.webp,Playa Son matias. En toda la playa hay sobre una docena de manchas de este alga de entre 0.5 a 2 m2 de superficie,Fiona Tomas Nash,,https://www.observadoresdelmar.es/Observations/1014854,,3,20,
Algues Invasores,1014861,2020-08-06,39.51869,2.53805,Juan Pablo Pradillo Muro,2020-08-06 13:27:47+00:00,2025-10-20 12:05:54.479297+00:00,No,No destacada,Yes,Halimeda incrassata,JuanPabloPradilloMuro_Halimeda-incrassata_637323172678523585.webp,"La playa de Palmanova se haya cubierta de un tapiz de este alga que comienza sobre un fondo de 2 m y llega hasta los 4 a 6, pareciendo que con la profundidad disminuye la densidad. Este tapiz llega hasta mas de mitad de la playa.",Fiona Tomas Nash,,https://www.observadoresdelmar.es/Observations/1014861,Sand,3,,
Algues Invasores,1014866,2020-08-09,38.67478,1.52715,Jose Alejandro Figueiras P,2020-08-09 23:24:16+00:00,2025-10-20 12:05:55.512362+00:00,No,No destacada,Yes,Caulerpa cylindracea,JoseAlejandroFigueirasP_Caulerpa-cylindracea_637326122559340746.webp,,Fiona Tomas Nash,,https://www.observadoresdelmar.es/Observations/1014866,Seagrass meadow,2,,Phanerogamae
Algues Invasores,1014869,2020-08-09,38.6754,1.52424,Jose Alejandro Figueiras P,2020-08-09 23:43:35+00:00,2025-10-20 12:05:52.019053+00:00,No,No destacada,No,Halimeda incrassata,JoseAlejandroFigueirasP_Halimeda-incrassata_637326134153599957.webp,Se encoontraba en escasa abundancia y en la parte sombreada de las rocas,Fiona Tomas Nash,,https://www.observadoresdelmar.es/Observations/1014869,Rocks,2,,
Algues Invasores,1014878,2020-08-12,39.91621,4.02988,Xavier Mas Ferrà,2020-08-13 16:27:45+00:00,2025-10-20 12:10:32.635109+00:00,No,No destacada,Yes,Asparagopsis taxiformis,XavierMasFerrà_Asparagopsis-taxiformis_637329328653018387.webp,,Fiona Tomas Nash,,https://www.observadoresdelmar.es/Observations/1014878,Rocks,2,1,
Algues Invasores,1014890,2020-08-15,39.57222,2.30311,Juan Pablo Pradillo Muro,2020-08-16 10:55:23+00:00,2025-10-20 12:05:04.873463+00:00,No,No destacada,Yes,Caulerpa cylindracea,JuanPabloPradilloMuro_Caulerpa-cylindracea_637331721236773344.webp,"Me imagino que la tendreis muy documentada, esta por todos sitios.
La temperatura del agua era de 26°.",Fiona Tomas Nash,,https://www.observadoresdelmar.es/Observations/1014890,Rocks,30,,
Algues Invasores,1014914,2020-08-18,39.75009,3.30208,Octavi Planells ,2020-08-18 15:21:45+00:00,2025-10-20 12:05:05.304052+00:00,No,No destacada,Yes,Caulerpa cylindracea,OctaviPlanells_Caulerpa-cylindracea_637333609050057612.webp,,Fiona Tomas Nash,,https://www.observadoresdelmar.es/Observations/1014914,Rocks,,,
Algues Invasores,1014925,2020-08-13,39.76872,2.65441,Maria Ant  ,2020-08-20 14:23:38+00:00,2025-10-20 12:12:03.801805+00:00,No,No destacada,Yes,,MariaAnt_Halimeda-tuna_637335302187594375.webp,,Fiona Tomas Nash,,https://www.observadoresdelmar.es/Observations/1014925,Rocks,4,,Algae
Algues Invasores,1014944,2020-07-30,39.89332,3.19431,Miquel Angel ,2020-08-24 11:03:45+00:00,2025-10-20 12:10:59.775785+00:00,No,No destacada,Yes,Caulerpa cylindracea,MiquelAngelBonninNoguera_Caulerpa-cylindracea_637338638258019058.webp,,Fiona Tomas Nash,,https://www.observadoresdelmar.es/Observations/1014944,Rocks,6,,Algae
Algues Invasores,1014958,2020-08-27,39.28828,3.02941,Bernat Quetglas Escalas ,2020-08-27 19:42:25+00:00,2025-10-20 12:10:39.601199+00:00,No,No destacada,Yes,Halimeda incrassata,BernatQuetglasEscalas_Halimeda-incrassata_637341541458904839.webp,"Durante julio y agosto ha colonizado la mitad de toda la zona de arena de cala En Tugores, creciendo sobretodo entre los brotes jóvenes de posidonia",Fiona Tomas Nash,,https://www.observadoresdelmar.es/Observations/1014958,Sand,1,,
Algues Invasores,1014962,2020-08-28,39.49677,2.74333,Pep Pericàs Franco,2020-08-28 17:06:04+00:00,2025-10-20 12:11:00.222252+00:00,No,No destacada,Yes,Halimeda incrassata,PepPericàsFranco_Halimeda-incrassata_637342311648652377.webp,Crece en los bordes de las praderas de posidonia,Fiona Tomas Nash,,https://www.observadoresdelmar.es/Observations/1014962,Seagrass meadow,3,25,Phanerogamae
Algues Invasores,1014981,2020-08-29,39.48609,2.73448,Pep Pericàs Franco,2020-08-29 22:28:07+00:00,2025-10-20 12:05:05.783662+00:00,No,No destacada,Yes,Halimeda incrassata,PepPericàsFranco_Halimeda-incrassata_637343368875215453.webp,,Fiona Tomas Nash,,https://www.observadoresdelmar.es/Observations/1014981,Seagrass meadow,2,,
Algues Invasores,1014982,2020-08-20,39.50579,2.74813,Pep Pericàs Franco,2020-08-29 22:49:31+00:00,2025-10-20 12:05:06.295101+00:00,No,No destacada,Yes,,PepPericàsFranco_637343381713895730.webp,,Fiona Tomas Nash,,https://www.observadoresdelmar.es/Observations/1014982,Sand,4,,
Algues Invasores,1015033,2020-09-06,39.31254,3.11825,Fiona Tomas Nash,2020-09-07 10:01:19+00:00,2025-10-20 12:05:09.270294+00:00,No,No destacada,Yes,Lophocladia lallemandii,FionaTomasNash_Lophocladia-lallemandii_637350696795251877.webp,"Una poca Lophocladia, en zona de roca superficial, expuesta, con entrante (poca luz). no tengo foto",Fiona Tomas Nash,,https://www.observadoresdelmar.es/Observations/1015033,Rocks,1,5,
Algues Invasores,1015075,2020-09-05,39.74678,3.2935,Merc  ,2020-09-11 12:00:38+00:00,2020-09-11 12:00:38+00:00,No,No destacada,Yes,Caulerpa cylindracea,,"no tenc foto, pel que vaig observar ocupava poc espai",Fiona Tomas Nash,,https://www.observadoresdelmar.es/Observations/1015075,Rocks,1,,
Algues Invasores,1015086,2020-09-12,39.50289,2.53484,Jorge Terrados,2020-09-12 22:50:49+00:00,2025-10-20 12:06:10.219398+00:00,No,No destacada,Yes,Halimeda incrassata,JorgeTerrados_Halimeda-incrassata_637355478489825172.webp,,Fiona Tomas Nash,,https://www.observadoresdelmar.es/Observations/1015086,Sand,2,,
Algues Invasores,1015087,2020-07-28,36.81826,-2.54078,Alejandra Pérez Obs Centinela Almería,2020-09-13 11:33:53+00:00,2025-10-20 12:05:09.734549+00:00,No,No destacada,Yes,Caulerpa cylindracea,AlejandraPérezObsCentinelaAlmería_Caulerpa-cylindracea_637355936330877968.webp,"Hemos notado que se está extendiendo. Solo la habíamos detectado en la zona del Bello Rincón, pero ahora la hemos visto aquí también. al no ser zona de buceo normal no conocemos exactamente la extensión, así que en cuanto podamos mediremos",Fiona Tomas Nash,,https://www.observadoresdelmar.es/Observations/1015087,Sand,13,100,
Algues Invasores,1015116,2020-09-09,39.5411,2.59521,Miquel Gomila Lladó ,2020-09-15 10:23:47+00:00,2025-10-20 12:05:10.400896+00:00,No,No destacada,Yes,Halimeda incrassata,MiquelGomilaLladó_Halimeda-incrassata_637357622270675781.webp,La abundancia de esta alga invasora es total en esta zona,Fiona Tomas Nash,,https://www.observadoresdelmar.es/Observations/1015116,Sand,10,500,
Algues Invasores,1015117,2020-09-09,39.54141,2.59546,Miquel Gomila Lladó ,2020-09-15 10:27:55+00:00,2025-10-20 12:05:11.073197+00:00,No,No destacada,Yes,Halimeda incrassata,MiquelGomilaLladó_Halimeda-incrassata_637357624749055422.webp,,Fiona Tomas Nash,,https://www.observadoresdelmar.es/Observations/1015117,Sand,10,500,
Algues Invasores,1015152,2020-09-20,36.8618,-2.00519,Sergio Crespo Galindo,2020-09-20 18:06:25+00:00,2020-09-20 18:06:25+00:00,No,No destacada,No,Caulerpa cylindracea,,,Fiona Tomas Nash,,https://www.observadoresdelmar.es/Observations/1015152,Rocks,1,,Algae
Algues Invasores,1015174,2020-08-26,39.0246,1.5955,Julia Castro Fern,2020-09-25 10:14:03+00:00,2025-10-20 12:12:51.980727+00:00,No,No destacada,Yes,Caulerpa cylindracea,JuliaCastroFern_Caulerpa-cylindracea_637366256434062005.webp,,Fiona Tomas Nash,,https://www.observadoresdelmar.es/Observations/1015174,,,,
Algues Invasores,1015235,2020-10-02,41.93469,3.21616,Boris weitzmann ,2020-10-02 18:15:59+00:00,2025-10-20 12:10:28.981090+00:00,No,No destacada,Yes,Caulerpa cylindracea,Borisweitzmann_Caulerpa-cylindracea_637372593597910279.webp,4 metres quadrats molt densa sobre mata morta,Fiona Tomas Nash,,https://www.observadoresdelmar.es/Observations/1015235,Seagrass meadow,5,4,Phanerogamae
Algues Invasores,1015273,2020-09-13,41.96068,3.23001,Xavier  Salvador Costa,2020-10-02 21:01:22+00:00,2025-10-20 12:07:19.444279+00:00,No,No destacada,Yes,Caulerpa cylindracea,XavierSalvadorCosta_Caulerpa-cylindracea_637372692826541081.webp,Recubre rizoma de Posidonia muerto y también crecen entre un pequeño herbazal de Zostera.,Fiona Tomas Nash,,https://www.observadoresdelmar.es/Observations/1015273,Seagrass meadow,5,,Phanerogamae
Algues Invasores,1015274,2019-09-04,41.93583,3.21684,Xavier  Salvador Costa,2020-10-02 21:05:30+00:00,2025-10-20 12:05:14.587064+00:00,No,No destacada,Yes,Caulerpa cylindracea,XavierSalvadorCosta_Caulerpa-cylindracea_637372695298946320.webp,,Fiona Tomas Nash,,https://www.observadoresdelmar.es/Observations/1015274,Rocks,10,,
Algues Invasores,1015275,2018-08-16,41.95724,3.23699,Xavier  Salvador Costa,2020-10-02 21:13:00+00:00,2025-10-20 12:05:15.133050+00:00,Yes,Fotografia excel·lent,Yes,Caulerpa cylindracea,XavierSalvadorCosta_Caulerpa-cylindracea_637372699803936136.webp,,Fiona Tomas Nash,,https://www.observadoresdelmar.es/Observations/1015275,Rocks,16,,
Algues Invasores,1015276,2018-06-21,42.3327,3.27855,Xavier  Salvador Costa,2020-10-02 21:18:17+00:00,2025-10-20 12:10:30.898318+00:00,No,No destacada,Yes,Caulerpa cylindracea,XavierSalvadorCosta_Caulerpa-cylindracea_637372702978081879.webp,"Densidad elevada sobre rizoma muerto de Posidonia, sin crecimiento sobre hojas o parte viva. Recubría algunas nacras juveniles pero levemente y aparentemente sin ocasionarles ningún impacto.",Fiona Tomas Nash,,https://www.observadoresdelmar.es/Observations/1015276,Seagrass meadow,5,,"Phanerogamae,Live animals"
Algues Invasores,1015301,2020-09-13,41.96065,3.23043,Xavier  Salvador Costa,2020-10-04 16:59:02+00:00,2025-10-20 12:10:37.117709+00:00,No,No destacada,Yes,Caulerpa cylindracea,XavierSalvadorCosta_Caulerpa-cylindracea_637374275422826551.webp,"Fotografia del prado de Zostera, arraigada sobre rizoma muerto de Posidonia y con crecimiento de Caulerpa cylindracea en medio",Fiona Tomas Nash,,https://www.observadoresdelmar.es/Observations/1015301,Seagrass meadow,7,,Phanerogamae
Algues Invasores,1015334,2020-10-03,39.5633,2.6591,Mar  ,2020-10-06 16:56:36+00:00,2025-10-20 12:12:45.411456+00:00,No,No destacada,Yes,Halimeda incrassata,Mar_637376001969719151.webp,Encontrada por una informadora sobre la arena tras un temporal,Fiona Tomas Nash,,https://www.observadoresdelmar.es/Observations/1015334,,,,
Algues Invasores,1015346,2020-07-26,39.48463,2.7348,Daniel Serrano Moreno ,2020-10-07 14:54:27+00:00,2025-10-20 12:12:53.451180+00:00,No,No destacada,Yes,Halimeda incrassata,DanielSerranoMoreno_Halimeda-incrassata_637376792673211385.webp,"No sé si la localización será exacta con el google maps, pero era en Calo de Ses Lleonardes a la derecha de la principal. El sustrato era arenoso y cubría más o menos una superficie de unos 5-6 metros cuadrados ",Fiona Tomas Nash,,https://www.observadoresdelmar.es/Observations/1015346,,,5,
Algues Invasores,1015360,2020-08-15,39.86689,3.14797,PEP RIUTORT ,2020-10-11 19:22:50+00:00,2025-10-20 12:11:22.117008+00:00,No,No destacada,No,Halimeda incrassata,PEPRIUTORT_Halimeda-incrassata_637380409702330533.webp,,PEP RIUTORT ,,https://www.observadoresdelmar.es/Observations/1015360,Rocks,1,1,
Algues Invasores,1015411,2020-10-19,41.96037,3.2317,Xavier  Salvador Costa,2020-10-19 15:51:40+00:00,2025-10-20 12:10:40.277305+00:00,Yes,Espècie exòtica o invasiva,Yes,Caulerpa cylindracea,XavierSalvadorCosta_Caulerpa-cylindracea_637387195003839577.webp,Cobertura total de rizoma muerto de Posidonia,Fiona Tomas Nash,,https://www.observadoresdelmar.es/Observations/1015411,Seagrass meadow,6,,Phanerogamae
Algues Invasores,1015527,2020-10-01,39.53184,2.58855,Jonatan Delgado ,2020-11-08 23:04:52+00:00,2025-10-20 12:10:39.325961+00:00,Yes,Fotografia excel·lent,Yes,Halimeda incrassata,JonatanDelgado_Halimeda-incrassata_637404734922503701.webp,,Fiona Tomas Nash,,https://www.observadoresdelmar.es/Observations/1015527,Sand,4,10,Algae
Algues Invasores,1015611,2020-11-14,39.57334,2.30838,Juan Pablo Pradillo Muro,2020-11-14 16:12:05+00:00,2025-10-20 12:11:10.323737+00:00,No,No destacada,Yes,Asparagopsis taxiformis,JuanPabloPradilloMuro_Asparagopsis-taxiformis_637409671254437442.webp,,Fiona Tomas Nash,,https://www.observadoresdelmar.es/Observations/1015611,Rocks,18,1,
Algues Invasores,1015669,2020-11-18,39.53167,2.5884,Jonatan Delgado ,2020-11-20 22:43:41+00:00,2025-10-20 12:09:28.569090+00:00,Yes,Espècie exòtica o invasiva,Yes,Halimeda incrassata,JonatanDelgado_Halimeda-incrassata_637415090214520273.webp,,Fiona Tomas Nash,,https://www.observadoresdelmar.es/Observations/1015669,Rocks,3,,
Algues Invasores,1015746,2020-12-15,39.5442,2.38275,Jos  Cruz,2020-12-15 13:48:40+00:00,2025-10-20 12:12:45.942799+00:00,Yes,Primera vegada en l'àrea,Yes,Halimeda incrassata,JosCruz_Halimeda-incrassata_637436369203416763.webp,Manchas dispersas sobre fondo fangoso,Fiona Tomas Nash,Nueva expansión de Halimeda incrassata. Esto es lo más al oeste que sabemos de su distribución desde su detección en la Bahía de Palma. ¡Observación muy importante! Destacar también lo bien desarrollada que está en invierno siendo tropical.,https://www.observadoresdelmar.es/Observations/1015746,,5,,
Algues Invasores,1015816,2020-10-29,42.26223,3.17371,Xavier  Salvador Costa,2021-01-19 11:16:34+00:00,2025-10-20 12:10:17.953194+00:00,No,No destacada,Yes,Caulerpa cylindracea,XavierSalvadorCosta_Caulerpa-cylindracea_637466517941239774.webp,Caulerpa cylindracea entre rizomas de Zostera noltii. Baja abundancia en comparación con Sa Tuna (Begur),Fiona Tomas Nash,,https://www.observadoresdelmar.es/Observations/1015816,Seagrass meadow,2,,Phanerogamae
Algues Invasores,1015843,2021-01-18,36.70266,-3.4118,Alejandra Pérez Obs Centinela Almería,2021-02-02 20:00:59+00:00,2025-10-20 12:10:52.551637+00:00,Yes,Primera vegada en l'àrea,Yes,Rugulopteryx okamurae,AlejandraPérezObsCentinelaAlmería_637478928596460377.webp,"En Octubre en el mismo sitio no había nada. El 18 de Enero tomamos muestras y en el mismo sitio , había mucha Rugulopterix  okamurae  sobre rizomas de posidonia e inclusive sobre las hojas. Nos han confirmado desde el IFAPA la identificació",Fiona Tomas Nash,,https://www.observadoresdelmar.es/Observations/1015843,Seagrass meadow,,50,Phanerogamae
Algues Invasores,1015847,2021-02-04,39.36397,3.23449,Juan Pablo Pradillo Muro,2021-02-04 18:12:39+00:00,2025-10-20 12:06:20.533568+00:00,No,No destacada,Yes,Asparagopsis taxiformis,JuanPabloPradilloMuro_Asparagopsis-taxiformis_637480591595861452.webp,Temperatura del agua 14°,Fiona Tomas Nash,,https://www.observadoresdelmar.es/Observations/1015847,Rocks,8,4,
Algues Invasores,1016066,2021-02-27,39.86755,3.14815,Sebastià Cabanellas  Cerdà ,2021-02-27 15:18:05+00:00,2025-10-20 12:12:07.089084+00:00,No,No destacada,Yes,Asparagopsis taxiformis,SebastiàCabanellasCerdà_Asparagopsis-taxiformis_637500358852170567.webp,,Fiona Tomas Nash,,https://www.observadoresdelmar.es/Observations/1016066,Rocks,3,10,
Algues Invasores,1016067,2021-02-28,39.72276,3.45249,Juan Pablo Pradillo Muro,2021-02-28 16:26:32+00:00,2025-10-20 12:11:09.720939+00:00,Yes,Espècie exòtica o invasiva,Yes,Asparagopsis taxiformis,JuanPabloPradilloMuro_Asparagopsis-taxiformis_637501263927887345.webp,Agua a 15° poca visibilidad. Superficie del tamaño de un campo de baloncesto toda recubierta de asparagopsis,Fiona Tomas Nash,No habíamos visto nunca una extensión así de Asparagopsis taxiformis en Baleares. Habrá que hacer un seguimiento pues estas explosiones poblacionales podrían tener impactos en el bentos.¡Muchísimas gracias por esta observación tan novedosa!,https://www.observadoresdelmar.es/Observations/1016067,Rocks,,1000,
Algues Invasores,1016228,2021-03-02,40.02467,4.19453,Luis Ameller ,2021-03-08 19:37:11+00:00,2025-10-20 12:06:16.718560+00:00,No,No destacada,Yes,Asparagopsis taxiformis,LuisAmeller_Asparagopsis-taxiformis_637508290312496070.webp,,,,https://www.observadoresdelmar.es/Observations/1016228,Rocks,15,,
Algues Invasores,1016229,2019-08-01,39.87375,4.32248,Luis Ameller ,2021-03-08 19:56:53+00:00,2025-10-20 12:11:09.199898+00:00,No,No destacada,Yes,Asparagopsis taxiformis,LuisAmeller_Asparagopsis-armata_637508302130825118.webp,,,,https://www.observadoresdelmar.es/Observations/1016229,Rocks,,,
Algues Invasores,1016255,2021-03-10,39.93763,3.9587,José Antonio  ,2021-03-11 20:51:38+00:00,2025-10-20 12:06:14.873090+00:00,No,No destacada,Yes,Asparagopsis taxiformis,JoséAntonioFayosSagüés_Asparagopsis-taxiformis_637510926980640676.webp,,,,https://www.observadoresdelmar.es/Observations/1016255,Rocks,3,3,
Algues Invasores,1016256,2021-03-10,39.9372,3.95811,José Antonio  ,2021-03-11 20:54:25+00:00,2025-10-20 12:10:38.538333+00:00,No,No destacada,Yes,Asparagopsis taxiformis,JoséAntonioFayosSagüés_Asparagopsis-taxiformis_637510928658871371.webp,,,,https://www.observadoresdelmar.es/Observations/1016256,Rocks,3,3,
Algues Invasores,1016257,2021-03-10,39.93212,3.96626,José Antonio  ,2021-03-11 21:18:30+00:00,2025-10-20 12:11:09.145565+00:00,No,No destacada,Yes,Asparagopsis taxiformis,JoséAntonioFayosSagüés_Asparagopsis-taxiformis_637510943106227996.webp,,,,https://www.observadoresdelmar.es/Observations/1016257,Rocks,4,1,
Algues Invasores,1016258,2021-03-10,39.93162,3.96842,José Antonio  ,2021-03-11 21:20:09+00:00,2025-10-20 12:11:08.732244+00:00,No,No destacada,Yes,Asparagopsis taxiformis,JoséAntonioFayosSagüés_Asparagopsis-taxiformis_637510944097207568.webp,Pared,,,https://www.observadoresdelmar.es/Observations/1016258,Rocks,3,,
Algues Invasores,1016259,2021-03-10,39.93202,3.97058,José Antonio  ,2021-03-11 21:24:11+00:00,2025-10-20 12:11:01.930955+00:00,No,No destacada,Yes,Asparagopsis taxiformis,JoséAntonioFayosSagüés_Asparagopsis-taxiformis_637510946518497867.webp,"Pared. En todas las observaciones hechas este día, nadando entre cala Mitjana y Cala Galdana se repetía patrón y abundancia. Recubrían pared y rocas desplomadas en zonas bien iluminadas hasta entrar en contacto con pradera de Posidonia.",,,https://www.observadoresdelmar.es/Observations/1016259,Rocks,3,3,
Algues Invasores,1016260,2021-03-10,39.93218,3.96335,José Antonio  ,2021-03-11 21:27:01+00:00,2025-10-20 12:10:50.013536+00:00,No,No destacada,Yes,Asparagopsis taxiformis,JoséAntonioFayosSagüés_Asparagopsis-taxiformis_637510948215367816.webp,Sobre gran roca desplomada del acantilado ,,,https://www.observadoresdelmar.es/Observations/1016260,Rocks,4,1,
Algues Invasores,1016261,2021-03-10,39.93227,3.96195,José Antonio  ,2021-03-11 21:28:57+00:00,2025-10-20 12:11:01.025563+00:00,No,No destacada,Yes,Asparagopsis taxiformis,JoséAntonioFayosSagüés_Asparagopsis-taxiformis_637510949375606493.webp,,,,https://www.observadoresdelmar.es/Observations/1016261,Rocks,3,1,
Algues Invasores,1016263,2021-03-12,39.50284,2.75007,miquel rigo  sastre,2021-03-12 16:12:49+00:00,2025-10-20 12:11:02.694771+00:00,Yes,Espècie exòtica o invasiva,Yes,Halimeda incrassata,miquelrigosastre_Halimeda-incrassata_637511623691220476.webp,Algas muertas que el mar las ha sacado sobre la arena de la playa.,Fiona Tomas Nash,"Un buen indicador de gran cantidad de este alga invasora en invierno-primavera, de lo cual no tenemos mucha información y que se puede observar desde playa ",https://www.observadoresdelmar.es/Observations/1016263,Sand,1,,
Algues Invasores,1016264,2021-03-12,39.51749,2.74303,miquel rigo  sastre,2021-03-12 16:14:51+00:00,2025-10-20 12:10:51.527802+00:00,No,No destacada,Yes,Halimeda incrassata,miquelrigosastre_Halimeda-incrassata_637511624914717964.webp,,Fiona Tomas Nash,,https://www.observadoresdelmar.es/Observations/1016264,Sand,1,,
Algues Invasores,1016276,2021-03-13,39.87375,4.32248,Mario Victori Victori,2021-03-15 21:46:59+00:00,2025-10-20 12:06:10.870597+00:00,No,No destacada,Yes,Asparagopsis taxiformis,MarioVictoriVictori_Asparagopsis-taxiformis_637514416197251428.webp,,,,https://www.observadoresdelmar.es/Observations/1016276,Rocks,10,,
Algues Invasores,1016340,2021-03-30,41.19728,1.67285,Pablo  Ruiz ,2021-03-30 15:17:30+00:00,2025-10-20 12:04:53.963968+00:00,Yes,Fotografia excel·lent,Yes,Caulerpa cylindracea,PabloRuiz_Caulerpa-cylindracea_637527142508447592.webp,"A simple vista es inapreciable, pero tomando un poco de tierra donde habitualmente aparece cada año, se observan estos pequeños brotes.",Fiona Tomas Nash,"El buen ojo de un observador, que se fija en los pequeños detalles, permitiendo observar una alga invasora que seguramente pasaría desapercibida. ¡Muchas gracias Pablo!",https://www.observadoresdelmar.es/Observations/1016340,Rocks,,1,
Algues Invasores,1016369,2020-08-17,37.72931,-0.70104,coral fernandez ,2021-04-02 13:59:08+00:00,2025-10-20 12:10:04.827766+00:00,No,No destacada,No,Stypopodium schimperi,coralfernandez_Stypopodium-schimperi_637529687485761081.webp,,Fiona Tomas Nash,,https://www.observadoresdelmar.es/Observations/1016369,Rocks,5,,
Algues Invasores,1016444,2021-04-18,41.19737,1.67294,Pablo  Ruiz ,2021-04-20 16:53:49+00:00,2025-10-20 12:10:56.119452+00:00,No,No destacada,Yes,Caulerpa cylindracea,PabloRuiz_Caulerpa-cylindracea_637545344291969867.webp,,María García González ,,https://www.observadoresdelmar.es/Observations/1016444,Rocks,,1,Algae
Algues Invasores,1016446,2021-04-18,36.73767,-3.77751,Silke Martínez-Moreno ,2021-04-20 17:40:42+00:00,2025-10-20 12:04:54.165790+00:00,Yes,Evidència de l'impacte dels ecosistemes,Yes,Rugulopteryx okamurae,SilkeMart_Rugulopteryx-okamurae_637545372423160554.webp,Formaba grandes mantos sobre las zonas rocosas. En la zona del arenal podían verse algunas matas desprendidas tanto de Rugulopteryx como de Asparagopsis taxiformis. Dejaba poco espacio para la vida a otros organismos. ,,,https://www.observadoresdelmar.es/Observations/1016446,Rocks,6,80,
Algues Invasores,1016447,2021-04-18,36.73767,-3.77751,Silke Martínez-Moreno ,2021-04-20 17:40:42+00:00,2025-10-20 12:12:32.310965+00:00,Yes,Espècie exòtica o invasiva,Yes,Asparagopsis taxiformis,SilkeMart_Asparagopsis-taxiformis_637545372429226833.webp,Entre grandes matas de Rugulopteryx se podían apreciar algunas matas de Asparagopsis taxiformis,,,https://www.observadoresdelmar.es/Observations/1016447,Rocks,,,
Algues Invasores,1016451,2021-03-29,41.8663,3.17517,Jana Verdura Brugarola,2021-04-21 10:52:12+00:00,2025-10-20 12:06:18.035797+00:00,Yes,Espècie exòtica o invasiva,Yes,Asparagopsis armata,JanaVerduraBrugarola_Asparagopsis-armata_637545991327087260.webp,,María García González ,,https://www.observadoresdelmar.es/Observations/1016451,Rocks,,,
Algues Invasores,1016534,2021-04-11,39.52244,2.53893,Carlos Alejandro Morell Lujan Williams,2021-04-30 13:57:35+00:00,2021-04-30 13:57:35+00:00,No,No destacada,Yes,Halimeda incrassata,,,Fiona Tomas Nash,,https://www.observadoresdelmar.es/Observations/1016534,Sand,2,,
Algues Invasores,1016535,2020-11-10,39.27257,3.04317,Carlos Alejandro Morell Lujan Williams,2021-04-30 14:00:52+00:00,2021-04-30 14:00:52+00:00,No,No destacada,Yes,Halimeda incrassata,,,Fiona Tomas Nash,,https://www.observadoresdelmar.es/Observations/1016535,Seagrass meadow,3,,
Algues Invasores,1016558,2021-04-29,38.20143,-0.50804,Diego Garcia  Guerrero ,2021-05-03 15:58:40+00:00,2025-10-20 12:10:56.596158+00:00,No,No destacada,Yes,Caulerpa cylindracea,DiegoGarciaGuerrero_Caulerpa-cylindracea_637556543202078018.webp,,Fiona Tomas Nash,,https://www.observadoresdelmar.es/Observations/1016558,Rocks,1,3,Algae
Algues Invasores,1016572,2021-05-05,39.70232,2.55389,Julia Máñez Crespo ,2021-05-05 21:49:56+00:00,2021-05-05 21:49:56+00:00,No,No destacada,Yes,Asparagopsis taxiformis,,"Individus no arrelats al fons, surant o a sobre de les praderies",Fiona Tomas Nash,,https://www.observadoresdelmar.es/Observations/1016572,Seagrass meadow,5,,Phanerogamae
Algues Invasores,1016611,2018-09-24,44.30573,9.19633,Lorenzo Merotto ,2021-05-13 22:17:45+00:00,2025-10-20 12:06:59.102854+00:00,Yes,Espècie exòtica o invasiva,Yes,Caulerpa cylindracea,LorenzoMerotto_Caulerpa-cylindracea_637565410656882582.webp,,Fiona Tomas Nash,Great example of how invasive Caulerpa cylindracea can be. It is also a good example of adaptation to low light; in deeper waters (like for this observation) the fronds of the algae tend to be larger in order to be able to get more light. ,https://www.observadoresdelmar.es/Observations/1016611,Rocks,20,80,"Phanerogamae,Algae"
Algues Invasores,1016683,2021-05-24,38.4349,-0.38231,Mar Baeza Perales,2021-05-26 21:40:57+00:00,2025-10-20 12:04:55.857690+00:00,No,No destacada,Yes,Codium fragile subsp. fragile,MarBaezaPerales_Codium-fragile-sp.-fragile_637576620577274564.webp,"La encontré en la arena de la playa entre hojas de Posidonia oceanica.
También vi otro ejemplar flotando en el agua del puerto de El Campello (Alicante)",María García González ,,https://www.observadoresdelmar.es/Observations/1016683,Sand,,1,
Algues Invasores,1016684,2021-04-28,38.43464,-0.3826,Mar Baeza Perales,2021-05-26 21:45:44+00:00,2025-10-20 12:10:21.430883+00:00,No,No destacada,No,Codium fragile subsp. fragile,MarBaezaPerales_Codium-fragile-sp.-fragile_637576623448203880.webp,"La encontré sobre la arena de la playa después de un temporal, junto a hojas de Posidonia. ",Fiona Tomas Nash,,https://www.observadoresdelmar.es/Observations/1016684,Sand,,1,
Algues Invasores,1016688,2021-05-27,41.17428,1.50421,Eli / Aurora Bonfill / Requena,2021-05-28 00:47:44+00:00,2025-10-20 12:10:24.310820+00:00,No,No destacada,Yes,Caulerpa cylindracea,EliAuroraBonfillRequena_Caulerpa-cylindracea_637577596642076434.webp,N'hi havia per totes les roques però grupets molt petits i molt separats entre ells.,Fiona Tomas Nash,,https://www.observadoresdelmar.es/Observations/1016688,Rocks,5,,
Algues Invasores,1016689,2021-05-27,41.17351,1.50201,Eli / Aurora Bonfill / Requena,2021-05-28 00:57:15+00:00,2025-10-20 12:07:20.055375+00:00,No,No destacada,No,Lophocladia lallemandii,EliAuroraBonfillRequena_Lophocladia-lallemandii_637577602357092911.webp,N'hi havia per totes les roques de la reserva marina de Masia Blanca,María García González ,,https://www.observadoresdelmar.es/Observations/1016689,Rocks,5,,
Algues Invasores,1016690,2021-05-27,41.17415,1.50346,Eli / Aurora Bonfill / Requena,2021-05-28 01:00:20+00:00,2025-10-20 12:11:03.243698+00:00,No,No destacada,No,Acrothamnion preissii,EliAuroraBonfillRequena_Acrothamnion-preissii_637577604202205090.webp,Molta quantitat damunt la posidònia de la reserva de Masia Blanca.,Fiona Tomas Nash,,https://www.observadoresdelmar.es/Observations/1016690,Seagrass meadow,5,,Phanerogamae
Algues Invasores,1016706,2021-05-30,39.8483,4.30783,Mario Victori Victori,2021-05-30 18:04:54+00:00,2025-10-20 12:07:07.232318+00:00,No,No destacada,No,Lophocladia lallemandii,MarioVictoriVictori_Lophocladia-lallemandii_637579946946652903.webp,,Fiona Tomas Nash,,https://www.observadoresdelmar.es/Observations/1016706,Rocks,22,,"Algae,Live animals"
Algues Invasores,1016707,2021-05-30,39.84842,4.30793,Mario Victori Victori,2021-05-30 18:08:06+00:00,2025-10-20 12:10:26.603998+00:00,No,No destacada,Yes,Caulerpa cylindracea,MarioVictoriVictori_Caulerpa-cylindracea_637579948859853235.webp,,Fiona Tomas Nash,,https://www.observadoresdelmar.es/Observations/1016707,Rocks,18,10,
Algues Invasores,1016720,2021-05-03,39.58176,2.34894,Tatí Benjumea ,2021-06-01 16:20:55+00:00,2025-10-20 12:12:36.367633+00:00,No,No destacada,Yes,Asparagopsis taxiformis,TatíBenjumea(MedGardensproject)_Asparagopsis-taxiformis_637581612554330804.webp,,Fiona Tomas Nash,,https://www.observadoresdelmar.es/Observations/1016720,Rocks,1,,
Algues Invasores,1016721,2021-04-11,39.40474,3.26053,Tatí Benjumea ,2021-06-01 16:48:02+00:00,2025-10-20 12:07:26.603807+00:00,No,No destacada,No,,TatíBenjumea(MedGardensproject)_Asparagopsis-taxiformis_637581628826815013.webp,Abundancia muy elevada. ,Tatí Benjumea ,,https://www.observadoresdelmar.es/Observations/1016721,,10,,
Algues Invasores,1016722,2021-04-11,39.40475,3.26056,Tatí Benjumea ,2021-06-01 16:56:58+00:00,2025-10-20 12:04:56.634945+00:00,No,No destacada,Yes,Asparagopsis taxiformis,TatíBenjumea(MedGardensproject)_Asparagopsis-taxiformis_637581634181063661.webp,Abundancia muy elevada.,Fiona Tomas Nash,,https://www.observadoresdelmar.es/Observations/1016722,Rocks,9,,
Algues Invasores,1016732,2021-05-02,36.71929,-3.72742,Marcos M. Jiménez ,2021-06-03 21:54:38+00:00,2025-10-20 12:07:28.776499+00:00,No,No destacada,No,,MarcosM.JiménezDavia_637583540783563301.webp,"Hola, no se si se trata de Rugulopteryx okamurae o Dictyota dichotoma",,,https://www.observadoresdelmar.es/Observations/1016732,,8,1,
Algues Invasores,1016734,2021-06-03,39.50112,2.4537,Carolina Molina,2021-06-04 16:07:57+00:00,2025-10-20 12:04:57.949906+00:00,No,No destacada,Yes,Caulerpa cylindracea,CarolinaMolina_Caulerpa-cylindracea_637584196775267858.webp,,Laura Royo Marí,,https://www.observadoresdelmar.es/Observations/1016734,Seagrass meadow,20,8,
Algues Invasores,1016735,2021-06-03,39.50103,2.45359,Carolina Molina,2021-06-04 16:17:13+00:00,2025-10-20 12:06:30.518062+00:00,No,No destacada,No,,CarolinaMolina_637584202332357712.webp,,Fiona Tomas Nash,,https://www.observadoresdelmar.es/Observations/1016735,Rocks,30,1000000,"Phanerogamae,Algae,Live animals"
Algues Invasores,1016747,2021-05-08,36.70875,-3.38939,Marcos M. Jiménez ,2021-06-08 23:05:19+00:00,2025-10-20 12:05:02.454452+00:00,No,No destacada,Yes,Rugulopteryx okamurae,MarcosM.JiménezDavia_Rugulopteryx-okamurae_637587903197766841.webp,"No se como medir la abundancia. Había muchísimas, más del 80% eran de esta especie en esa zona",,,https://www.observadoresdelmar.es/Observations/1016747,Rocks,6,100,
Algues Invasores,1016748,2021-05-08,36.71356,-3.36921,Marcos M. Jiménez ,2021-06-08 23:06:57+00:00,2025-10-20 12:05:01.749485+00:00,No,No destacada,Yes,Rugulopteryx okamurae,MarcosM.JiménezDavia_Rugulopteryx-okamurae_637587904168786691.webp,,,,https://www.observadoresdelmar.es/Observations/1016748,Rocks,6,100,
Algues Invasores,1016753,2021-06-09,41.67706,2.80804,Enric Badosa Malagelada,2021-06-09 15:46:21+00:00,2025-10-20 12:04:58.046465+00:00,Yes,Espècie exòtica o invasiva,Yes,Caulerpa cylindracea,EnricBadosaMalagelada_Caulerpa-cylindracea_637588503810374273.webp,,María García González ,,https://www.observadoresdelmar.es/Observations/1016753,Rocks,6,2,
Algues Invasores,1016783,2021-06-12,38.88434,1.43466,Xavier Mas Ferrà,2021-06-13 07:22:04+00:00,2025-10-20 12:05:02.584534+00:00,No,No destacada,Yes,Caulerpa cylindracea,XavierMasFerrà_Caulerpa-cylindracea_637591657244942164.webp,,Fiona Tomas Nash,,https://www.observadoresdelmar.es/Observations/1016783,Rocks,,,
Algues Invasores,1016784,2021-06-12,38.88427,1.43481,Xavier Mas Ferrà,2021-06-13 07:24:36+00:00,2025-10-20 12:04:58.159443+00:00,No,No destacada,Yes,Lophocladia lallemandii,XavierMasFerrà_Lophocladia-lallemandii_637591658761908915.webp,,Fiona Tomas Nash,,https://www.observadoresdelmar.es/Observations/1016784,Rocks,,,
Algues Invasores,1016785,2021-06-12,38.88436,1.43468,Xavier Mas Ferrà,2021-06-13 07:25:36+00:00,2025-10-20 12:05:03.248874+00:00,No,No destacada,Yes,Asparagopsis taxiformis,XavierMasFerrà_Asparagopsis-taxiformis_637591659369228022.webp,,,,https://www.observadoresdelmar.es/Observations/1016785,Rocks,,,
Algues Invasores,1016831,2021-06-12,39.53476,2.36501,José Félix García Granadal,2021-06-15 19:27:47+00:00,2025-10-20 12:10:27.989859+00:00,No,No destacada,Yes,,JoséFélixGarcíaGranadal_Alga-filamentosa_637593820675780599.webp,"Estuve buceando alrededor de s'aguillot y pude observar que por la parte que da a mar abierto, estaba todo cubierto de alga filamnrtosa. Roca, posidonia, corales,... ",María García González ,,https://www.observadoresdelmar.es/Observations/1016831,Seagrass meadow,20,,"Algae,Live animals"
Algues Invasores,1016840,2021-06-08,39.09341,1.45387,Carmina Castro ,2021-06-18 09:01:52+00:00,2025-10-20 12:10:27.566551+00:00,No,No destacada,Yes,Asparagopsis taxiformis,CarminaCastro_Asparagopsis-taxiformis_637596037120955272.webp,,,,https://www.observadoresdelmar.es/Observations/1016840,Rocks,2,,
Algues Invasores,1016847,2021-06-20,39.50707,2.55221,Tony Juan ,2021-06-20 11:24:41+00:00,2025-10-20 12:06:59.663195+00:00,No,No destacada,No,Rugulopteryx okamurae,TonyJuan_Rugulopteryx-okamurae_637597850810144915.webp,,,,https://www.observadoresdelmar.es/Observations/1016847,Rocks,1,,Live animals
Algues Invasores,1016926,2021-07-01,42.11341,3.16652,Ana Rodríguez Sevilla ,2021-07-02 14:32:08+00:00,2025-10-20 12:06:10.018638+00:00,No,No destacada,No,,AnaRodríguezSevilla_637608331282164628.webp,,Fiona Tomas Nash,,https://www.observadoresdelmar.es/Observations/1016926,,2,1,Algae
Algues Invasores,1016938,2015-07-25,39.87522,4.30031,Begoña Oquiñena Smith,2021-07-05 13:56:38+00:00,2025-10-20 12:11:08.319716+00:00,No,No destacada,Yes,Asparagopsis taxiformis,BegoñaOquiñenaSmith_Asparagopsis-taxiformis_637610901987049559.webp,,Fiona Tomas Nash,,https://www.observadoresdelmar.es/Observations/1016938,Rocks,4,,
Algues Invasores,1016939,2018-09-23,39.87228,4.31254,Begoña Oquiñena Smith,2021-07-05 13:59:25+00:00,2025-10-20 12:10:54.754230+00:00,No,No destacada,Yes,Lophocladia lallemandii,BegoñaOquiñenaSmith_Lophocladia-lallemandii_637610903653736392.webp,,María García González ,,https://www.observadoresdelmar.es/Observations/1016939,Rocks,2,,Algae
Algues Invasores,1016942,2021-07-05,39.57353,2.35314,Pedro  Llabrés Gamundí ,2021-07-05 23:57:47+00:00,2025-10-20 12:09:47.050255+00:00,No,No destacada,Yes,Caulerpa cylindracea,PedroLlabrésGamundí_Caulerpa-cylindracea_637611262676890765.webp,,Fiona Tomas Nash,,https://www.observadoresdelmar.es/Observations/1016942,Rocks,1,,
Algues Invasores,1016945,2021-07-04,37.55727,-1.27541,Marta Manzanera Bosch,2021-07-06 15:54:17+00:00,2025-10-20 12:12:49.683474+00:00,No,No destacada,Yes,Caulerpa cylindracea,MartaManzaneraBosch_Caulerpa-cylindracea_637611836575178656.webp,"En un bassal entre roques a la zona supralitoral inferior, allà on entren les onades. El mar estava molt calmat. La resta de costa 0m sense C.cylindracea. La platja de lloses de pedra on la vaig veure es diu Platja del Cavaller (Perelló).",Fiona Tomas Nash,,https://www.observadoresdelmar.es/Observations/1016945,,,,Algae
Algues Invasores,1016946,2021-07-04,40.83044,0.74218,Marta Manzanera Bosch,2021-07-06 15:59:33+00:00,2021-07-06 15:59:33+00:00,No,No destacada,Yes,Caulerpa cylindracea,,"No tinc foto però era la mateixa observada a la zona supralitoral inferior. S'estenia de 1,5-3 metres per una zona de costa molt més àmplia que la que vaig veure en el bassal de superficie (mínim 100 m). No duia càmera submarina. ",Fiona Tomas Nash,,https://www.observadoresdelmar.es/Observations/1016946,,,,Algae
Algues Invasores,1017002,2021-07-13,41.00195,2.19322,David Alonso,2021-07-13 12:06:32+00:00,2025-10-20 12:07:08.148224+00:00,No,No destacada,No,,DavidAlonso_637617747922457975.webp,"Holi! Som un grup de joves del Casal del Mar de la Platja de Fenals d'aquest estiu. No tenim clar si aquesta alga és Halimeda tuna o és la invasora Halimeda incrassata. Ens ho podrieu solucionar? 

Moltes gràcies!",Fiona Tomas Nash,,https://www.observadoresdelmar.es/Observations/1017002,Rocks,5,1,Algae
Algues Invasores,1017045,2021-07-20,37.55727,-1.27541,Luis Soler  Valcarcel,2021-07-20 14:01:40+00:00,2021-07-20 14:01:40+00:00,No,No destacada,No,Caulerpa cylindracea,,,Fiona Tomas Nash,,https://www.observadoresdelmar.es/Observations/1017045,Rocks,1,,
Algues Invasores,1017046,2021-07-19,36.83694,-2.37958,Adriana Fernandez ,2021-07-20 16:32:05+00:00,2025-10-20 12:06:25.419610+00:00,No,No destacada,Yes,Caulerpa cylindracea,AdrianaFernandez_Caulerpa-cylindracea_637623955253200659.webp,,Fiona Tomas Nash,,https://www.observadoresdelmar.es/Observations/1017046,,2,1,
Algues Invasores,1017070,2021-07-21,39.94857,4.27886,Marcela de Groote Lipkau,2021-07-24 13:39:17+00:00,2025-10-20 12:10:55.426364+00:00,No,No destacada,Yes,Caulerpa cylindracea,MarceladeGrooteLipkau_Caulerpa-cylindracea_637627307576228594.webp,,Fiona Tomas Nash,,https://www.observadoresdelmar.es/Observations/1017070,Rocks,1,,Algae
Algues Invasores,1017071,2021-07-24,41.5335,2.47971,RAMIRO PICOS GARCÍA,2021-07-24 21:03:34+00:00,2025-10-20 12:11:32.833991+00:00,No,No destacada,Yes,Caulerpa cylindracea,RAMIROPICOSGARCÍA_Caulerpa-cylindracea_637627574146858214.webp,,Fiona Tomas Nash,,https://www.observadoresdelmar.es/Observations/1017071,Rocks,10,20,Algae
Algues Invasores,1017085,2021-07-23,39.92866,3.09948,Jordi Boada,2021-07-26 18:17:29+00:00,2025-10-20 12:10:11.189393+00:00,No,No destacada,Yes,Caulerpa cylindracea,JordiBoada_Caulerpa-cylindracea_637629202491083970.webp,Varios estolones sin muchos frondes densos aquí y allá. ,Fiona Tomas Nash,,https://www.observadoresdelmar.es/Observations/1017085,Rocks,1,,
Algues Invasores,1017100,2021-07-30,39.92128,3.14962,Jordi Boada,2021-07-31 00:23:39+00:00,2025-10-20 12:12:32.111383+00:00,No,No destacada,Yes,Asparagopsis taxiformis,JordiBoada_Asparagopsis-taxiformis_637632878190275427.webp,Alguns individus repartits a pocs metres de distància sobre la mateixa paret de l’illa de Formentor.,Fiona Tomas Nash,,https://www.observadoresdelmar.es/Observations/1017100,Rocks,4,,
Algues Invasores,1017101,2020-09-20,39.91038,3.09315,PereC ,2021-07-31 09:47:15+00:00,2025-10-20 12:07:26.505210+00:00,No,No destacada,No,Caulerpa taxifolia,PereC_Caulerpa-taxifolia_637633216359398317.webp,Cercana al paseo urbano del casco antiguo de la villa. Llamaba mucho la atención y se extendía por las playas adyacentes. Día de luminosidad notable y mar plana. ,PereC ,,https://www.observadoresdelmar.es/Observations/1017101,Sand,1,,
Algues Invasores,1017116,2021-08-02,38.29916,-0.51909,Karina Erazo Ceballos,2021-08-03 11:27:02+00:00,2025-10-20 12:04:54.267625+00:00,No,No destacada,Yes,Caulerpa cylindracea,KarinaErazoCeballos_Caulerpa-cylindracea_637635868224341987.webp,,Fiona Tomas Nash,,https://www.observadoresdelmar.es/Observations/1017116,Rocks,,7,
Algues Invasores,1017127,2021-08-04,39.08146,1.43912,Quino Calafí ,2021-08-04 17:07:54+00:00,2025-10-20 12:04:54.860141+00:00,No,No destacada,Yes,Asparagopsis armata,QuinoCalaf_Asparagopsis-armata_637636936742291355.webp,,Fiona Tomas Nash,,https://www.observadoresdelmar.es/Observations/1017127,Rocks,2,1,
Algues Invasores,1017134,2021-07-31,39.30363,3.01814,Bernat Quetglas Escalas ,2021-08-04 19:30:52+00:00,2025-10-20 12:10:56.904500+00:00,No,No destacada,Yes,Halimeda incrassata,BernatQuetglasEscalas_Halimeda-incrassata_637637022525559149.webp,,Fiona Tomas Nash,,https://www.observadoresdelmar.es/Observations/1017134,Seagrass meadow,2,,Algae
Algues Invasores,1017141,2021-08-05,39.09958,1.46422,Quino Calafí ,2021-08-05 16:19:20+00:00,2025-10-20 12:11:33.476874+00:00,No,No destacada,Yes,Asparagopsis armata,QuinoCalaf_Asparagopsis-armata_637637771601898633.webp,,Fiona Tomas Nash,,https://www.observadoresdelmar.es/Observations/1017141,Rocks,2,1,
Algues Invasores,1017142,2021-08-05,39.09958,1.46427,Quino Calafí ,2021-08-05 16:22:31+00:00,2025-10-20 12:10:57.527220+00:00,No,No destacada,Yes,Caulerpa cylindracea,QuinoCalaf_Caulerpa-cylindracea_637637773509112144.webp,,Fiona Tomas Nash,,https://www.observadoresdelmar.es/Observations/1017142,Rocks,,5,Algae
Algues Invasores,1017143,2021-08-05,39.09959,1.46429,Quino Calafí ,2021-08-05 16:24:42+00:00,2025-10-20 12:10:58.197765+00:00,No,No destacada,Yes,Caulerpa cylindracea,QuinoCalaf_Caulerpa-cylindracea_637637774826714884.webp,,Fiona Tomas Nash,,https://www.observadoresdelmar.es/Observations/1017143,Rocks,,5,Algae
Algues Invasores,1017144,2021-08-05,39.09956,1.4643,Quino Calafí ,2021-08-05 16:27:25+00:00,2025-10-20 12:07:08.765341+00:00,No,No destacada,No,Halimeda incrassata,QuinoCalaf_Halimeda-incrassata_637637776450737860.webp,,Quino Calafí ,,https://www.observadoresdelmar.es/Observations/1017144,Rocks,1,3,Algae
Algues Invasores,1017145,2021-08-05,39.0994,1.46452,Quino Calafí ,2021-08-05 16:30:09+00:00,2025-10-20 12:12:51.249108+00:00,No,No destacada,No,Acrothamnion preissii,QuinoCalaf_Acrothamnion-preissii_637637778097057891.webp,,Fiona Tomas Nash,,https://www.observadoresdelmar.es/Observations/1017145,,,1,
Algues Invasores,1017147,2021-08-04,39.53202,2.57972,Fiona Tomas Nash,2021-08-05 16:38:20+00:00,2025-10-20 12:04:55.621531+00:00,No,No destacada,Yes,Caulerpa cylindracea,FionaTomasNash_Caulerpa-cylindracea_637637783005540357.webp,"estaba a uno 0,2 metros de profunidad, no muy abundante y muy corta. La foto es de otro sitio y de otra persona, porque no tenía cámara",Fiona Tomas Nash,,https://www.observadoresdelmar.es/Observations/1017147,Rocks,,,
Algues Invasores,1017166,2021-08-06,35.91463,-5.36126,Sergio González Moreau ,2021-08-06 17:38:35+00:00,2025-10-20 12:04:56.532430+00:00,No,No destacada,Yes,Caulerpa cylindracea,SergioGonzález_Caulerpa-cylindracea_637638683158440350.webp,,Fiona Tomas Nash,,https://www.observadoresdelmar.es/Observations/1017166,Rocks,,,
Algues Invasores,1017185,2021-08-07,39.95314,4.26629,Fiona Tomas Nash,2021-08-07 21:41:53+00:00,2021-08-07 21:41:53+00:00,No,No destacada,Yes,Caulerpa cylindracea,,"Molt poca, en poca abundància, esporàdica, a <1 metre.. repartida una mica per la zona general",Fiona Tomas Nash,,https://www.observadoresdelmar.es/Observations/1017185,Rocks,,1,
Algues Invasores,1017186,2021-08-07,39.95339,4.26699,Fiona Tomas Nash,2021-08-07 21:44:19+00:00,2021-08-07 21:44:19+00:00,No,No destacada,Yes,Lophocladia lallemandii,,"Poquíssima; n'he vist a dos indrets, en un lloc en molt poca quantitat, en un altre recobrint un bloc, la part vertical més esciàfila, el bloc tenia uns 60cm de llargada ",Fiona Tomas Nash,,https://www.observadoresdelmar.es/Observations/1017186,Rocks,1,,
Algues Invasores,1017193,2021-08-06,39.84796,4.25806,Fiona Tomas Nash,2021-08-08 11:37:57+00:00,2021-08-08 11:37:57+00:00,No,No destacada,No,Halimeda incrassata,,"Zona de pradera de Posidonia afectada per anclatge, n' hi havia molt poc (uns pocs individus) en dues zones de mata, dins un transsecte que hem fet per al projecte DETECPOS",Fiona Tomas Nash,,https://www.observadoresdelmar.es/Observations/1017193,Seagrass meadow,5,1,Phanerogamae
Algues Invasores,1017195,2021-08-06,39.535,2.5911,Fiona Tomas Nash,2021-08-08 11:41:12+00:00,2021-08-08 11:41:12+00:00,No,No destacada,Yes,Halimeda incrassata,,"Zona de pradera de Posidonia afectada per anclatge, n' hi havia molt poc (uns pocs individus) en dues zones de mata, dins un transsecte que hem fet per al projecte DETECPOS",Fiona Tomas Nash,,https://www.observadoresdelmar.es/Observations/1017195,Seagrass meadow,5,1,Phanerogamae
Algues Invasores,1017197,2021-08-07,39.95308,4.2666,Fiona Tomas Nash,2021-08-08 16:10:41+00:00,2021-08-08 16:10:41+00:00,No,No destacada,No,Caulerpa cylindracea,,,Fiona Tomas Nash,,https://www.observadoresdelmar.es/Observations/1017197,Rocks,,1,
Algues Invasores,1017211,2021-08-06,40.09311,4.07284,Paula López Sendino,2021-08-09 10:15:40+00:00,2025-10-20 12:10:59.313340+00:00,Yes,Espècie exòtica o invasiva,Yes,Lophocladia lallemandii,PaulaLópezSendino_Lophocladia-lallemandii_637641009400844863.webp,"Només vaig veure aquesta roca recoberta, però fins ara a Porros no havia vist Lophocladia",Fiona Tomas Nash,Claro ejemplo de cuando una especie invasora puede tener un fuerte impacto paisajístico sobre el hábitat que invade,https://www.observadoresdelmar.es/Observations/1017211,Rocks,,,Algae
Algues Invasores,1017212,2021-07-31,39.30271,3.01759,Bernat Quetglas Escalas ,2021-08-09 18:09:01+00:00,2025-10-20 12:04:57.771162+00:00,No,No destacada,Yes,Halimeda incrassata,BernatQuetglasEscalas_Halimeda-incrassata_637641293412032075.webp,,Fiona Tomas Nash,,https://www.observadoresdelmar.es/Observations/1017212,Sand,2,,
Algues Invasores,1017213,2021-07-31,39.30289,3.01793,Bernat Quetglas Escalas ,2021-08-09 18:11:49+00:00,2025-10-20 12:04:57.464333+00:00,Yes,Espècie exòtica o invasiva,Yes,Halimeda incrassata,BernatQuetglasEscalas_Halimeda-incrassata_637641295093299949.webp,,Laura Royo Marí,"Moltes gràcies Bernat per reportar aquesta foto de l'Halimeda incrassata al Sud de Mallorca. Tenim observacions d0anya anteriors, 2017, ara esperem que no doni la volta al Cap Salines. Quedem atentes! Laura",https://www.observadoresdelmar.es/Observations/1017213,Rocks,2,,
Algues Invasores,1017245,2021-08-07,39.89474,0.68312,Fiona Tomas Nash,2021-08-11 20:55:47+00:00,2025-10-20 12:12:34.744506+00:00,No,No destacada,Yes,Caulerpa cylindracea,FionaTomasNash_Caulerpa-cylindracea_637643121478692274.webp,Foto i observació d'en Kike Ballesteros. Caulerpa en paret vertical,Fiona Tomas Nash,,https://www.observadoresdelmar.es/Observations/1017245,Rocks,17,,
Algues Invasores,1017246,2021-08-07,39.89146,0.6685,Fiona Tomas Nash,2021-08-11 20:58:45+00:00,2025-10-20 12:10:50.475703+00:00,No,No destacada,Yes,Lophocladia lallemandii,FionaTomasNash_Lophocladia-lallemandii_637643123258806623.webp,Foto i observació d'en Kike Ballesteros. No sé exactament el lloc de la Ferrera però sí la fondària.,Fiona Tomas Nash,,https://www.observadoresdelmar.es/Observations/1017246,,8,,
Algues Invasores,1017271,2021-08-14,38.51478,-0.17334,Karina Erazo Ceballos,2021-08-15 13:03:30+00:00,2025-10-20 12:10:26.919301+00:00,Yes,Espècie exòtica o invasiva,Yes,Caulerpa cylindracea,KarinaErazoCeballos_Caulerpa-cylindracea_637646294108126222.webp,,María García González ,,https://www.observadoresdelmar.es/Observations/1017271,Rocks,4,10,
Algues Invasores,1017281,2021-08-15,40.04731,0.10118, ,2021-08-15 22:24:32+00:00,2025-10-20 12:10:59.218560+00:00,No,No destacada,Yes,Caulerpa cylindracea,_Caulerpa-taxifolia_637646630725333814.webp,,Fiona Tomas Nash,,https://www.observadoresdelmar.es/Observations/1017281,Seagrass meadow,,100000000,"Phanerogamae,Algae"
Algues Invasores,1017282,2021-08-15,40.91205,0.83373,Berta Companys  Oliva ,2021-08-16 09:35:40+00:00,2025-10-20 12:05:03.132323+00:00,No,No destacada,Yes,Caulerpa cylindracea,BertaCompanysOliva_Caulerpa-cylindracea_637647033404239267.webp,"Llevamos observando organismos en Cala Sant Jordi, Ametlla de Mar desde hace 2 semanas. En otros puntos hay menos abundancia, y hace más tiempo que están pero está creciendo tanto.",Fiona Tomas Nash,,https://www.observadoresdelmar.es/Observations/1017282,Rocks,4,,
Algues Invasores,1017283,2021-08-15,40.91205,0.83373,Berta Companys  Oliva ,2021-08-16 09:35:41+00:00,2025-10-20 12:12:36.941760+00:00,No,No destacada,Yes,Caulerpa cylindracea,BertaCompanysOliva_Caulerpa-cylindracea_637647033411472847.webp,,Fiona Tomas Nash,,https://www.observadoresdelmar.es/Observations/1017283,Rocks,4,,
Algues Invasores,1017284,2021-08-15,40.91205,0.83373,Berta Companys  Oliva ,2021-08-16 09:35:41+00:00,2025-10-20 12:10:36.191801+00:00,No,No destacada,Yes,Caulerpa cylindracea,BertaCompanysOliva_Caulerpa-cylindracea_637647033417297535.webp,,Fiona Tomas Nash,,https://www.observadoresdelmar.es/Observations/1017284,Rocks,4,,
Algues Invasores,1017285,2021-08-15,40.91205,0.83373,Berta Companys  Oliva ,2021-08-16 09:35:42+00:00,2025-10-20 12:10:35.653913+00:00,No,No destacada,Yes,Caulerpa cylindracea,BertaCompanysOliva_Caulerpa-cylindracea_637647033424020466.webp,,Fiona Tomas Nash,,https://www.observadoresdelmar.es/Observations/1017285,Rocks,4,,
Algues Invasores,1017293,2021-08-16,35.91476,-5.36126,Sergio González Moreau ,2021-08-16 18:54:56+00:00,2025-10-20 12:06:24.335870+00:00,No,No destacada,Yes,Rugulopteryx okamurae,SergioGonzálezMoreau_Rugulopteryx-okamurae_637647368960073370.webp,La orilla estaba llena de este tipo de alga. En el agua había en suspensión y en las rocas. Como no puedo escribir en la casilla de Abundancia indico que es Predominante.,,,https://www.observadoresdelmar.es/Observations/1017293,Rocks,,,Algae
Algues Invasores,1017304,2021-08-20,40.05443,4.11208,Marina Bolaños ,2021-08-20 20:27:58+00:00,2025-10-20 12:10:34.778352+00:00,No,No destacada,No,Halimeda incrassata,MarinaBolaños_Halimeda-incrassata_637650880787916685.webp,"Hay pequeños brotes repartidos por la zona, pero están más profundos y no pude hacer foto desde fuera del agua",Fiona Tomas Nash,,https://www.observadoresdelmar.es/Observations/1017304,Rocks,1,,
Algues Invasores,1017311,2021-08-21,37.91398,-0.71995,Federico Abad  Guillén ,2021-08-21 12:54:55+00:00,2025-10-20 12:07:18.584623+00:00,No,No destacada,Yes,Caulerpa cylindracea,FedericoAbadGuillén_Caulerpa-cylindracea_637651472950155856.webp,"Toda la zona de roca está cubierta por esta alga, sobretodo en los enclaves de algas pardas y en las bases de las fanerógamas",Fiona Tomas Nash,,https://www.observadoresdelmar.es/Observations/1017311,Rocks,2,,Algae
Algues Invasores,1017319,2021-08-21,40.0627,0.12168, ,2021-08-21 22:21:15+00:00,2025-10-20 12:10:28.086524+00:00,No,No destacada,Yes,Caulerpa cylindracea,_Caulerpa-cylindracea_637651812759218922.webp,,Fiona Tomas Nash,,https://www.observadoresdelmar.es/Observations/1017319,Seagrass meadow,5,1000000,Phanerogamae
Algues Invasores,1017318,2021-08-21,40.0627,0.12168, ,2021-08-21 22:21:15+00:00,2025-10-20 12:10:29.083756+00:00,No,No destacada,Yes,Caulerpa cylindracea,_Caulerpa-cylindracea_637651812752325663.webp,,Fiona Tomas Nash,,https://www.observadoresdelmar.es/Observations/1017318,Seagrass meadow,5,10000000,
Algues Invasores,1017347,2021-08-22,39.10041,1.46348,Quino Calafí ,2021-08-22 16:43:01+00:00,2025-10-20 12:10:30.418044+00:00,No,No destacada,Yes,Asparagopsis taxiformis,QuinoCalaf_Asparagopsis-taxiformis_637652473817627691.webp,,Fiona Tomas Nash,,https://www.observadoresdelmar.es/Observations/1017347,Rocks,5,1,Algae
Algues Invasores,1017348,2021-08-22,39.10033,1.46377,Quino Calafí ,2021-08-22 16:46:42+00:00,2025-10-20 12:10:29.899464+00:00,No,No destacada,Yes,Asparagopsis taxiformis,QuinoCalaf_Asparagopsis-armata_637652476027846612.webp,,Fiona Tomas Nash,,https://www.observadoresdelmar.es/Observations/1017348,Rocks,,5,Algae
Algues Invasores,1017365,2021-08-22,40.05258,0.15106, ,2021-08-22 19:08:26+00:00,2025-10-20 12:07:28.889629+00:00,No,No destacada,No,Stypopodium schimperi,_Stypopodium-schimperi_637652561064212281.webp,,Fiona Tomas Nash,,https://www.observadoresdelmar.es/Observations/1017365,Rocks,25,1000,
Algues Invasores,1017366,2021-08-22,40.05258,0.15106, ,2021-08-22 19:08:27+00:00,2025-10-20 12:10:40.431185+00:00,No,No destacada,Yes,Caulerpa cylindracea,_Caulerpa-cylindracea_637652561070902444.webp,,Fiona Tomas Nash,,https://www.observadoresdelmar.es/Observations/1017366,Rocks,25,10000,
Algues Invasores,1017376,2021-04-22,36.06829,-5.74063,Maria Macià ,2021-08-23 10:21:44+00:00,2025-10-20 12:05:15.523474+00:00,No,No destacada,Yes,Rugulopteryx okamurae,MariaMacià_Rugulopteryx-okamurae_637653109044567550.webp,,,,https://www.observadoresdelmar.es/Observations/1017376,Rocks,2,100,
Algues Invasores,1017377,2021-08-21,40.05791,4.16787,Lluís Puighibet ,2021-08-23 10:56:29+00:00,2025-10-20 12:05:15.956027+00:00,No,No destacada,Yes,Caulerpa cylindracea,LluísPuighibet_Caulerpa-cylindracea_637653129889961571.webp,"Caulepra cylindracea. Menorca (Cala’n Tosqueta) 21/08/2021
",Fiona Tomas Nash,,https://www.observadoresdelmar.es/Observations/1017377,Seagrass meadow,1,,
Algues Invasores,1017391,2021-08-07,39.48342,2.73365,Lluís Salom  Vicens ,2021-08-23 17:19:11+00:00,2025-10-20 12:05:16.722432+00:00,No,No destacada,Yes,Halimeda incrassata,LluísSalomVicens_Halimeda-incrassata_637653359514092601.webp,,Fiona Tomas Nash,,https://www.observadoresdelmar.es/Observations/1017391,Sand,4,1,
Algues Invasores,1017392,2021-08-07,39.48256,2.73257,Lluís Salom  Vicens ,2021-08-23 17:21:12+00:00,2025-10-20 12:06:17.220020+00:00,No,No destacada,Yes,Halimeda incrassata,LluísSalomVicens_Halimeda-incrassata_637653360720804822.webp,Bastants organismes individuals,Fiona Tomas Nash,,https://www.observadoresdelmar.es/Observations/1017392,Sand,3,10,
Algues Invasores,1017393,2021-08-15,39.45207,3.27816,Lluís Salom  Vicens ,2021-08-23 17:24:56+00:00,2025-10-20 12:05:20.373012+00:00,Yes,Fotografia excel·lent,Yes,Asparagopsis taxiformis,LluísSalomVicens_Asparagopsis-taxiformis_637653362962510978.webp,,Fiona Tomas Nash,,https://www.observadoresdelmar.es/Observations/1017393,Rocks,1,,
Algues Invasores,1017401,2021-08-22,41.96424,3.22725,Blanca Figuerola Balañá ,2021-08-23 18:21:21+00:00,2025-10-20 12:10:38.148717+00:00,Yes,Espècie exòtica o invasiva,Yes,Caulerpa cylindracea,BlancaFiguerolaBalañá_Caulerpa-cylindracea_637653396818388586.webp,,Fiona Tomas Nash,Ejemplo muy bueno de cuando una especie invasora domina el paisaje. ¡muchas gracias por esta observación!,https://www.observadoresdelmar.es/Observations/1017401,Sand,4,,
Algues Invasores,1017419,2021-08-19,36.74943,-3.81268,marejada58 ,2021-08-25 19:20:59+00:00,2025-10-20 12:05:20.566315+00:00,No,No destacada,Yes,Asparagopsis taxiformis,marejada58_Asparagopsis-taxiformis_637655160599042158.webp,,Fiona Tomas Nash,,https://www.observadoresdelmar.es/Observations/1017419,Rocks,5,20,
Algues Invasores,1017451,2021-08-25,39.9228,3.14418,Tatí Benjumea ,2021-08-29 12:19:40+00:00,2025-10-20 12:05:59.487236+00:00,No,No destacada,Yes,Caulerpa cylindracea,TatíBenjumea(MedGardensproject)_Caulerpa-cylindracea_637658363804606318.webp,,Fiona Tomas Nash,,https://www.observadoresdelmar.es/Observations/1017451,Rocks,1,,
Algues Invasores,1017452,2021-07-16,39.40368,3.25552,Tatí Benjumea ,2021-08-29 13:03:20+00:00,2025-10-20 12:05:49.741480+00:00,No,No destacada,Yes,Caulerpa cylindracea,TatíBenjumea(MedGardensproject)_Caulerpa-cylindracea_637658390000510776.webp,,Fiona Tomas Nash,,https://www.observadoresdelmar.es/Observations/1017452,Rocks,1,,Algae
Algues Invasores,1017455,2021-08-10,39.58213,2.34784,Tatí Benjumea ,2021-08-29 13:35:05+00:00,2025-10-20 12:05:59.011615+00:00,No,No destacada,Yes,Caulerpa cylindracea,TatíBenjumea(MedGardensproject)_Caulerpa-cylindracea_637658409059482437.webp,"Se realizaron 69 réplicas con algómetros en el tramo N2 de MedGardens Sant Elm, obteniendo una cobertura de 3,89%",Fiona Tomas Nash,,https://www.observadoresdelmar.es/Observations/1017455,Rocks,1,,
Algues Invasores,1017456,2021-08-10,39.58164,2.34892,Tatí Benjumea ,2021-08-29 13:39:25+00:00,2025-10-20 12:07:06.121100+00:00,No,No destacada,Yes,Caulerpa cylindracea,TatíBenjumea(MedGardensproject)_Caulerpa-cylindracea_637658411657023135.webp,"Se realizaron 7 réplicas con algómetros en el tramo S3 de MedGardens Sant Elm, obteniendo una cobertura de 1,71% en la plataforma rocosa (0-1 m prof)",Fiona Tomas Nash,,https://www.observadoresdelmar.es/Observations/1017456,Rocks,1,,
Algues Invasores,1017457,2021-08-10,39.58137,2.34875,Tatí Benjumea ,2021-08-29 13:41:55+00:00,2025-10-20 12:10:50.952431+00:00,No,No destacada,Yes,Caulerpa cylindracea,TatíBenjumea(MedGardensproject)_Caulerpa-cylindracea_637658413154013263.webp,"Se realizaron 67 réplicas con algómetros en el tramo S4 de MedGardens Sant Elm, obteniendo una cobertura de 4,66% en la plataforma rocosa (0-1 m prof)",Fiona Tomas Nash,,https://www.observadoresdelmar.es/Observations/1017457,Rocks,1,,
Algues Invasores,1017458,2021-08-10,39.58128,2.34894,Tatí Benjumea ,2021-08-29 13:44:33+00:00,2025-10-20 12:10:31.865310+00:00,No,No destacada,Yes,Caulerpa cylindracea,TatíBenjumea(MedGardensproject)_Caulerpa-cylindracea_637658414731427316.webp,"Se realizaron 12 réplicas con algómetros en el tramo S5 de MedGardens Sant Elm, obteniendo una cobertura de 2,33% en la plataforma rocosa (0-1 m prof)",Fiona Tomas Nash,,https://www.observadoresdelmar.es/Observations/1017458,Rocks,1,,
Algues Invasores,1017459,2021-08-10,39.5813,2.34938,Tatí Benjumea ,2021-08-29 13:46:54+00:00,2025-10-20 12:10:42.608573+00:00,No,No destacada,Yes,Caulerpa cylindracea,TatíBenjumea(MedGardensproject)_Caulerpa-cylindracea_637658416141199402.webp,"Se realizaron 7 réplicas con algómetros en el tramo S6 de MedGardens Sant Elm, obteniendo una cobertura de 3% en la plataforma rocosa (0-1 m prof)",Fiona Tomas Nash,,https://www.observadoresdelmar.es/Observations/1017459,Rocks,1,,
Algues Invasores,1017567,2021-08-26,39.9257,3.14336,Tatí Benjumea ,2021-09-03 16:15:31+00:00,2025-10-20 12:11:04.088069+00:00,No,No destacada,Yes,Caulerpa cylindracea,TatíBenjumea(MedGardensproject)_Caulerpa-cylindracea_637662825315448323.webp,"Se hicieron 49 réplicas con algómentros (0.25*0.25m divididos en 25) en la roca entre 0 y 1 m de profundidad en la zona C de MedGardens Formentor y se obtuvo una cobertura media de 2,69%",Fiona Tomas Nash,,https://www.observadoresdelmar.es/Observations/1017567,Rocks,1,,
Algues Invasores,1017568,2021-08-26,39.92435,3.14456,Tatí Benjumea ,2021-09-03 16:18:11+00:00,2025-10-20 12:11:06.088490+00:00,No,No destacada,Yes,Caulerpa cylindracea,TatíBenjumea(MedGardensproject)_Caulerpa-cylindracea_637662826913486904.webp,"Se hicieron 60 réplicas con algómentros (0.25*0.25m divididos en 25) en la roca entre 0 y 1 m de profundidad en la zona S2 de MedGardens Formentor y se obtuvo una cobertura media de 4,07%",Fiona Tomas Nash,,https://www.observadoresdelmar.es/Observations/1017568,Rocks,1,,
Algues Invasores,1017569,2021-08-26,39.92406,3.14512,Tatí Benjumea ,2021-09-03 16:20:42+00:00,2025-10-20 12:11:04.562452+00:00,No,No destacada,Yes,Caulerpa cylindracea,TatíBenjumea(MedGardensproject)_Caulerpa-cylindracea_637662828423486905.webp,"Se hicieron 65 réplicas con algómentros (0.25*0.25m divididos en 25) en la roca entre 0 y 1 m de profundidad en la zona S3 de MedGardens Formentor y se obtuvo una cobertura media de 2,46%",Fiona Tomas Nash,,https://www.observadoresdelmar.es/Observations/1017569,Rocks,1,,
Algues Invasores,1017574,2021-05-27,39.92582,3.1435,Tatí Benjumea ,2021-09-03 16:23:50+00:00,2025-10-20 12:10:37.602751+00:00,No,No destacada,Yes,Caulerpa cylindracea,TatíBenjumea(MedGardensproject)_Caulerpa-cylindracea_637662830308310330.webp,"Se hicieron 20 réplicas con algómentros (0.25*0.25m divididos en 25) en la roca entre 0 y 1 m de profundidad en la zona C de MedGardens Formentor y se obtuvo una cobertura media de 4,6%",Fiona Tomas Nash,,https://www.observadoresdelmar.es/Observations/1017574,Rocks,1,,
Algues Invasores,1017606,2021-09-06,41.19737,1.67291,Pablo  Ruiz ,2021-09-07 17:45:20+00:00,2025-10-20 12:10:32.461554+00:00,No,No destacada,Yes,Caulerpa cylindracea,PabloRuiz_Caulerpa-cylindracea_637666335200010288.webp,Este año  han crecido bastante menos que en años anteriores. ,María García González ,,https://www.observadoresdelmar.es/Observations/1017606,Rocks,,,Phanerogamae
Algues Invasores,1017645,2021-09-04,39.28904,3.02977,Sandra Espeja ,2021-09-09 17:42:13+00:00,2025-10-20 12:05:03.735393+00:00,No,No destacada,Yes,Halimeda incrassata,SandraEspeja_Halimeda-incrassata_637668061330180485.webp,se ven varias por la zona,Fiona Tomas Nash,,https://www.observadoresdelmar.es/Observations/1017645,Sand,1,,
Algues Invasores,1017646,2021-09-05,39.28906,3.0302,Sandra Espeja ,2021-09-09 17:44:18+00:00,2025-10-20 12:06:15.311695+00:00,No,No destacada,No,,SandraEspeja_637668062587633394.webp,Se encuentran flotando y hay varias por la zona. No tengo claro que sea una especie invasora.,Fiona Tomas Nash,,https://www.observadoresdelmar.es/Observations/1017646,Sand,1,,
Algues Invasores,1017647,2021-09-05,39.28891,3.02957,Sandra Espeja ,2021-09-09 17:45:51+00:00,2025-10-20 12:05:04.180701+00:00,No,No destacada,Yes,Caulerpa cylindracea,SandraEspeja_Caulerpa-cylindracea_637668063514801103.webp,se encuentran flotando también.,Fiona Tomas Nash,,https://www.observadoresdelmar.es/Observations/1017647,Sand,1,,
Algues Invasores,1017648,2021-09-05,39.28856,3.02937,Sandra Espeja ,2021-09-09 17:48:17+00:00,2025-10-20 12:07:25.999140+00:00,No,No destacada,No,,SandraEspeja_637668064974493818.webp,se encuentran flotando.,Fiona Tomas Nash,,https://www.observadoresdelmar.es/Observations/1017648,Sand,1,,
Algues Invasores,1017653,2021-08-03,39.48321,2.73347,Lluís Salom  Vicens ,2021-09-13 16:20:06+00:00,2025-10-20 12:06:00.707042+00:00,No,No destacada,No,,LluísSalomVicens_637671468064064874.webp,Unes tres taques de uns 4-6 individus cada una,Fiona Tomas Nash,,https://www.observadoresdelmar.es/Observations/1017653,Sand,4,6,
Algues Invasores,1017674,2021-09-08,41.96401,3.22736,Ana Rodríguez Sevilla ,2021-09-18 16:17:48+00:00,2025-10-20 12:06:24.841268+00:00,No,No destacada,Yes,Caulerpa cylindracea,AnaRodríguezSevilla_Caulerpa-cylindracea_637675786688089129.webp,,María García González ,,https://www.observadoresdelmar.es/Observations/1017674,Rocks,5,2,"Algae,Live animals"
Algues Invasores,1017710,2021-05-12,42.04226,3.22751,Itziar Burgues Martinez ,2021-09-23 10:01:55+00:00,2025-10-20 12:07:08.029835+00:00,No,No destacada,No,Asparagopsis taxiformis,ItziarBurguesMartinez_Asparagopsis-taxiformis_637679881151162997.webp,,Itziar Burgues Martinez ,,https://www.observadoresdelmar.es/Observations/1017710,Rocks,5,,
Algues Invasores,1017711,2021-05-12,42.04228,3.22747,Itziar Burgues Martinez ,2021-09-23 16:06:56+00:00,2025-10-20 12:11:07.009324+00:00,Yes,Fotografia excel·lent,Yes,Asparagopsis armata,ItziarBurguesMartinez_Asparagopsis-armata_637680100166776946.webp,,María García González ,"Bonita foto donde se aprecian los arpones que presentan algunas ramas, uno de los caracteres que la diferencia de Asparagopsis taxiformis ",https://www.observadoresdelmar.es/Observations/1017711,Rocks,5,,
Algues Invasores,1017763,2021-09-18,39.48353,2.73354,Pep Pericàs Franco,2021-09-26 18:57:00+00:00,2025-10-20 12:10:32.870601+00:00,No,No destacada,Yes,Halimeda incrassata,PepPericàsFranco_Halimeda-incrassata_637682794199755508.webp,En grupos que varían de 5 a +20 alrededor de las praderas Posidonia en arena. Mezclada entre la Posidonia joven,Fiona Tomas Nash,,https://www.observadoresdelmar.es/Observations/1017763,Seagrass meadow,3,28,
Algues Invasores,1017764,2021-09-18,39.48395,2.7337,Pep Pericàs Franco,2021-09-26 19:00:48+00:00,2025-10-20 12:10:24.545936+00:00,No,No destacada,Yes,Halimeda incrassata,PepPericàsFranco_Halimeda-incrassata_637682796489775894.webp,En esta observación se aprecia cómo se encuentra en los márgenes de las praderas. Tengo más fotos/videos de esta zona en caso de necesitarse. ,Fiona Tomas Nash,,https://www.observadoresdelmar.es/Observations/1017764,Seagrass meadow,4,5,
Algues Invasores,1017765,2021-09-18,39.48352,2.73349,Pep Pericàs Franco,2021-09-26 19:06:05+00:00,2025-10-20 12:06:00.942636+00:00,No,No destacada,No,,PepPericàsFranco_637682799651092763.webp,"Nunca había visto esta planta, tiene forma de Copa. Hay centenares en esta zona bordeando las praderas junto con la halimeda incrassata. 
En caso de requerir tengo más fotos de este día y lugar. ",Fiona Tomas Nash,,https://www.observadoresdelmar.es/Observations/1017765,Seagrass meadow,3,50,
Algues Invasores,1017766,2021-09-18,39.48411,2.73402,Pep Pericàs Franco,2021-09-26 19:08:53+00:00,2025-10-20 12:11:14.251669+00:00,No,No destacada,No,,PepPericàsFranco_637682801337017755.webp,"Crece la borde de la praderas. Aquí se puede observar entre posidonia, ¿es invasora? ",Fiona Tomas Nash,,https://www.observadoresdelmar.es/Observations/1017766,Seagrass meadow,,20,
Algues Invasores,1017851,2021-09-17,41.89221,3.19718,Sarah Agust ,2021-10-05 12:56:06+00:00,2025-10-20 12:10:51.977726+00:00,Yes,Fotografia excel·lent,Yes,Caulerpa cylindracea,SarahAgust_Caulerpa-cylindracea_637690353667288493.webp,cobreix una taca de 1 metre quadrat,María García González ,"Gràcies per la observació, s'està expandint per les cales de Begur i del Cap de Creus. Tot i que sigui una petita taca, els estolons estan molt entortolligats. A veure com evoluciona ",https://www.observadoresdelmar.es/Observations/1017851,Rocks,7,,Algae
Algues Invasores,1017903,2021-09-18,42.25087,3.22941,David Alonso,2021-10-14 11:54:33+00:00,2025-10-20 12:07:21.655073+00:00,Yes,Espècie exòtica o invasiva,Yes,Caulerpa cylindracea,DavidAlonso_Caulerpa-cylindracea_637698092734634809.webp,,María García González ,"¡Gracias David! Esta especie está colonizando diferentes calas en las inmediaciones del Cap de Creus, incluso se ha reportado dentro de la zona del parque... a ver si hay suerte y no muestra características tan agresivas como en otras áreas",https://www.observadoresdelmar.es/Observations/1017903,Sand,2,,Algae
Algues Invasores,1017904,2021-09-17,41.67592,2.80438,David Alonso,2021-10-14 12:05:16+00:00,2021-10-14 12:05:16+00:00,No,No destacada,Yes,Caulerpa cylindracea,,,María García González ,,https://www.observadoresdelmar.es/Observations/1017904,Sand,2,,
Algues Invasores,1017905,2021-09-17,41.68668,2.81832,David Alonso,2021-10-14 12:06:12+00:00,2021-10-14 12:06:12+00:00,No,No destacada,Yes,Caulerpa cylindracea,,,María García González ,,https://www.observadoresdelmar.es/Observations/1017905,Sand,1,,
Algues Invasores,1018093,2021-09-12,39.8692,4.1315,Teresa ,2021-11-09 20:21:22+00:00,2025-10-20 12:11:26.881217+00:00,No,No destacada,Yes,Asparagopsis taxiformis,Teresa_Asparagopsis-taxiformis_637720860824230486.webp,,,,https://www.observadoresdelmar.es/Observations/1018093,Rocks,1,,
Algues Invasores,1018094,2021-05-01,36.00748,-5.60869,Irene Wagner D ,2021-11-09 20:55:18+00:00,2025-10-20 12:11:18.723070+00:00,No,No destacada,No,Rugulopteryx okamurae,IreneWagnerD_Rugulopteryx-okamurae_637720881181927395.webp,,,,https://www.observadoresdelmar.es/Observations/1018094,Sand,,,
Algues Invasores,1018095,2021-05-01,36.00759,-5.60878,Irene Wagner D ,2021-11-09 22:31:07+00:00,2025-10-20 12:12:07.327238+00:00,No,No destacada,Yes,Rugulopteryx okamurae,IreneWagnerD_Rugulopteryx-okamurae_637720938673049405.webp,,,,https://www.observadoresdelmar.es/Observations/1018095,Rocks,,,
Algues Invasores,1018129,2021-11-09,36.81332,-2.56109,Alejandra Pérez Obs Centinela Almería,2021-11-17 18:51:44+00:00,2025-10-20 12:07:01.022424+00:00,No,No destacada,Yes,Rugulopteryx okamurae,AlejandraPérezObsCentinelaAlmería_Rugulopteryx-okamurae_637727719042604774.webp,"A lo largo de la escollera del puerto de Aguadulce, por la parte externa, Rugulopterix se encuentra en cantidad importante. Si bien la foto esta tomada a 6/7 metros, hace un mes la  hemos visto en 1 y 2m",,,https://www.observadoresdelmar.es/Observations/1018129,Rocks,7,100,Phanerogamae
Algues Invasores,1018154,2021-11-20,39.85429,2.78863,José Félix García Granadal,2021-11-21 15:07:38+00:00,2025-10-20 12:10:04.536965+00:00,No,No destacada,No,Stypopodium schimperi,JoséFélixGarcíaGranadal_Stypopodium-schimperi_637731040589008220.webp,"Había una extensión bastante larga, a lo largo de una cavidad en la roca. ",Fiona Tomas Nash,,https://www.observadoresdelmar.es/Observations/1018154,Rocks,14,,
Algues Invasores,1018172,2021-11-22,39.54478,3.35272,Iris Hendriks,2021-11-22 22:51:25+00:00,2025-10-20 12:11:19.439756+00:00,No,No destacada,No,Womersleyella setacea,IrisHendriks_Womersleyella-setacea_637732182854786331.webp,"Hola! Me parece que es Womersleyella pero no soy la experta, a ver si podeis evaluarlo con la foto. Esta en Porto Cristo, al lado de mis colectores. cubría parches de roca horizontal. Ya me decís!
un abrazo,
Iris",Fiona Tomas Nash,,https://www.observadoresdelmar.es/Observations/1018172,Rocks,12,,
Algues Invasores,1018325,2022-01-18,41.19734,1.67287,Pablo  Ruiz ,2022-01-18 13:48:11+00:00,2025-10-20 12:11:43.880184+00:00,No,No destacada,Yes,Caulerpa cylindracea,PabloRuiz_Caulerpa-cylindracea_637781104909216956.webp,Me ha parecido de un tamaño significativo para la época invernal en la que estamos.,María García González ,,https://www.observadoresdelmar.es/Observations/1018325,Rocks,5,,Phanerogamae
Algues Invasores,1018326,2022-01-18,41.19737,1.6729,Pablo  Ruiz ,2022-01-18 13:49:09+00:00,2025-10-20 12:11:43.558296+00:00,No,No destacada,Yes,Caulerpa cylindracea,PabloRuiz_Caulerpa-cylindracea_637781105495967239.webp,,María García González ,,https://www.observadoresdelmar.es/Observations/1018326,Rocks,,,Phanerogamae
Algues Invasores,1018342,2021-12-23,35.12758,-2.76982,Atik RAJA ,2022-01-19 13:07:49+00:00,2025-10-20 12:11:19.487961+00:00,No,No destacada,No,,AtikRAJA_Ulva-lactuca_637781944695326335.webp,,Fiona Tomas Nash,,https://www.observadoresdelmar.es/Observations/1018342,Sand,,,
Algues Invasores,1018343,2021-08-09,35.42095,-2.9548,Atik RAJA ,2022-01-19 13:13:29+00:00,2025-10-20 12:11:19.535354+00:00,No,No destacada,No,Caulerpa cylindracea,AtikRAJA_Caulerpa-cylindracea_637781948096300426.webp,,Fiona Tomas Nash,,https://www.observadoresdelmar.es/Observations/1018343,Rocks,,,
Algues Invasores,1018394,2022-01-27,39.8409,4.29841,Marina Bolaños ,2022-01-28 14:27:58+00:00,2025-10-20 12:11:46.968937+00:00,No,No destacada,Yes,Asparagopsis taxiformis,MarinaBolaños_Asparagopsis-taxiformis_637789768786331606.webp,,,,https://www.observadoresdelmar.es/Observations/1018394,Rocks,1,10,
Algues Invasores,1018407,2022-01-30,39.3725,3.23357,Antònia Manresa ,2022-02-01 17:17:40+00:00,2025-10-20 12:12:25.893337+00:00,No,No destacada,Yes,Asparagopsis armata,AntAdrover_Asparagopsis-armata_637793326606255408.webp,Vaig compartir la imatge per instaurar i vos vaig etiquetar. Me vareu contestar que es Aquesta espècie i que anotés aquí l’observació. ,Fiona Tomas Nash,,https://www.observadoresdelmar.es/Observations/1018407,Rocks,,,
Algues Invasores,1018408,2022-01-22,39.36351,3.21076,Antònia Manresa ,2022-02-01 17:17:41+00:00,2025-10-20 12:12:27.472289+00:00,No,No destacada,Yes,Asparagopsis armata,AntAdrover_Asparagopsis-armata_637793326611572557.webp,,Fiona Tomas Nash,,https://www.observadoresdelmar.es/Observations/1018408,Rocks,,,
Algues Invasores,1018521,2022-02-03,39.374222,3.241013,Ivan Ruiz Llobera ,2022-02-12 18:26:33+00:00,2025-10-20 12:10:00.484856+00:00,No,No destacada,Yes,Asparagopsis taxiformis,IvanRuizLlobera_Asparagopsis-taxiformis_637802871937379086.webp,,Fiona Tomas Nash,,https://www.observadoresdelmar.es/Observations/1018521,Rocks,14,,
Algues Invasores,1018664,2021-09-05,40.85761,0.77059,Berta Companys  Oliva ,2022-03-21 19:21:55+00:00,2025-10-20 12:12:06.607107+00:00,No,No destacada,Yes,Caulerpa cylindracea,BertaCompanysOliva_Caulerpa-cylindracea_637834873155214369.webp,"Estaba en una roca, recubriendo ""Padina pavonica"", ""Corallina elongata"" y algas que no sé identificar",Fiona Tomas Nash,,https://www.observadoresdelmar.es/Observations/1018664,Rocks,2,,
Algues Invasores,1018665,2021-09-05,40.85761,0.77059,Berta Companys  Oliva ,2022-03-21 19:21:56+00:00,2025-10-20 12:11:42.022496+00:00,No,No destacada,Yes,Caulerpa cylindracea,BertaCompanysOliva_Caulerpa-cylindracea_637834873160844567.webp,Misma zona que la anterior imàgen,Fiona Tomas Nash,,https://www.observadoresdelmar.es/Observations/1018665,Rocks,2,,Algae
Algues Invasores,1018765,2021-10-23,36.81116,-2.56583,Alejandra Pérez Obs Centinela Almería,2022-04-18 20:06:45+00:00,2025-10-20 12:11:26.374542+00:00,No,No destacada,Yes,Lophocladia lallemandii,AlejandraPérezObsCentinelaAlmería_Lophocladia-lallemandii_637859092055597190.webp,No estoy segura de que sea Lophocladia pero estaba recubriendo todas las Posidonias.Tengo vídeos y otras fotos por si hace falta para identificarla,Fiona Tomas Nash,,https://www.observadoresdelmar.es/Observations/1018765,Seagrass meadow,10,100,Phanerogamae
Algues Invasores,1018766,2021-09-25,36.81388,-2.56029,Alejandra Pérez Obs Centinela Almería,2022-04-18 20:11:44+00:00,2025-10-20 12:11:27.429686+00:00,No,No destacada,Yes,Rugulopteryx okamurae,AlejandraPérezObsCentinelaAlmería_Rugulopteryx-okamurae_637859095047297658.webp,Este morfotipo grueso recubre todas las rocas desde casi la superficie hasta los 6 metros. Esta recubriendo la escollera externa del Puerto Deportivo de Aguadulce,María García González ,,https://www.observadoresdelmar.es/Observations/1018766,Rocks,2,100,
Algues Invasores,1018775,2021-06-30,36.81178,-2.56622,Alejandra Pérez Obs Centinela Almería,2022-04-19 14:10:05+00:00,2025-10-20 12:11:39.410200+00:00,No,No destacada,Yes,Rugulopteryx okamurae,AlejandraPérezObsCentinelaAlmería_Rugulopteryx-okamurae_637859742052179173.webp,En Junio todavía podíamos detectar claramente el morfotipo grueso. Sabemos que no es dictyota ya que la hemos probado y picaba. Estaba sobre los rizomas principalmente aunque un par las hemos visto utilizando directamente la hoja como sustr,María García González ,,https://www.observadoresdelmar.es/Observations/1018775,Seagrass meadow,4,100,Phanerogamae
Algues Invasores,1018794,2022-04-15,37.53446,-1.13909,Berta Companys  Oliva ,2022-04-25 15:47:21+00:00,2025-10-20 12:07:00.543985+00:00,No,No destacada,Yes,Caulerpa cylindracea,BertaCompanysOliva_Caulerpa-cylindracea_637864984413945160.webp,"Estaba justo al lado de la boia de fondeo, recubriendo parte de la cobertura vegetal que había en la roca. ",Laura Royo Marí,,https://www.observadoresdelmar.es/Observations/1018794,Rocks,12,,Algae
Algues Invasores,1018795,2022-04-15,37.53446,-1.13909,Berta Companys  Oliva ,2022-04-25 15:47:22+00:00,2025-10-20 12:07:01.557485+00:00,No,No destacada,Yes,Caulerpa cylindracea,BertaCompanysOliva_Caulerpa-cylindracea_637864984421154895.webp,,Laura Royo Marí,,https://www.observadoresdelmar.es/Observations/1018795,Rocks,12,,Algae
Algues Invasores,1018805,2022-04-29,41.19733,1.67285,Pablo  Ruiz ,2022-04-29 13:35:19+00:00,2025-10-20 12:11:42.439394+00:00,Yes,Espècie exòtica o invasiva,Yes,Caulerpa cylindracea,PabloRuiz_Caulerpa-cylindracea_637868361190433679.webp,,Laura Royo Marí,,https://www.observadoresdelmar.es/Observations/1018805,Rocks,,6,Phanerogamae
Algues Invasores,1018806,2022-04-29,41.19726,1.67282,Pablo  Ruiz ,2022-04-29 13:36:13+00:00,2025-10-20 12:12:11.450259+00:00,Yes,Espècie exòtica o invasiva,Yes,Caulerpa cylindracea,PabloRuiz_Caulerpa-cylindracea_637868361730786272.webp,,Laura Royo Marí,,https://www.observadoresdelmar.es/Observations/1018806,Rocks,,6,
Algues Invasores,1018916,2022-05-28,39.53245,2.57606,Lydia Png ,2022-05-30 11:03:42+00:00,2025-10-20 12:12:19.251205+00:00,No,No destacada,Yes,Caulerpa cylindracea,LydiaPng_Caulerpa-cylindracea_637895054227417777.webp,,Fiona Tomas Nash,,https://www.observadoresdelmar.es/Observations/1018916,Rocks,4,,
Algues Invasores,1018917,2022-05-28,39.53191,2.57585,Lydia Png ,2022-05-30 11:04:48+00:00,2025-10-20 12:10:08.113861+00:00,No,No destacada,No,,LydiaPng_Lophocladia-lallemandii_637895054880066456.webp,,Fiona Tomas Nash,,https://www.observadoresdelmar.es/Observations/1018917,,4,,
Algues Invasores,1018920,2022-05-31,37.18239,-1.78625,Ana Melgarejo  Jim,2022-05-31 12:38:45+00:00,2025-10-20 12:11:01.510346+00:00,No,No destacada,No,Rugulopteryx okamurae,AnaMelgarejoJim_Rugulopteryx-okamurae_637895975259142416.webp,,María García González ,,https://www.observadoresdelmar.es/Observations/1018920,,,,
Algues Invasores,1018963,2022-06-04,39.57916,2.35468,Ana Ruiz Segura,2022-06-04 13:08:24+00:00,2025-10-20 12:10:21.210662+00:00,No,No destacada,Yes,Asparagopsis taxiformis,AnaRuizSegura_637899449049023706.webp,,Fiona Tomas Nash,,https://www.observadoresdelmar.es/Observations/1018963,Rocks,2,7,
Algues Invasores,1018968,2022-06-04,39.58658,2.3269,Liberto del Buen Pastor Santana Garcia,2022-06-04 20:39:43+00:00,2025-10-20 12:12:25.700146+00:00,No,No destacada,Yes,Asparagopsis taxiformis,LibertodelBuenPastorSantanaGarcia_Asparagopsis-taxiformis_637899719835646771.webp,,Fiona Tomas Nash,,https://www.observadoresdelmar.es/Observations/1018968,Rocks,1,5,
Algues Invasores,1018992,2022-06-10,38.63727,15.10943,Jordi Boada,2022-06-12 00:24:54+00:00,2025-10-20 12:12:26.313987+00:00,No,No destacada,Yes,Caulerpa cylindracea,JordiBoada_Caulerpa-cylindracea_637905902943299460.webp,,Fiona Tomas Nash,,https://www.observadoresdelmar.es/Observations/1018992,Rocks,7,,
Algues Invasores,1019003,2022-06-15,41.19795,1.67294,Pablo  Ruiz ,2022-06-15 15:18:30+00:00,2025-10-20 12:11:46.447852+00:00,No,No destacada,Yes,Caulerpa cylindracea,PabloRuiz_Caulerpa-cylindracea_637909031104881873.webp,Ha colonizado esta zona que el año pasado esta exenta,María García González ,,https://www.observadoresdelmar.es/Observations/1019003,Sand,,,Phanerogamae
Algues Invasores,1019004,2022-06-15,41.19803,1.67278,Pablo  Ruiz ,2022-06-15 15:20:51+00:00,2025-10-20 12:11:46.100059+00:00,No,No destacada,Yes,Caulerpa cylindracea,PabloRuiz_Caulerpa-cylindracea_637909032511393626.webp,,María García González ,,https://www.observadoresdelmar.es/Observations/1019004,Rocks,,4,Phanerogamae
Algues Invasores,1019043,2022-05-21,38.35319,-0.42133,Jose Juan Espa ,2022-06-27 10:04:16+00:00,2022-06-27 10:04:16+00:00,No,No destacada,No,Caulerpa cylindracea,,,,,https://www.observadoresdelmar.es/Observations/1019043,Rocks,,4,
Algues Invasores,1019044,2022-05-21,38.35319,-0.42133,Jose Juan Espa ,2022-06-27 10:04:16+00:00,2022-06-27 10:04:16+00:00,No,No destacada,No,Caulerpa cylindracea,,,,,https://www.observadoresdelmar.es/Observations/1019044,Rocks,,1,
Algues Invasores,1019045,2022-05-21,38.35319,-0.42133,Jose Juan Espa ,2022-06-27 10:04:17+00:00,2022-06-27 10:04:17+00:00,No,No destacada,No,Caulerpa cylindracea,,,,,https://www.observadoresdelmar.es/Observations/1019045,Rocks,,3,
Algues Invasores,1019047,2022-05-21,38.35319,-0.42133,Jose Juan Espa ,2022-06-27 10:04:18+00:00,2022-06-27 10:04:18+00:00,No,No destacada,No,Caulerpa cylindracea,,,,,https://www.observadoresdelmar.es/Observations/1019047,Rocks,,6,
Algues Invasores,1019046,2022-05-21,38.35319,-0.42133,Jose Juan Espa ,2022-06-27 10:04:18+00:00,2022-06-27 10:04:18+00:00,No,No destacada,No,Caulerpa cylindracea,,,,,https://www.observadoresdelmar.es/Observations/1019046,Rocks,,4,
Algues Invasores,1019048,2022-05-21,38.35319,-0.42133,Jose Juan Espa ,2022-06-27 10:04:19+00:00,2022-06-27 10:04:19+00:00,No,No destacada,No,Caulerpa cylindracea,,,,,https://www.observadoresdelmar.es/Observations/1019048,Rocks,,5,
Algues Invasores,1019050,2022-05-21,38.35319,-0.42133,Jose Juan Espa ,2022-06-27 10:04:20+00:00,2022-06-27 10:04:20+00:00,No,No destacada,No,Caulerpa cylindracea,,,,,https://www.observadoresdelmar.es/Observations/1019050,Rocks,,9,
Algues Invasores,1019049,2022-05-21,38.35319,-0.42133,Jose Juan Espa ,2022-06-27 10:04:20+00:00,2022-06-27 10:04:20+00:00,No,No destacada,No,Caulerpa cylindracea,,,,,https://www.observadoresdelmar.es/Observations/1019049,Rocks,,8,
Algues Invasores,1019052,2022-05-21,38.35319,-0.42133,Jose Juan Espa ,2022-06-27 10:04:21+00:00,2022-06-27 10:04:21+00:00,No,No destacada,Yes,Caulerpa cylindracea,,,María García González ,,https://www.observadoresdelmar.es/Observations/1019052,Rocks,,4,
Algues Invasores,1019051,2022-05-21,38.35319,-0.42133,Jose Juan Espa ,2022-06-27 10:04:21+00:00,2022-06-27 10:04:21+00:00,No,No destacada,No,Caulerpa cylindracea,,,María García González ,,https://www.observadoresdelmar.es/Observations/1019051,Rocks,,1,
Algues Invasores,1019053,2022-05-21,38.35319,-0.42133,Jose Juan Espa ,2022-06-27 10:04:22+00:00,2022-06-27 10:04:22+00:00,No,No destacada,No,Caulerpa cylindracea,,,María García González ,,https://www.observadoresdelmar.es/Observations/1019053,Rocks,,2,
Algues Invasores,1019055,2022-06-25,39.92463,3.1445,Beatriz Torres Hansjosten ,2022-06-27 11:30:26+00:00,2025-10-20 12:11:47.566670+00:00,No,No destacada,Yes,,BeatrizTorresHansjosten_Caulerpa-racemosa_637919262263098867.webp,,Fiona Tomas Nash,,https://www.observadoresdelmar.es/Observations/1019055,Rocks,1,,Algae
Algues Invasores,1019056,2022-06-25,39.92485,3.14435,Beatriz Torres Hansjosten ,2022-06-27 13:14:05+00:00,2025-10-20 12:09:35.278752+00:00,No,No destacada,Yes,,BeatrizTorresHansjosten_Caulerpa-raceamosa_637919324454580958.webp,,Fiona Tomas Nash,,https://www.observadoresdelmar.es/Observations/1019056,Rocks,1,,Algae
Algues Invasores,1019091,2022-07-03,42.06068,3.21338,Ma  ,2022-07-03 20:46:30+00:00,2022-07-03 20:46:30+00:00,No,No destacada,No,Caulerpa cylindracea,,"1m² patch of Caulerpa cylindracea, on the cliff, next to the diving centers buoys.",Ma  ,,https://www.observadoresdelmar.es/Observations/1019091,Rocks,14,10,
Algues Invasores,1019136,2022-07-12,41.19788,1.67289,Pablo  Ruiz ,2022-07-12 19:22:23+00:00,2025-10-20 12:12:30.020655+00:00,No,No destacada,Yes,Caulerpa cylindracea,PabloRuiz_Caulerpa-cylindracea_637932505431951988.webp,Brotes de Caulerpa prácticamente cubiertos por mucílagos de ostreopsis.,Fiona Tomas Nash,,https://www.observadoresdelmar.es/Observations/1019136,Rocks,,5,
Algues Invasores,1019137,2022-07-02,42.06061,3.2135,Ma  ,2022-07-13 14:38:40+00:00,2022-07-13 14:38:40+00:00,No,No destacada,No,,,"Patch de 1m², a 14m de profundidad, en la pared cerca de la boia de los centros de buceo",María García González ,,https://www.observadoresdelmar.es/Observations/1019137,,14,,
Algues Invasores,1019153,2022-07-15,41.19797,1.67289,Pablo  Ruiz ,2022-07-15 14:26:05+00:00,2025-10-20 12:11:48.980460+00:00,No,No destacada,Yes,Caulerpa cylindracea,PabloRuiz_Caulerpa-cylindracea_637934919650494027.webp,rodeada de mucílago de ostreópsis.,Fiona Tomas Nash,,https://www.observadoresdelmar.es/Observations/1019153,Rocks,,3,Phanerogamae
Algues Invasores,1019154,2022-07-14,42.24091,3.20428,Daniel Puerto Mart,2022-07-16 12:02:07+00:00,2025-10-20 12:10:26.097682+00:00,No,No destacada,Yes,Caulerpa cylindracea,DanielPuertoMart_Caulerpa-cylindracea_637935697274521642.webp,,Fiona Tomas Nash,,https://www.observadoresdelmar.es/Observations/1019154,Seagrass meadow,2,,
Algues Invasores,1019172,2022-08-03,39.69566,3.45508,CC Champion Campbell ,2022-08-04 00:59:00+00:00,2025-10-20 12:11:50.222317+00:00,No,No destacada,Yes,,CCChampionCampbell_Caulerpa-cylindracea_637951715408818037.webp,"it seemed to be spreading like a vine, I have seen a small amount last year at cala gat, but this seemed far more pervasive [small in stature but taking a foot hold]",Fiona Tomas Nash,,https://www.observadoresdelmar.es/Observations/1019172,,1,15,Algae
Algues Invasores,1019196,2022-07-21,42.28301,3.28869,Mercedes Zendrera Zariquiey,2022-08-04 22:12:45+00:00,2025-10-20 12:12:57.059905+00:00,No,No destacada,Yes,Caulerpa cylindracea,MercedesZendreraZariquiey_Caulerpa-cylindracea_637952479649883633.webp,"Espacio ocupado por la Caulerpa cylindracea de apenas 1 m2, a 2 metros de profundidad, por lo que sería posible su extracción. No hay más en toda la playa. Está en una zona de frecuente fondeo de barcas.",Fiona Tomas Nash,,https://www.observadoresdelmar.es/Observations/1019196,,2,,Algae
Algues Invasores,1019198,2022-08-04,39.53259,2.45808,Jonatan Delgado ,2022-08-04 22:33:43+00:00,2025-10-20 12:10:33.749070+00:00,No,No destacada,No,Halimeda incrassata,JonatanDelgado_Halimeda-incrassata_637952492234424137.webp,,Fiona Tomas Nash,,https://www.observadoresdelmar.es/Observations/1019198,Rocks,1,1,
Algues Invasores,1019245,2022-07-22,42.24492,3.24496,Albert Compaña Sabrià ,2022-08-05 11:08:25+00:00,2025-10-20 12:12:58.116029+00:00,No,No destacada,Yes,Caulerpa cylindracea,AlbertCompañaSabrià_Caulerpa-cylindracea_637952945056990457.webp,Trobat en una xarxa de pesca artesanal. Ubicació aproximada de la calada.,Fiona Tomas Nash,,https://www.observadoresdelmar.es/Observations/1019245,,20,,
Algues Invasores,1019333,2022-08-08,36.81462,-2.55878,Alejandra Pérez Obs Centinela Almería,2022-08-08 22:21:52+00:00,2025-10-20 12:12:34.490035+00:00,No,No destacada,Yes,Rugulopteryx okamurae,AlejandraPérezObsCentinelaAlmería_Rugulopteryx-okamurae_637955941123429905.webp,"Ha habido una reducción en la cobertura sobre las rocas del espigón del PUerto de Aguadulce. La foto la tomamos ya fuera del agua porque nos llamó la atención la cantidad de epífitos en el fronde, especialmente en la parte superior. ",María García González ,,https://www.observadoresdelmar.es/Observations/1019333,Rocks,3,,
Algues Invasores,1019353,2022-08-09,38.9832,1.29347,Salvadores BADIA  De Portmany ,2022-08-11 02:19:23+00:00,2025-10-20 12:12:40.745857+00:00,No,No destacada,No,,SalvadoresBADIADePortmany_Lophocladia-lallemandii_637957811631378360.webp,,,,https://www.observadoresdelmar.es/Observations/1019353,Rocks,,5,Algae
Algues Invasores,1019356,2022-07-11,39.28913,3.02969,Jonatan Delgado ,2022-08-11 11:33:32+00:00,2025-10-20 12:12:58.637062+00:00,No,No destacada,Yes,Halimeda incrassata,JonatanDelgado_Halimeda-incrassata_637958144128050545.webp,,Fiona Tomas Nash,,https://www.observadoresdelmar.es/Observations/1019356,,4,5,
Algues Invasores,1019385,2022-08-13,39.68165,3.45548,CC Champion Campbell ,2022-08-14 03:23:47+00:00,2025-10-20 12:11:56.208869+00:00,No,No destacada,Yes,Caulerpa cylindracea,CCChampionCampbell_Caulerpa-cylindracea_637960442274540540.webp,"very happy for feed back, just seems to be getting established. not a heavy presence in this cove. ",Fiona Tomas Nash,,https://www.observadoresdelmar.es/Observations/1019385,Rocks,1,10,Algae
Algues Invasores,1019407,2022-08-07,39.69319,3.45422,CC Champion Campbell ,2022-08-15 20:51:56+00:00,2025-10-20 12:11:15.230828+00:00,No,No destacada,No,Codium fragile subsp. fragile,CCChampionCampbell_Codium-fragile-sp.-fragile_637961935159047946.webp,not an over whelming presence. but here non the less. ,Fiona Tomas Nash,,https://www.observadoresdelmar.es/Observations/1019407,Rocks,2,6,Phanerogamae
Algues Invasores,1019408,2022-08-13,39.68191,3.45633,CC Champion Campbell ,2022-08-16 00:23:35+00:00,2025-10-20 12:10:43.147072+00:00,No,No destacada,No,Acrothamnion preissii,CCChampionCampbell_Acrothamnion-preissii_637962062156053172.webp,this species is thriving in this cove. from last year to this there is a marked increase in the area. ,,,https://www.observadoresdelmar.es/Observations/1019408,Rocks,2,100,Phanerogamae
Algues Invasores,1019410,2022-08-16,39.50672,2.53592,Biel ,2022-08-16 13:48:35+00:00,2025-10-20 12:11:29.543329+00:00,No,No destacada,Yes,Halimeda incrassata,Biel_Halimeda-incrassata_637962545150222659.webp,,Fiona Tomas Nash,,https://www.observadoresdelmar.es/Observations/1019410,Sand,3,,
Algues Invasores,1019421,2022-07-26,36.56601,-4.59678,Cristina Olivares Collado ,2022-08-17 15:53:28+00:00,2025-10-20 12:12:48.122978+00:00,No,No destacada,Yes,Rugulopteryx okamurae,CristinaOlivares_Rugulopteryx-okamurae_637963484085448813.webp,Había muchas algas de este tipo flotando en el agua y en la orilla durante varios días. También podría ser del género Dictyota pero no sé diferenciarlas.,,,https://www.observadoresdelmar.es/Observations/1019421,,,,
Algues Invasores,1019422,2022-07-26,36.56627,-4.59654,Cristina Olivares Collado ,2022-08-17 16:09:21+00:00,2025-10-20 12:10:54.935192+00:00,No,No destacada,Yes,Asparagopsis taxiformis,CristinaOlivares_Asparagopsis-taxiformis_637963493618898401.webp,Estaba flotando en la orilla con muchas más algas de otro tipo.,Fiona Tomas Nash,,https://www.observadoresdelmar.es/Observations/1019422,,,,
Algues Invasores,1019429,2022-08-01,42.2397919,3.22596,Boris weitzmann ,2022-08-17 19:27:09+00:00,2025-10-20 10:50:15.924090+00:00,No,No destacada,Yes,Caulerpa cylindracea,Borisweitzmann_Caulerpa-cylindracea_637963612290018172.webp,,Fiona Tomas Nash,,https://www.observadoresdelmar.es/Observations/1019429,Rocks,1,1,Algae
Algues Invasores,1019430,2022-08-15,42.10523,3.18097,Boris weitzmann ,2022-08-17 19:29:16+00:00,2025-10-20 12:11:30.820863+00:00,No,No destacada,Yes,Caulerpa cylindracea,Borisweitzmann_Caulerpa-cylindracea_637963613562829670.webp,"alta densidad
0,5m cuadrados",Fiona Tomas Nash,,https://www.observadoresdelmar.es/Observations/1019430,Rocks,18,4,"Algae,Live animals"
Algues Invasores,1019435,2022-08-06,39.58783,2.32918,Raquel Vaquer Sunyer,2022-08-18 16:34:01+00:00,2025-10-20 12:07:20.611724+00:00,No,No destacada,Yes,Caulerpa cylindracea,RaquelVaquerSunyer_Caulerpa-cylindracea_637964372412372671.webp,"La fondària eren uns 0,5m i molt poc abundant",Fiona Tomas Nash,,https://www.observadoresdelmar.es/Observations/1019435,Rocks,,,Algae
Algues Invasores,1019436,2022-07-28,39.70865,3.47514,Raquel Vaquer Sunyer,2022-08-18 17:12:47+00:00,2025-10-20 12:12:24.619152+00:00,No,No destacada,Yes,Asparagopsis taxiformis,RaquelVaquerSunyer_Asparagopsis-taxiformis_637964395671493126.webp,"No estic segura de quina espècie d'Asparagopsis és.
Poc abundant",Fiona Tomas Nash,,https://www.observadoresdelmar.es/Observations/1019436,Rocks,13,,
Algues Invasores,1019437,2022-07-28,39.70864,3.47526,Raquel Vaquer Sunyer,2022-08-18 17:19:30+00:00,2025-10-20 12:11:31.382285+00:00,No,No destacada,Yes,Caulerpa cylindracea,RaquelVaquerSunyer_Caulerpa-cylindracea_637964399708467112.webp,,Fiona Tomas Nash,,https://www.observadoresdelmar.es/Observations/1019437,Rocks,13,,Algae
Algues Invasores,1019439,2022-08-18,39.30617,3.01553,Biel ,2022-08-19 15:16:44+00:00,2025-10-20 12:11:33.839046+00:00,No,No destacada,Yes,Halimeda incrassata,Biel_Halimeda-incrassata_637965190041638634.webp,,Fiona Tomas Nash,,https://www.observadoresdelmar.es/Observations/1019439,Sand,1,,
Algues Invasores,1019492,2022-07-14,39.1791801,-0.22934,Mario Rodr ,2022-08-22 16:25:59+00:00,2025-10-20 10:50:40.088339+00:00,No,No destacada,No,Womersleyella setacea,MarioRodr_Womersleyella-setacea_637967823591889662.webp,,María García González ,,https://www.observadoresdelmar.es/Observations/1019492,,,,
Algues Invasores,1019511,2022-07-22,39.47624,2.72207,Raquel Vaquer Sunyer,2022-08-23 16:10:55+00:00,2025-10-20 12:05:18.417204+00:00,No,No destacada,Yes,Caulerpa cylindracea,RaquelVaquerSunyer_Caulerpa-cylindracea_637968678552065453.webp,"Estava a uns 0,2 metres de fondària",Fiona Tomas Nash,,https://www.observadoresdelmar.es/Observations/1019511,Rocks,,,Algae
Algues Invasores,1019571,2022-08-28,42.3201,3.3311, ,2022-08-29 12:46:07+00:00,2025-10-20 12:11:11.261833+00:00,No,No destacada,No,,_637973739679479877.webp,"Parece algun tipo de Cianobacteria, no agarra a la roca, pero se ven algunos individuos de esponjas afectados. Parece como si corroe la parte superficial de la esponja, luego las Coris Julis i Diplodus Sargo se comen el resto del animal",María García González ,,https://www.observadoresdelmar.es/Observations/1019571,Rocks,5,,Live animals
Algues Invasores,1019598,2022-08-30,40.03596,4.17141,Teresa ,2022-08-31 15:05:28+00:00,2025-10-20 12:11:10.544276+00:00,No,No destacada,No,,Teresa_Lophocladia-lallemandii_637975551287902177.webp,,Fiona Tomas Nash,,https://www.observadoresdelmar.es/Observations/1019598,,3,,
Algues Invasores,1019634,2022-08-20,39.94374,3.18926,Jordi Boada,2022-09-02 14:33:32+00:00,2025-10-20 12:05:57.928031+00:00,No,No destacada,Yes,Lophocladia lallemandii,JordiBoada_Lophocladia-lallemandii_637977260120129838.webp,Diverses taques denses entre els 0.5 i els 4m de prof. Paret de roca vertical.,María García González ,,https://www.observadoresdelmar.es/Observations/1019634,Rocks,1,5,Algae
Algues Invasores,1019635,2022-08-30,43.69557,7.32622,Jordi Boada,2022-09-02 14:33:32+00:00,2025-10-20 12:06:33.350511+00:00,No,No destacada,Yes,Caulerpa taxifolia,JordiBoada_Caulerpa-taxifolia_637977260129212293.webp,Petites mates aparentment en molt bon estat sobre mata morta de posidonia principalment. Entre els 0.5 i els 6m,María García González ,,https://www.observadoresdelmar.es/Observations/1019635,Seagrass meadow,2,5,Phanerogamae
Algues Invasores,1019636,2022-08-30,43.69557,7.32622,Jordi Boada,2022-09-02 14:33:33+00:00,2025-10-20 12:11:35.688903+00:00,No,No destacada,Yes,Caulerpa cylindracea,JordiBoada_Caulerpa-cylindracea_637977260138715360.webp,"Abundant pero poc frondosa recobrint fons sorrencs, de roca i de mata de posidonia morta. ",María García González ,,https://www.observadoresdelmar.es/Observations/1019636,Seagrass meadow,2,10,Phanerogamae
Algues Invasores,1019654,2022-08-18,39.81619,4.2425,Meri  Garcia,2022-09-04 10:43:37+00:00,2025-10-20 12:11:35.793144+00:00,No,No destacada,Yes,Asparagopsis taxiformis,MeriGarcia_Asparagopsis-taxiformis_637978850172670208.webp,,María García González ,,https://www.observadoresdelmar.es/Observations/1019654,Rocks,7,10,
Algues Invasores,1019657,2022-08-30,36.09946,-5.44183,Cristina Olivares Collado ,2022-09-04 20:50:35+00:00,2025-10-20 12:12:47.735976+00:00,No,No destacada,Yes,Rugulopteryx okamurae,CristinaOlivares_Rugulopteryx-okamurae_637979214349426651.webp,,,,https://www.observadoresdelmar.es/Observations/1019657,,,,
Algues Invasores,1019663,2022-09-04,39.72922,3.45685,CC Champion Campbell ,2022-09-05 07:18:57+00:00,2025-10-20 12:10:50.281002+00:00,No,No destacada,No,Codium fragile subsp. fragile,CCChampionCampbell_Codium-fragile-sp.-fragile_637979591372341890.webp,"not in great abundance, but present.",Fiona Tomas Nash,,https://www.observadoresdelmar.es/Observations/1019663,Rocks,2,3,
Algues Invasores,1019664,2022-09-04,39.72917,3.45553,CC Champion Campbell ,2022-09-05 07:30:44+00:00,2025-10-20 12:05:56.689501+00:00,No,No destacada,Yes,Caulerpa cylindracea,CCChampionCampbell_Caulerpa-cylindracea_637979598449427218.webp,"bearly there, didn't notice much",María García González ,,https://www.observadoresdelmar.es/Observations/1019664,Rocks,1,1,
Algues Invasores,1019739,2022-09-10,39.54501,2.62155,José Félix García Granadal,2022-09-10 18:35:21+00:00,2025-10-20 12:10:04.046129+00:00,No,No destacada,No,,JoséFélixGarcíaGranadal_Penicillus-pyriformis_637984317213138421.webp,"Hola, me ha llamado la atención este alga, no lo había visto nunca o no me había fijado nunca. 
No se si se trata de un alga extraña en la zona o por lo contrario es un alga común. Pero envío observación por si a caso. 
Muchas gracias! ",Fiona Tomas Nash,,https://www.observadoresdelmar.es/Observations/1019739,Rocks,12,500,
Algues Invasores,1019781,2022-07-30,39.69989,3.45563,CC Champion Campbell ,2022-09-15 18:39:24+00:00,2025-10-20 12:12:59.168094+00:00,No,No destacada,Yes,Lophocladia lallemandii,CCChampionCampbell_Lophocladia-lallemandii_637988639648024233.webp,"just floating into the bay, there are other bays nearby with it having taken hold on the rocks",Fiona Tomas Nash,,https://www.observadoresdelmar.es/Observations/1019781,,1,4,
Algues Invasores,1019785,2013-07-03,40.05553,4.05407,Antoni Pou Baró,2022-09-17 22:39:16+00:00,2025-10-20 12:05:56.558047+00:00,No,No destacada,Yes,Caulerpa cylindracea,AntoniPouBaró_Caulerpa-cylindracea_637990511561907071.webp,,María García González ,,https://www.observadoresdelmar.es/Observations/1019785,Rocks,1,,Algae
Algues Invasores,1019802,2022-09-20,39.53146,2.45694,Jonatan Delgado ,2022-09-20 22:18:35+00:00,2025-10-20 12:05:58.536091+00:00,No,No destacada,Yes,Halimeda incrassata,JonatanDelgado_Halimeda-incrassata_637993091153375923.webp,,Fiona Tomas Nash,,https://www.observadoresdelmar.es/Observations/1019802,Rocks,6,,
Algues Invasores,1019815,2022-08-28,39.47192,2.52165,Jos ,2022-09-24 23:38:53+00:00,2025-10-20 12:11:36.779133+00:00,No,No destacada,Yes,Halimeda incrassata,Jos_Halimeda-incrassata_637996595336498224.webp,"Muy dominante, parece que esté compitiendo por espacio en sustrato arenoso con Cymodocea nodosa.",Fiona Tomas Nash,,https://www.observadoresdelmar.es/Observations/1019815,Seagrass meadow,3,90,
Algues Invasores,1019816,2022-09-19,39.52549,2.55225,Jos ,2022-09-24 23:51:35+00:00,2025-10-20 12:12:41.316369+00:00,No,No destacada,No,Halimeda incrassata,Jos_Halimeda-incrassata_637996602951579480.webp,"Cobertura prácticamente absoluta sobre mata muerta de Posidonia.
En la zona más cercana al Hotel Mardavall estaba muy presente entre Cyomodocea.",,,https://www.observadoresdelmar.es/Observations/1019816,Seagrass meadow,3,90,
Algues Invasores,1019889,2022-02-27,42.05002,3.22131,Joan Pau Cassez Collignon,2022-09-30 09:43:04+00:00,2025-10-20 12:12:54.700010+00:00,No,No destacada,Yes,Asparagopsis armata,JoanPauCassezCollignon_Asparagopsis-taxiformis_638001277848903728.webp,,María García González ,,https://www.observadoresdelmar.es/Observations/1019889,,15,,
Algues Invasores,1019893,2022-09-30,36.8184,-2.54204,Alejandra Pérez Obs Centinela Almería,2022-10-01 12:06:55+00:00,2025-10-20 12:11:37.276170+00:00,No,No destacada,Yes,Rugulopteryx okamurae,AlejandraPérezObsCentinelaAlmería_Rugulopteryx-okamurae_638002228159205378.webp,Ya ha llegado a los Acantilados de la sierra de Gádor aunque no ha cubierto toda la zona contigua al Puerto Deportivo sino que ha pasado directamente a esta zona. En los rizomas del 50% de las plantas,Fiona Tomas Nash,,https://www.observadoresdelmar.es/Observations/1019893,Seagrass meadow,,50,Phanerogamae
Algues Invasores,1019947,2022-09-25,39.66904,3.45339,CC Champion Campbell ,2022-10-08 16:14:06+00:00,2025-10-20 12:11:11.712621+00:00,No,No destacada,No,Codium fragile subsp. fragile,CCChampionCampbell_Codium-fragile-sp.-fragile_638008424469355334.webp,seemed to be taking advantage of a clearing in the grass bed.,Fiona Tomas Nash,,https://www.observadoresdelmar.es/Observations/1019947,Seagrass meadow,8,10,
Algues Invasores,1019948,2022-09-25,39.66872,3.45365,CC Champion Campbell ,2022-10-08 18:28:07+00:00,2025-10-20 12:06:03.027097+00:00,No,No destacada,No,Codium fragile subsp. fragile,CCChampionCampbell_Codium-fragile-sp.-fragile_638008504873603569.webp,,Fiona Tomas Nash,,https://www.observadoresdelmar.es/Observations/1019948,Seagrass meadow,9,1,
Algues Invasores,1019959,2022-09-25,39.66937,3.45309,CC Champion Campbell ,2022-10-09 12:01:51+00:00,2025-10-20 12:11:15.970451+00:00,No,No destacada,No,Codium fragile subsp. fragile,CCChampionCampbell_Codium-fragile-sp.-fragile_638009137118226904.webp,,Fiona Tomas Nash,,https://www.observadoresdelmar.es/Observations/1019959,Rocks,8,1,
Algues Invasores,1019972,2022-10-08,39.14373,2.93068,Marta Albo Puigserver ,2022-10-09 21:32:02+00:00,2025-10-20 12:04:59.495978+00:00,No,No destacada,Yes,Halimeda incrassata,MartaAlboPuigserver_Halimeda-incrassata_638009479226261813.webp,"No estoy segura si es Halimeda incrassata o Halimeda tuna, y no se si con la fotografía se puede saber. Para la próxima vez, ¿Qué características diferencias las dos especies?",Fiona Tomas Nash,,https://www.observadoresdelmar.es/Observations/1019972,Sand,1,,
Algues Invasores,1019976,2022-10-09,39.14479,2.937,Marta Albo Puigserver ,2022-10-09 21:35:20+00:00,2025-10-20 12:11:39.011002+00:00,No,No destacada,Yes,Halimeda incrassata,MartaAlboPuigserver_Halimeda-incrassata_638009481203105958.webp,"No estoy segura que sea Halimeda incrassata, ya que no la sé diferenciar de Halimeda tuna. Estaba entre praderas de Posidonia oceanica",Fiona Tomas Nash,,https://www.observadoresdelmar.es/Observations/1019976,Sand,1,,Phanerogamae
Algues Invasores,1020088,2022-10-22,42.0735512,3.2085199,Boris weitzmann ,2022-10-22 14:30:12+00:00,2025-10-20 10:51:46.727258+00:00,No,No destacada,Yes,Womersleyella setacea,Borisweitzmann_Womersleyella-setacea_638020458121735416.webp,Entre 25 i 40m recubre todo el fondo marino formado una capa de 4cm de grosor,Fiona Tomas Nash,,https://www.observadoresdelmar.es/Observations/1020088,Rocks,30,4,Live animals
Algues Invasores,1020206,2022-10-30,41.96436,3.22714,Jordi Regas,2022-11-07 14:28:57+00:00,2025-10-20 12:12:05.354284+00:00,No,No destacada,Yes,Caulerpa cylindracea,JordiRegas_Caulerpa-cylindracea_638034281378529873.webp,"Dins el quadrat de mostreig, al metre 12, hi ha una mica de C. cylindracea (poca abundància). Tot i això, a l'altra costat de la cala hi havia una taca important. 
Cala d'Aiguafreda. 
Observació de Paula Lopez i Xavier Bautista",Fiona Tomas Nash,,https://www.observadoresdelmar.es/Observations/1020206,Rocks,6,,
Algues Invasores,1020248,2022-10-23,41.96023,3.23032,Jordi Regas,2022-11-14 13:50:46+00:00,2025-10-20 12:11:59.776341+00:00,No,No destacada,Yes,Caulerpa cylindracea,JordiRegas_Caulerpa-cylindracea_638040306465402736.webp,"A la paret dreta de la cala de Sa Tuna a uns 4-5 m, vam veure Caulerpa cylindracea, però no teníem càmera de fotos. ",María García González ,,https://www.observadoresdelmar.es/Observations/1020248,Rocks,5,,
Algues Invasores,1020296,2022-10-28,37.55786,-1.27343,Andrés Izquierdo Muñoz,2022-11-22 12:58:07+00:00,2025-10-20 12:12:02.325724+00:00,No,No destacada,Yes,Asparagopsis taxiformis,AndrésIzquierdoMuñoz_Asparagopsis-taxiformis_638047186879471925.webp,Foto de ejemplares de Asparagopsis en una escollera artificial de Mazarrón,Fiona Tomas Nash,,https://www.observadoresdelmar.es/Observations/1020296,Rocks,1,10,
Algues Invasores,1020298,2022-11-10,37.80296,-0.78291,Andrés Izquierdo Muñoz,2022-11-22 13:11:53+00:00,2025-10-20 12:11:45.231181+00:00,Yes,Espècie exòtica o invasiva,Yes,,AndrésIzquierdoMuñoz_Batophora-spp._638047195136980502.webp,"Foto del alga Batophora spp. en aguas del Mar Menor, citada recientemente (Terradas-Fernández et al 2022)  aunque su presencia data de hace varios años. ",María García González ,"Gracias por la observación. Es un género muy poco frecuente, también citada en Formentera (Ballesteros 2020), y es de gran interés poder seguir su distribución.",https://www.observadoresdelmar.es/Observations/1020298,Sand,1,100,Dead animals
Algues Invasores,1020307,2022-11-05,41.544895,2.555933,Xavier Torradas Casanovas ,2022-11-23 08:18:34+00:00,2025-10-20 12:12:38.667922+00:00,No,No destacada,No,Halimeda incrassata,XavierTorradasCasanovas_Halimeda-incrassata_638047883141504430.webp,,Fiona Tomas Nash,,https://www.observadoresdelmar.es/Observations/1020307,Rocks,26,,
Algues Invasores,1020331,2022-11-17,39.92565,3.14326,Jos ,2022-11-25 17:29:47+00:00,2025-10-20 12:12:11.031194+00:00,No,No destacada,Yes,Halimeda incrassata,Jos_Halimeda-incrassata_638049941877940054.webp,Photos by https://www.silviamus.com/,Fiona Tomas Nash,,https://www.observadoresdelmar.es/Observations/1020331,Seagrass meadow,2,15,
Algues Invasores,1020348,2022-06-18,38.87338,1.18435,Cristina Amanda  Tur ,2022-12-04 21:30:53+00:00,2025-10-20 12:11:43.231248+00:00,Yes,Espècie exòtica o invasiva,Yes,Caulerpa cylindracea,CristinaAmandaTur_Caulerpa-cylindracea_638057862532318465.webp,,Laura Royo Marí,Caulerpa cylindracea que va començar la seva aventura invasiva a Eivissa i aquí segueix més de 20 anys després.,https://www.observadoresdelmar.es/Observations/1020348,Rocks,6,3,Algae
Algues Invasores,1020369,2021-07-11,37.4283,-1.50096,ANA MEL ,2022-12-07 22:09:28+00:00,2025-10-20 12:12:23.069259+00:00,No,No destacada,Yes,Asparagopsis taxiformis,ANAMEL_Asparagopsis-armata_638060477689637672.webp,,María García González ,,https://www.observadoresdelmar.es/Observations/1020369,Rocks,1,,
Algues Invasores,1020415,2022-12-19,39.54378,2.38433,Sebastià Cabanellas  Cerdà ,2022-12-20 12:42:53+00:00,2025-10-20 12:12:25.181819+00:00,Yes,Espècie exòtica o invasiva,Yes,Halimeda incrassata,SebastiàCabanellasCerdà_Halimeda-incrassata_638071369731227223.webp,,Laura Royo Marí,"Aquesta és la població més a l'oest de Mallorca d'aquesta espècie que coincideix amb una observació publicada el15/12/2020. Moltes gràcies, aquesta nova dada ens permet fer un seguiment d'aquesta localitat.",https://www.observadoresdelmar.es/Observations/1020415,Sand,,100,
Algues Invasores,1020515,2022-12-26,37.80885,-0.75641,Teresa ,2023-01-09 20:58:05+00:00,2025-10-20 12:09:44.331563+00:00,No,No destacada,No,,Teresa_638088946852404480.webp,Creo  que podría ser Caulerpa prolifera (Oreja de liebre),Fiona Tomas Nash,,https://www.observadoresdelmar.es/Observations/1020515,,,,
Algues Invasores,1020625,2023-01-12,36.8116,-2.56622,Alejandra Pérez Obs Centinela Almería,2023-02-09 21:18:32+00:00,2025-10-20 12:07:11.189392+00:00,No,No destacada,Yes,Rugulopteryx okamurae,AlejandraPérezObsCentinelaAlmería_Rugulopteryx-okamurae_638115743129754759.webp,"En invierno es el aspecto que tiene Rugu, totalmente diferente al verano en que está muy marrón y epifitada y en menos densa. En una de las fotos podemos verla sobre Mesophyllum",María García González ,,https://www.observadoresdelmar.es/Observations/1020625,Seagrass meadow,4,,Phanerogamae
Algues Invasores,1020641,2018-04-28,39.99939,3.79533,Joan J. Morro Martí ,2023-02-12 23:17:50+00:00,2025-10-20 12:12:50.701971+00:00,No,No destacada,No,Asparagopsis armata,JoanJ.MorroMart_Asparagopsis-armata_638118406707549502.webp,"Observació antiga, només tinc la foto aquesta i ja no recordo més dades",Fiona Tomas Nash,,https://www.observadoresdelmar.es/Observations/1020641,,,,
Algues Invasores,1020874,2023-03-20,39.15096,2.9332,Ana Pez ,2023-03-20 12:55:05+00:00,2025-10-20 12:05:00.377917+00:00,No,No destacada,Yes,Asparagopsis taxiformis,Anaperez_Asparagopsis-taxiformis_638149137051190500.webp,,Fiona Tomas Nash,,https://www.observadoresdelmar.es/Observations/1020874,Rocks,1,,
Algues Invasores,1020885,2023-03-23,36.81173,-2.56625,Alejandra Pérez Obs Centinela Almería,2023-03-24 10:53:51+00:00,2025-10-20 12:06:32.118489+00:00,No,No destacada,No,Rugulopteryx okamurae,AlejandraPérezObsCentinelaAlmería_Rugulopteryx-okamurae_638152520318650722.webp,"Lamentablemente Rugulopterix sigue avanzando implacable. Esta año mucho más invasiva que el año anterior ya no está solo en la periferia de la pradera sino dentro, a veces asfixiando a Posidonia.",Julia Máñez Crespo ,,https://www.observadoresdelmar.es/Observations/1020885,Seagrass meadow,4,100,"Phanerogamae,Algae"
Algues Invasores,1021040,2023-04-26,39.76949,2.65589,Jordi Boada,2023-04-26 16:15:31+00:00,2025-10-20 12:06:22.873525+00:00,No,No destacada,Yes,Asparagopsis taxiformis,JordiBoada_Asparagopsis-taxiformis_638181225316556015.webp,,María García González ,,https://www.observadoresdelmar.es/Observations/1021040,Rocks,1,2,
Algues Invasores,1021121,2023-03-29,38.31237,-0.49712,Andrés Izquierdo Muñoz,2023-05-11 15:11:43+00:00,2025-10-20 12:12:58.063483+00:00,Yes,Espècie exòtica o invasiva,Yes,Rugulopteryx okamurae,AndrésIzquierdoMuñoz_Rugulopteryx-okamurae_638194147035127613.webp,"Primer avistamiento de Rugulopterix okamurae en la bahía de Alicante. Avistada en varios puntos, y también presente en arribazones de varias playas. Foto de Fabio Blanco Murillo. ",María García González ,"Muchas gracias Andrés, es la primera cita para Alicante, gracias a las observaciones que aportáis entre todos, la comunidad científica está siguiendo la diseminación de esta especie desde la invasión del Estrecho. María G.",https://www.observadoresdelmar.es/Observations/1021121,,9,50,
Algues Invasores,1021137,2023-05-09,38.22742,-0.51054,Elisabeth  Yanguas  Thevenin ,2023-05-12 10:48:55+00:00,2025-10-20 12:06:13.145591+00:00,No,No destacada,Yes,Asparagopsis taxiformis,ElisabethYanguasThevenin_Asparagopsis-taxiformis_638194853352053874.webp,,Fiona Tomas Nash,,https://www.observadoresdelmar.es/Observations/1021137,Seagrass meadow,1,,
Algues Invasores,1021145,2023-05-12,37.72779,-0.74247,Isabel  Rubio Pérez ,2023-05-13 00:24:40+00:00,2025-10-20 12:12:56.073318+00:00,Yes,Evidència de l'impacte dels ecosistemes,Yes,,IsabelRubioPérez_638195342801860966.webp,"#RetoFilamentosas
Extendida en una zona grande. Puedo aportar vídeo. Estoy muy preocupada ya que no la he visto con anterioridad en el Mar Menor.",María García González ,,https://www.observadoresdelmar.es/Observations/1021145,,,,"Phanerogamae,Algae"
Algues Invasores,1021146,2023-05-12,37.68512,-0.73613,Isabel  Rubio Pérez ,2023-05-13 00:36:05+00:00,2025-10-20 12:07:03.199716+00:00,No,No destacada,Yes,,IsabelRubioPérez_638195349657317444.webp,"#RetoFilamentosas
Mar Menor",María García González ,,https://www.observadoresdelmar.es/Observations/1021146,Seagrass meadow,,,"Phanerogamae,Algae"
Algues Invasores,1021174,2023-05-17,41.40952,2.22761,Guillermo Alvarez Lerma,2023-05-17 21:22:21+00:00,2025-10-20 12:10:54.259597+00:00,Yes,Primera vegada en l'àrea,Yes,,GuillermoAlvarezLerma_Asparagopsis-taxiformis_638199553411999426.webp,"El 11-5 hicimos  fotos (Eduard Alcañiz y Sara Riera). Pensabamos que era A.armata. Otros observadores cualificados nos han dicho de la posibilidad que fuera taxiformis, y para hacer fotos del tallo hoy 17 he vuelto para hacer estas fotos. ",María García González ,,https://www.observadoresdelmar.es/Observations/1021174,,,3,
Algues Invasores,1021175,2022-05-04,41.17165,1.50967,Carlota Ruiz Gazulla,2023-05-19 01:46:36+00:00,2025-10-20 12:12:20.846293+00:00,No,No destacada,Yes,Caulerpa cylindracea,CarlotaRuizGazulla_Caulerpa-cylindracea_638200575969060823.webp,,María García González ,,https://www.observadoresdelmar.es/Observations/1021175,Rocks,8,,
Algues Invasores,1021176,2022-05-04,41.17417,1.51117,Carlota Ruiz Gazulla,2023-05-19 01:50:02+00:00,2025-10-20 12:11:40.562929+00:00,No,No destacada,Yes,Asparagopsis armata,CarlotaRuizGazulla_Asparagopsis-armata_638200578023525572.webp,,María García González ,,https://www.observadoresdelmar.es/Observations/1021176,Rocks,8,,
Algues Invasores,1021181,2023-05-11,41.4097214,2.22751,Edu Alcaniz ,2023-05-20 07:47:36+00:00,2025-10-20 12:55:48.670229+00:00,Yes,Primera vegada en l'àrea,Yes,Asparagopsis taxiformis,EduAlcaniz_Asparagopsis-taxiformis_638201656567097063.webp,,María García González ,,https://www.observadoresdelmar.es/Observations/1021181,,,,
Algues Invasores,1021185,2023-04-28,36.81175,-2.56605,Alejandra Pérez Obs Centinela Almería,2023-05-21 11:35:27+00:00,2025-10-20 12:11:44.916074+00:00,Yes,Espècie exòtica o invasiva,Yes,Rugulopteryx okamurae,AlejandraPérezObsCentinelaAlmería_Rugulopteryx-okamurae_638202657270996732.webp,"El alga ya no está en la periferia sino entrando en la pradera. Lo que más nos ha llamado la atención es el recubrimiento de Posidonia, siendo Abril no es normal que esté tan epifitada. Otros años no lo estaba",María García González ,"Buena observación, habrá que seguir los impactos de Rugulopteryx sobre las praderas de Posidonia. Anotamos el comentario sobre el epifitismo. Gracias Alejandra.",https://www.observadoresdelmar.es/Observations/1021185,Seagrass meadow,3,100,Phanerogamae
Algues Invasores,1021206,2023-05-19,41.72066,2.94022, ,2023-05-28 07:52:37+00:00,2025-10-20 12:09:45.237466+00:00,No,No destacada,Yes,,SuperDiveTossadeMar_638208571574957591.webp,#RetoFilamentosas,María García González ,,https://www.observadoresdelmar.es/Observations/1021206,Rocks,20,,
Algues Invasores,1021228,2022-10-06,41.96421,3.22742,Martí Vilanova ,2023-05-29 11:15:41+00:00,2025-10-20 12:12:50.121756+00:00,No,No destacada,Yes,Caulerpa cylindracea,MartíVilanova_Caulerpa-cylindracea_638209557412976633.webp,,María García González ,,https://www.observadoresdelmar.es/Observations/1021228,,5,,Algae
Algues Invasores,1021233,2023-05-28,42.34489,3.18522,Olga Villaca ,2023-05-29 20:02:06+00:00,2025-10-20 12:10:20.703818+00:00,No,No destacada,Yes,,OlgaVillaca_638209873265050220.webp,"#RetoFilamentosas

A lo largo del Port de la Selva hacia el Faro hay varias zonas de rocas con este tipo de alga verde-amarilla",María García González ,,https://www.observadoresdelmar.es/Observations/1021233,Rocks,,,
Algues Invasores,1021235,2023-05-26,39.86874,4.13298,Teresa ,2023-05-29 22:10:30+00:00,2025-10-20 12:10:45.215769+00:00,No,No destacada,No,Lophocladia lallemandii,Teresa_Lophocladia-lallemandii_638209950305414800.webp,,,,https://www.observadoresdelmar.es/Observations/1021235,Rocks,4,,
Algues Invasores,1021248,2023-05-25,37.4641,13.19825,Albert Pessarrodona Silvestre,2023-05-31 16:33:14+00:00,2025-10-20 12:12:28.372474+00:00,No,No destacada,Yes,Caulerpa taxifolia,AlbertPessarrodonaSilvestre_Caulerpa-taxifolia_638211475946349870.webp,,María García González ,,https://www.observadoresdelmar.es/Observations/1021248,Rocks,1,,
Algues Invasores,1021249,2023-05-19,38.08746,12.80623,Albert Pessarrodona Silvestre,2023-05-31 16:41:33+00:00,2025-10-20 12:12:51.788944+00:00,No,No destacada,Yes,Caulerpa cylindracea,AlbertPessarrodonaSilvestre_Caulerpa-cylindracea_638211480934308797.webp,,Fiona Tomas Nash,,https://www.observadoresdelmar.es/Observations/1021249,,2,,
Algues Invasores,1021250,2023-05-22,38.08746,12.80623,Albert Pessarrodona Silvestre,2023-05-31 16:41:34+00:00,2025-10-20 12:10:25.673345+00:00,No,No destacada,Yes,Asparagopsis taxiformis,AlbertPessarrodonaSilvestre_Asparagopsis-taxiformis_638211480941105037.webp,,María García González ,,https://www.observadoresdelmar.es/Observations/1021250,Rocks,2,,
Algues Invasores,1021275,2023-06-01,42.04359,3.22172,Laura Quesada,2023-06-02 22:59:10+00:00,2025-10-20 12:12:56.422608+00:00,No,No destacada,Yes,,LauraQuesada_638213435503338418.webp,,María García González ,,https://www.observadoresdelmar.es/Observations/1021275,,20,,
Algues Invasores,1021281,2023-06-03,38.1616592,-0.47222,Maialen Sanchez ,2023-06-03 19:07:14+00:00,2025-10-20 12:55:52.236829+00:00,No,No destacada,Yes,,MaialenSanchez_638214160348704894.webp,#Retofilamentosas,María García González ,,https://www.observadoresdelmar.es/Observations/1021281,Seagrass meadow,5,,"Algae,Live animals"
Algues Invasores,1021294,2023-06-04,41.72122,2.94015,Joan Matas Casasayas,2023-06-04 19:47:20+00:00,2025-10-20 12:12:30.369364+00:00,Yes,Fotografia excel·lent,Yes,,JoanMatasCasasayas_638215048402112264.webp,#retofilamentosas,María García González ,"Gracias por tu observación, la morena destaca entre las telarañas de filamentosas.",https://www.observadoresdelmar.es/Observations/1021294,Rocks,15,,
Algues Invasores,1021295,2023-06-04,41.72122,2.94003,Joan Matas Casasayas,2023-06-04 19:50:11+00:00,2025-10-20 12:12:29.616403+00:00,No,No destacada,Yes,,JoanMatasCasasayas_638215050117197289.webp,#retofilamentosas,María García González ,,https://www.observadoresdelmar.es/Observations/1021295,Rocks,15,,
Algues Invasores,1021319,2023-06-06,36.72241,-2.19353,María Jaen ,2023-06-06 15:19:40+00:00,2025-10-20 12:11:48.496410+00:00,No,No destacada,Yes,Caulerpa cylindracea,Mar_Caulerpa-cylindracea_638216615801831226.webp,"Julio 2023, agua a 24ºC, primera vez encontrada en esta zona; Por ahora muy escasa y en fase inicial de crecimiento y expansión. Se encuentra en rocas, rodeada de algas pero por ahora sin llegar a recubrir.",Fiona Tomas Nash,,https://www.observadoresdelmar.es/Observations/1021319,Rocks,1,3,Algae
Algues Invasores,1021327,2023-06-04,37.53281,-1.12406,SuComte Comte ,2023-06-08 17:32:37+00:00,2025-10-20 12:11:49.679985+00:00,Yes,Fotografia excel·lent,Yes,,SuComteComte_638218423576341812.webp,#RetoFilamentosas ,María García González ,,https://www.observadoresdelmar.es/Observations/1021327,Rocks,12,,Live animals
Algues Invasores,1021443,2023-06-10,41.38588,2.19251,Ruth Rodr ,2023-06-10 20:44:39+00:00,2025-10-20 12:12:49.095844+00:00,No,No destacada,No,,RuthRodr_638220266790542473.webp,,Fiona Tomas Nash,,https://www.observadoresdelmar.es/Observations/1021443,,,,
Algues Invasores,1021503,2023-06-10,39.53471,2.36496,Enric Gomis ,2023-06-11 12:58:43+00:00,2025-10-20 12:12:06.057412+00:00,No,No destacada,Yes,Asparagopsis armata,EnricGomis_Asparagopsis-armata_638220851233682694.webp,,Fiona Tomas Nash,,https://www.observadoresdelmar.es/Observations/1021503,Rocks,13,,
Algues Invasores,1021602,2023-06-04,38.95894,1.20004,Pablo  Montoto Gasser,2023-06-12 10:38:19+00:00,2025-10-20 12:12:00.223068+00:00,Yes,Fotografia excel·lent,Yes,Asparagopsis taxiformis,PabloMontotoGasser_Asparagopsis-taxiformis_638221630998866728.webp,Presencia generalizada en varios puntos del poniente de Ibiza. ,Fiona Tomas Nash,#RetoFilamentosas,https://www.observadoresdelmar.es/Observations/1021602,Rocks,25,50,
Algues Invasores,1021775,2023-06-15,42.2529793,3.2543001,Mouhssin  Bekour  Jebban ,2023-06-15 19:47:18+00:00,2025-10-20 12:56:08.010295+00:00,No,No destacada,Yes,Caulerpa cylindracea,MouhssinBekourJebban_Caulerpa-cylindracea_638224552379397905.webp,,María García González ,,https://www.observadoresdelmar.es/Observations/1021775,Sand,2,,
Algues Invasores,1021787,2023-06-16,39.93092,3.93013,Enza ,2023-06-16 11:04:06+00:00,2025-05-10 09:18:18.061659+00:00,No,No destacada,No,Asparagopsis taxiformis,,,,,https://www.observadoresdelmar.es/Observations/1021787,Rocks,5,99999,
Algues Invasores,1021800,2023-06-03,36.695834,-3.455402,Ander Congil Ross ,2023-06-18 14:55:48+00:00,2025-10-20 12:11:59.371519+00:00,No,No destacada,Yes,Asparagopsis taxiformis,AnderCongilRoss_Asparagopsis-taxiformis_638226969485345274.webp,"Sobre bosque de Ericaria selaginoides, ocasional. No recubre Ericaria, compite por sustrato. Hábitat arenso con parches de roca.",Fiona Tomas Nash,,https://www.observadoresdelmar.es/Observations/1021800,Sand,3,20,
Algues Invasores,1021801,2023-06-03,36.695834,-3.455402,Ander Congil Ross ,2023-06-18 14:58:25+00:00,2025-10-20 12:12:08.025108+00:00,No,No destacada,Yes,Rugulopteryx okamurae,AnderCongilRoss_Rugulopteryx-okamurae_638226971053673200.webp,Sobre bosque de Ericaria selaginoides. En menor abundacia que Asparagopsis taxiformis.,,,https://www.observadoresdelmar.es/Observations/1021801,Sand,3,15,
Algues Invasores,1021803,2023-06-12,35.999572,-5.609156,Ander Congil Ross ,2023-06-18 15:06:43+00:00,2025-10-20 12:10:08.893238+00:00,No,No destacada,Yes,Rugulopteryx okamurae,AnderCongilRoss_Rugulopteryx-okamurae_638226976038726375.webp,"Gran abundancia, recubriendo rocas enteras. Impactante. También flotando.",,,https://www.observadoresdelmar.es/Observations/1021803,Rocks,20,,
Algues Invasores,1021808,2023-06-18,39.53215,2.45789,Jonatan Delgado ,2023-06-19 12:15:49+00:00,2025-10-20 12:12:21.361620+00:00,No,No destacada,Yes,Asparagopsis taxiformis,JonatanDelgado_Asparagopsis-taxiformis_638227737493793462.webp,,Fiona Tomas Nash,,https://www.observadoresdelmar.es/Observations/1021808,Rocks,2,,
Algues Invasores,1021827,2023-06-10,41.38477,2.20224,Marta Sugra ,2023-06-21 00:14:18+00:00,2025-10-20 12:10:19.524575+00:00,No,No destacada,Yes,Asparagopsis taxiformis,MartaSugra_Asparagopsis-taxiformis_638229032578891748.webp,Muy abundante en la zona. Dique sumergido tipo espigón. ,María García González ,,https://www.observadoresdelmar.es/Observations/1021827,Rocks,5,20,
Algues Invasores,1021833,2023-06-17,42.0501,3.22368,Miquel Pontes ,2023-06-21 10:24:14+00:00,2025-10-20 12:09:26.909577+00:00,No,No destacada,Yes,,MiquelPontes_638229398543730709.webp,#RetoFilamentosas,María García González ,,https://www.observadoresdelmar.es/Observations/1021833,Rocks,12,,Algae
Algues Invasores,1021835,2023-06-17,42.04997,3.22388,Miquel Pontes ,2023-06-21 10:34:08+00:00,2025-10-20 12:11:45.907210+00:00,No,No destacada,Yes,,MiquelPontes_638229404486772241.webp,#RetoFilamentosas,María García González ,,https://www.observadoresdelmar.es/Observations/1021835,Rocks,15,,Algae
Algues Invasores,1021842,2023-06-16,41.890461,3.19854,Sarah Agust ,2023-06-23 13:18:17+00:00,2025-10-20 12:12:33.873244+00:00,No,No destacada,Yes,,SarahAgust_638231230973723169.webp,#RetoFilamentosas,María García González ,,https://www.observadoresdelmar.es/Observations/1021842,Rocks,15,,
Algues Invasores,1021845,2023-06-24,41.19736,1.67293,Pablo  Ruiz ,2023-06-24 15:27:46+00:00,2025-10-20 12:12:26.845746+00:00,No,No destacada,Yes,Caulerpa cylindracea,PabloRuiz_Caulerpa-cylindracea_638232172661648354.webp,en extensión notable.,Fiona Tomas Nash,,https://www.observadoresdelmar.es/Observations/1021845,Rocks,,,
Algues Invasores,1021846,2023-06-24,41.19736,1.67288,Pablo  Ruiz ,2023-06-24 15:28:56+00:00,2025-10-20 12:07:11.766799+00:00,No,No destacada,Yes,Caulerpa cylindracea,PabloRuiz_Caulerpa-cylindracea_638232173360311992.webp,,Fiona Tomas Nash,,https://www.observadoresdelmar.es/Observations/1021846,Rocks,,,Phanerogamae
Algues Invasores,1021883,2023-06-25,25.6524,-111.03216,Ginni Callahan ,2023-06-26 20:45:33+00:00,2025-10-20 12:10:46.550958+00:00,No,No destacada,No,,GinniCallahan_638234091333630619.webp,,,,https://www.observadoresdelmar.es/Observations/1021883,Rocks,2,,
Algues Invasores,1021885,2023-06-25,25.65916,-111.04113,Ginni Callahan ,2023-06-27 00:39:57+00:00,2025-10-20 12:10:48.940148+00:00,No,No destacada,No,,GinniCallahan_638234231971345120.webp,"Is this dark brown feathery algae invasive? It's on rocks, pocillipora (Perhaps only on dead sections), and in the hydroids.",,,https://www.observadoresdelmar.es/Observations/1021885,Rocks,2,,
Algues Invasores,1021894,2023-06-26,37.65834,-0.64045,Edu Alcaniz ,2023-06-27 20:47:49+00:00,2025-10-20 12:11:48.011611+00:00,No,No destacada,Yes,Caulerpa cylindracea,EduAlcaniz_Caulerpa-cylindracea_638234956693442109.webp,,María García González ,,https://www.observadoresdelmar.es/Observations/1021894,Rocks,14,20,Algae
Algues Invasores,1021901,2023-06-26,37.6573181,-0.6427,Edu Alcaniz ,2023-06-29 11:59:03+00:00,2025-10-20 12:56:09.188907+00:00,No,No destacada,Yes,Asparagopsis taxiformis,EduAlcaniz_Asparagopsis-taxiformis_638236367439221690.webp,,María García González ,,https://www.observadoresdelmar.es/Observations/1021901,Rocks,14,20,
Algues Invasores,1021902,2023-06-21,39.50059,2.4539,Raquel Vaquer Sunyer,2023-06-29 16:19:22+00:00,2025-10-20 12:12:28.561656+00:00,No,No destacada,Yes,Asparagopsis taxiformis,RaquelVaquerSunyer_Asparagopsis-taxiformis_638236523625537807.webp,"N'hi havia des d'uns 0,5m a uns 3-4m. Algunes disperses. Fotos d'Abraham Calero.",Fiona Tomas Nash,,https://www.observadoresdelmar.es/Observations/1021902,Rocks,3,,
Algues Invasores,1021903,2023-06-21,39.50048,2.45384,Raquel Vaquer Sunyer,2023-06-29 17:01:51+00:00,2025-10-20 12:12:30.871656+00:00,No,No destacada,Yes,Caulerpa cylindracea,RaquelVaquerSunyer_Caulerpa-cylindracea_638236549118323290.webp,"N'hi havia en poca abundància repartida per diversos llocs entre altres algues i a fondàries de entre 0,2 i uns 2 metres",Fiona Tomas Nash,,https://www.observadoresdelmar.es/Observations/1021903,Rocks,1,,
Algues Invasores,1021910,2023-06-30,41.19796,1.67302,Pablo  Ruiz ,2023-06-30 14:01:05+00:00,2025-10-20 12:12:32.826065+00:00,No,No destacada,Yes,,PabloRuiz_Asparagopsis-taxiformis_638237304656838588.webp,Arribazón de muchas.,María García González ,,https://www.observadoresdelmar.es/Observations/1021910,,,,
Algues Invasores,1021922,2023-05-31,42.23929,3.20683,Eduard Marquès ,2023-07-01 15:59:01+00:00,2025-10-20 12:12:32.406480+00:00,Yes,Espècie exòtica o invasiva,Yes,Asparagopsis armata,EduardMarquès_Asparagopsis-armata_638238239411314349.webp,"Em podeu confirmar  l'espècie q és?
",Julia Máñez Crespo ,"L'has encertat! Es tracta d'un individu d'Asparagopsis armata. Es distingeix molt bé l'espècie, per la presència d'aquestes branques en forma d'arpó. Moltes gracis per la obsevació!",https://www.observadoresdelmar.es/Observations/1021922,Rocks,2,,
Algues Invasores,1021929,2023-06-26,37.6796112,-0.73654,Isabel  Rubio Pérez ,2023-07-02 09:44:50+00:00,2025-10-20 12:55:22.768606+00:00,No,No destacada,Yes,,IsabelRubioPérez_Acinetospora-crinita_638238878906881436.webp,"#RetoFilamentosas
El 15 de mayo subí fotos de esta alga en las que se ve cómo cubre praderas mixtas de Caulerpa y Cymodocea, pero este programa no me deja poner la identificación que ha facilitado la Universidad de Alicante.",María García González ,,https://www.observadoresdelmar.es/Observations/1021929,Seagrass meadow,1,,Dead animals
Algues Invasores,1021931,2023-06-28,39.933651,3.97033,Maite Serrano Jimeno,2023-07-02 17:25:55+00:00,2025-10-20 12:56:10.344013+00:00,Yes,Espècie exòtica o invasiva,Yes,Asparagopsis armata,MaiteSerranoJimeno_Asparagopsis-taxiformis_638239155559093602.webp,Vista haciendo snorkel,Julia Máñez Crespo ,"En verdad se trata de A.armata. Si te fijas, verás el detalle de unas ramas en forma de arpón, esto es lo que la diferencia facilmente de A.taxiforme :)",https://www.observadoresdelmar.es/Observations/1021931,Rocks,,,
Algues Invasores,1021943,2023-06-13,42.23225,3.2187,Marta Sugra ,2023-07-05 17:46:46+00:00,2025-10-20 12:11:50.665952+00:00,Yes,Espècie exòtica o invasiva,Yes,Asparagopsis armata,MartaSugra_Asparagopsis-armata_638241760059695636.webp,Preciosa observación. Las algas de debajo són de la espécie Dyctiota fasciola. Muchas gracias!!,Julia Máñez Crespo ,Preciosa observación. Las algas de debajo són de la espécie Dyctiota fasciola. Muchas gracias!!,https://www.observadoresdelmar.es/Observations/1021943,Rocks,,3,Algae
Algues Invasores,1021973,2023-06-17,39.95805,4.26512,Tatí Benjumea ,2023-07-08 15:47:04+00:00,2025-10-20 12:11:51.690515+00:00,No,No destacada,Yes,Caulerpa cylindracea,TatíBenjumea_Caulerpa-cylindracea_638244280242061724.webp,,Fiona Tomas Nash,,https://www.observadoresdelmar.es/Observations/1021973,Rocks,,,Algae
Algues Invasores,1021974,2023-06-15,39.86216,4.14498,Tatí Benjumea ,2023-07-08 16:57:15+00:00,2025-10-20 12:10:34.248691+00:00,No,No destacada,Yes,Asparagopsis taxiformis,TatíBenjumea_Asparagopsis-taxiformis_638244322350015813.webp,,Fiona Tomas Nash,,https://www.observadoresdelmar.es/Observations/1021974,Rocks,1,,
Algues Invasores,1021983,2023-07-03,41.96273,3.23137,Martí Vilanova ,2023-07-10 18:06:41+00:00,2025-10-20 12:11:53.819385+00:00,No,No destacada,Yes,Caulerpa cylindracea,MartíVilanova_Caulerpa-cylindracea_638246092016981805.webp,,Fiona Tomas Nash,,https://www.observadoresdelmar.es/Observations/1021983,Rocks,24,,Algae
Algues Invasores,1021985,2023-07-10,37.61249,-0.70628,Isabel  Rubio Pérez ,2023-07-11 09:56:22+00:00,2025-10-20 12:05:13.020930+00:00,No,No destacada,Yes,Asparagopsis taxiformis,IsabelRubioPérez_Asparagopsis-armata_638246661820858850.webp,"Aunque por el color y por no presentar apéndices con forma de arpón, me hace dudar entre A. taxiformis y A. armata.",María García González ,,https://www.observadoresdelmar.es/Observations/1021985,Rocks,1,3,
Algues Invasores,1022020,2023-07-12,38.16019,-0.45158,Daniel  L ,2023-07-13 10:00:34+00:00,2025-10-20 12:11:54.816144+00:00,No,No destacada,Yes,,DanielL_638248392347929812.webp,"#RetoFilamentosas.
Toda la pradera de Posidonia oceanica se encontraba cubierta por este alga. La inmersión es conocida como ""merolandia"", en la reserva marina de Tabarca.",María García González ,,https://www.observadoresdelmar.es/Observations/1022020,Seagrass meadow,,,Phanerogamae
Algues Invasores,1022021,2023-07-05,39.32732,2.98863,Raquel Vaquer Sunyer,2023-07-13 10:49:57+00:00,2023-07-13 10:49:57+00:00,No,No destacada,Yes,Halimeda incrassata,,"Peus aïllats, bastant abundants",Fiona Tomas Nash,,https://www.observadoresdelmar.es/Observations/1022021,Sand,3,,
Algues Invasores,1022042,2023-07-16,37.74919,-0.72937,Isabel  Rubio Pérez ,2023-07-17 13:45:24+00:00,2025-10-20 12:12:36.301157+00:00,No,No destacada,Yes,Caulerpa cylindracea,IsabelRubioPérez_Caulerpa-cylindracea_638251983248035667.webp,Mar Mediterráneo. Encontrada junto a Caulerpa prolifera y Anemonia viridis,Fiona Tomas Nash,,https://www.observadoresdelmar.es/Observations/1022042,Rocks,1,100,
Algues Invasores,1022052,2023-05-29,42.33671,3.27864,Martí Vilanova ,2023-07-18 12:44:29+00:00,2025-10-20 12:11:57.035742+00:00,No,No destacada,Yes,,MartíVilanova_638252810692036136.webp,"#RetoFilamentosas
Autor: Juan Carlos Diez Hernández",María García González ,,https://www.observadoresdelmar.es/Observations/1022052,Rocks,15,,"Algae,Live animals"
Algues Invasores,1022056,2023-05-31,42.332607,3.283828,Martí Vilanova ,2023-07-18 12:52:23+00:00,2025-10-20 12:11:29.877090+00:00,No,No destacada,Yes,,MartíVilanova_638252815434091091.webp,"#RetoFilamentosas
Autor:  Juan Carlos Diez Hernández",María García González ,,https://www.observadoresdelmar.es/Observations/1022056,Rocks,15,,"Algae,Live animals"
Algues Invasores,1022072,2023-07-09,39.6957283,3.45485,CC Champion Campbell ,2023-07-20 02:36:39+00:00,2025-10-20 12:52:31.502978+00:00,No,No destacada,Yes,Caulerpa cylindracea,CCChampionCampbell_Caulerpa-cylindracea_638254173992376454.webp,"this year there are more, they are growing in and through the rock cover. and are now distributed on both sides of this cove",Fiona Tomas Nash,,https://www.observadoresdelmar.es/Observations/1022072,Rocks,1,20,Algae
Algues Invasores,1022074,2023-06-28,39.80181,4.28782,Lluc Julià ,2023-07-20 08:38:57+00:00,2023-07-20 08:38:57+00:00,No,No destacada,Yes,Asparagopsis taxiformis,,,Fiona Tomas Nash,,https://www.observadoresdelmar.es/Observations/1022074,Rocks,1,10,
Algues Invasores,1022077,2023-07-10,39.54623,2.37989,Anette Roepstorff Roepstorff,2023-07-20 17:32:45+00:00,2025-10-20 12:11:30.335470+00:00,No,No destacada,Yes,Halimeda incrassata,AnetteRoepstorffRoepstorff_Halimeda-incrassata_638254711656417999.webp,,Fiona Tomas Nash,,https://www.observadoresdelmar.es/Observations/1022077,Sand,2,20,
Algues Invasores,1022079,2023-07-15,39.5370789,2.5634601,Estel Beltran Margalef ,2023-07-20 20:43:03+00:00,2025-10-20 12:56:11.609799+00:00,No,No destacada,Yes,Caulerpa cylindracea,EstelBeltranMargalef_Caulerpa-cylindracea_638254825835863408.webp,,Fiona Tomas Nash,,https://www.observadoresdelmar.es/Observations/1022079,Rocks,1,6,Algae
Algues Invasores,1022096,2023-06-27,39.53508,2.45256,Jonatan Delgado ,2023-07-24 10:30:39+00:00,2025-10-20 12:11:31.986504+00:00,No,No destacada,Yes,,JonatanDelgado_Caulerpa-racemosa_638257914390805714.webp,,Fiona Tomas Nash,,https://www.observadoresdelmar.es/Observations/1022096,Rocks,1,,Algae
Algues Invasores,1022097,2023-06-27,39.53503,2.45257,Jonatan Delgado ,2023-07-24 10:34:33+00:00,2025-10-20 12:11:34.446426+00:00,No,No destacada,Yes,Asparagopsis taxiformis,JonatanDelgado_Asparagopsis-taxiformis_638257916736078237.webp,,Fiona Tomas Nash,,https://www.observadoresdelmar.es/Observations/1022097,Rocks,1,,
Algues Invasores,1022122,2023-07-23,39.74568,3.43272,CC Champion Campbell ,2023-07-24 15:00:43+00:00,2025-10-20 12:05:17.917130+00:00,No,No destacada,Yes,Caulerpa cylindracea,CCChampionCampbell_Caulerpa-cylindracea_638258076438824392.webp,I can't determine if these are independent individuals or if its one that has spread. ,Fiona Tomas Nash,,https://www.observadoresdelmar.es/Observations/1022122,Rocks,2,3,
Algues Invasores,1022139,2023-07-24,38.83948,1.40384,Eva García Ortiz ,2023-07-25 20:13:56+00:00,2025-07-01 20:37:12.340715+00:00,No,No destacada,No,Halimeda incrassata,,Pendiente hacer foto proximamente. Podría tratarse de la Halimeda autóctona,Eva García Ortiz ,,https://www.observadoresdelmar.es/Observations/1022139,Rocks,1,50,
Algues Invasores,1022141,2023-06-27,39.0797,1.39535,Marta Sugra ,2023-07-26 11:08:49+00:00,2025-10-20 12:05:25.865368+00:00,Yes,Espècie exòtica o invasiva,Yes,Asparagopsis taxiformis,MartaSugra_Asparagopsis-armata_638259665296337160.webp,,Julia Máñez Crespo ,"Moltes gracis per la observació! Ja fa temps que tenim a dues espècies d'Asparagopsis entre nosaltres! A la foto que adjuntes però, sembla més aviat Asparagopsis taxiformis. ",https://www.observadoresdelmar.es/Observations/1022141,Rocks,5,4,
Algues Invasores,1022266,2022-06-05,39.82747,4.21879,Victor Carretero Sanz ,2023-08-07 08:43:39+00:00,2025-10-20 12:05:25.433658+00:00,No,No destacada,No,,VictorCarreteroSanz_Penicillum_638269946195381427.webp,,Fiona Tomas Nash,,https://www.observadoresdelmar.es/Observations/1022266,Rocks,2,,Algae
Algues Invasores,1022354,2023-08-16,39.53024,2.58749,Fiona Tomas Nash,2023-08-16 14:51:57+00:00,2025-10-20 12:05:30.388573+00:00,No,No destacada,Yes,,FionaTomasNash_Penicillus_638277943173970429.webp,zona de roca / arena / mata,Fiona Tomas Nash,,https://www.observadoresdelmar.es/Observations/1022354,Sand,1,,
Algues Invasores,1022379,2023-08-17,39.54507,2.61449,Tina Alorda ,2023-08-18 22:37:43+00:00,2025-10-20 12:07:13.514545+00:00,No,No destacada,Yes,,TinaAlorda_Penicillus-pyriformis_638279950633404191.webp,"No estoy segura de la identificación,",Fiona Tomas Nash,"Hola, actualment som a l'espera dels resultats genètics per a determinar si es tracta de Penicillus capitatus. Moltes gràcies per la observació:) en saber-ne més un n'informarem",https://www.observadoresdelmar.es/Observations/1022379,Sand,16,50,Algae
Algues Invasores,1022388,2023-08-19,42.06714,3.21107,Agata Serafin ,2023-08-21 13:48:21+00:00,2025-10-20 12:10:04.717072+00:00,No,No destacada,Yes,Caulerpa cylindracea,AgataSerafin_Caulerpa-cylindracea_638282225010730930.webp,"Solamente sobre una roca tamaño mas o menos 1m x 1m. La alga muy ""joven"", casi solamente las ""bolitas"" verdes. En la foto se vee el tamaño lo mas grande/alto. Temp del agua 21 C.",Julia Máñez Crespo ,,https://www.observadoresdelmar.es/Observations/1022388,Rocks,17,,
Algues Invasores,1022394,2023-08-20,39.0284882,1.60541,SonV ,2023-08-21 18:30:16+00:00,2025-10-20 12:56:15.401103+00:00,No,No destacada,No,,SonV_638282394166039661.webp,Esta la cala llena de un alga marrón que recubre piedras y posidonia,,,https://www.observadoresdelmar.es/Observations/1022394,Seagrass meadow,2,,Algae
Algues Invasores,1022396,2023-08-09,42.0495,3.22061,Agata Serafin ,2023-08-22 13:49:34+00:00,2025-10-20 12:05:51.126687+00:00,No,No destacada,No,,AgataSerafin_638283089746288351.webp,"Algunos metros cuadrados flotando en el superficio. Aguas cristalinas, 26 grados en superficie. Tambien en la costa (Salines). Solamente un par de días.",María García González ,"Hola Serafín. Es una planta de agua dulce, no una alga marina, por ello no nos encaja en el proyecto. De todos modos ¡mil gracias por tu interés!",https://www.observadoresdelmar.es/Observations/1022396,,,,
Algues Invasores,1022407,2023-08-19,41.38588,2.19251,SonV ,2023-08-23 07:19:21+00:00,2025-10-20 10:43:25.127980+00:00,No,No destacada,No,Halimeda incrassata,SonV_Halimeda-incrassata_638283719616207042.webp,,Julia Máñez Crespo ,,https://www.observadoresdelmar.es/Observations/1022407,Rocks,2,,
Algues Invasores,1022412,2023-08-23,42.0421,3.22537,Agata Serafin ,2023-08-24 10:40:50+00:00,2025-10-20 12:11:14.012447+00:00,No,No destacada,No,,AgataSerafin_638284704500516942.webp,Alga encontrada sobre las escaleras del barco,,,https://www.observadoresdelmar.es/Observations/1022412,,,,
Algues Invasores,1022420,2023-08-09,39.74121,3.21365,Raquel Vaquer Sunyer,2023-08-24 15:53:33+00:00,2023-08-24 15:53:33+00:00,No,No destacada,Yes,Caulerpa cylindracea,,,Fiona Tomas Nash,,https://www.observadoresdelmar.es/Observations/1022420,Rocks,1,,
Algues Invasores,1022433,2023-08-26,36.7125015,-4.3099198,Africa Nu ,2023-08-27 14:10:27+00:00,2025-10-20 12:56:18.030883+00:00,No,No destacada,Yes,Codium fragile subsp. fragile,AfricaNu_Codium-fragile-sp.-fragile_638287422274039368.webp,,,,https://www.observadoresdelmar.es/Observations/1022433,Rocks,2,20,
Algues Invasores,1022444,2023-08-23,39.7002182,3.4549201,CC Champion Campbell ,2023-08-28 18:15:46+00:00,2025-10-20 12:52:17.019542+00:00,No,No destacada,Yes,Caulerpa cylindracea,CCChampionCampbell_Caulerpa-cylindracea_638288433466050382.webp,Again not sure weather they are linked or indiviudual. ,Fiona Tomas Nash,,https://www.observadoresdelmar.es/Observations/1022444,Rocks,1,4,
Algues Invasores,1022451,2023-08-23,39.7002182,3.4549201,CC Champion Campbell ,2023-08-28 19:30:44+00:00,2025-10-20 12:52:14.157148+00:00,No,No destacada,Yes,Lophocladia lallemandii,CCChampionCampbell_Lophocladia-lallemandii_638288478444620465.webp,a fair bit im the crevases of the rocks ,Fiona Tomas Nash,,https://www.observadoresdelmar.es/Observations/1022451,Rocks,2,10,Algae
Algues Invasores,1022452,2023-08-23,39.7002182,3.4549201,CC Champion Campbell ,2023-08-28 19:36:36+00:00,2025-10-20 12:52:16.354234+00:00,No,No destacada,No,Womersleyella setacea,CCChampionCampbell_Womersleyella-setacea_638288481961480556.webp,I based my ID of this resource https://doris.ffessm.fr/Especes/Womersleyella-setacea-Polysiphonia-3461 ,,,https://www.observadoresdelmar.es/Observations/1022452,Rocks,2,30,Algae
Algues Invasores,1022454,2023-08-23,39.7002182,3.4549201,CC Champion Campbell ,2023-08-28 19:48:41+00:00,2025-10-20 12:52:15.280629+00:00,No,No destacada,No,Lophocladia lallemandii,CCChampionCampbell_Lophocladia-lallemandii_638288489210503582.webp,,,,https://www.observadoresdelmar.es/Observations/1022454,Rocks,2,20,Algae
Algues Invasores,1022455,2023-08-23,39.71356,3.47004,CC Champion Campbell ,2023-08-28 19:52:15+00:00,2025-10-20 12:10:43.645447+00:00,No,No destacada,No,Lophocladia lallemandii,CCChampionCampbell_Lophocladia-lallemandii_638288491350681746.webp,this section had particular pronounced growth. ,,,https://www.observadoresdelmar.es/Observations/1022455,Rocks,1,30,Algae
Algues Invasores,1022456,2023-08-12,39.6830101,3.4544201,CC Champion Campbell ,2023-08-28 20:05:42+00:00,2025-10-20 12:56:29.690727+00:00,No,No destacada,No,Womersleyella setacea,CCChampionCampbell_Womersleyella-setacea_638288499425816487.webp,the area now has a large Percnon gibbesi population and normally has a blanket covering of (Padina pavonica) which seems to have made way for this in the cracks. ,,,https://www.observadoresdelmar.es/Observations/1022456,Rocks,1,30,Algae
Algues Invasores,1022457,2023-08-12,39.6830101,3.4544201,CC Champion Campbell ,2023-08-28 20:09:55+00:00,2025-10-20 12:56:28.668238+00:00,No,No destacada,No,Lophocladia lallemandii,CCChampionCampbell_Lophocladia-lallemandii_638288501953015302.webp,as in the image a patch withing the sea grass. it may be of significance that there is an anchor point very near this spot. ,,,https://www.observadoresdelmar.es/Observations/1022457,Seagrass meadow,4,10,Phanerogamae
Algues Invasores,1022476,2023-08-25,42.04207,3.22571,Boris weitzmann ,2023-08-30 16:46:59+00:00,2025-10-20 12:06:09.081410+00:00,Yes,Primera vegada en l'àrea,Yes,Asparagopsis taxiformis,Borisweitzmann_Asparagopsis-taxiformis_638290108196151789.webp,2 peus aïllats,María García González ,,https://www.observadoresdelmar.es/Observations/1022476,Rocks,12,2,
Algues Invasores,1022483,2023-07-28,39.6889305,3.4549201,CC Champion Campbell ,2023-08-31 11:25:11+00:00,2025-10-20 12:56:35.347745+00:00,No,No destacada,Yes,Lophocladia lallemandii,CCChampionCampbell_Lophocladia-lallemandii_638290779113771424.webp,I am counting the sponges as animals in this image,Fiona Tomas Nash,,https://www.observadoresdelmar.es/Observations/1022483,Rocks,1,30,Live animals
Algues Invasores,1022513,2023-08-24,39.57319,2.31414,CARMEN SEGUI ,2023-09-02 16:50:20+00:00,2025-10-20 12:06:27.215443+00:00,No,No destacada,Yes,Lophocladia lallemandii,CARMENSEGUI_Lophocladia-lallemandii_638292702202428819.webp,,Fiona Tomas Nash,,https://www.observadoresdelmar.es/Observations/1022513,Rocks,20,,Algae
Algues Invasores,1022515,2023-09-02,41.93463,3.217,Boris weitzmann ,2023-09-03 09:28:39+00:00,2025-10-20 12:11:32.522757+00:00,No,No destacada,Yes,Caulerpa cylindracea,Borisweitzmann_Caulerpa-cylindracea_638293301194365316.webp,"esta distribuida per tota la cala ocupant la mata morta de PO
Ha crescut molt en els ultims anys",Fiona Tomas Nash,,https://www.observadoresdelmar.es/Observations/1022515,Seagrass meadow,5,4,Phanerogamae
Algues Invasores,1022532,2023-08-01,40.0849991,4.1006999,Paula López Sendino,2023-09-05 18:36:46+00:00,2025-10-20 10:50:41.070024+00:00,No,No destacada,Yes,Lophocladia lallemandii,PaulaLópezSendino_Lophocladia-lallemandii_638295358061937681.webp,"Enguany he vist molta Lophocladia a Menorca, taques petites però molt constants per tot el nort",Fiona Tomas Nash,,https://www.observadoresdelmar.es/Observations/1022532,Rocks,7,,"Phanerogamae,Algae,Dead animals"
Algues Invasores,1022540,2023-06-14,28.50829,-16.18237,AYUMARA ,2023-09-06 20:03:13+00:00,2025-10-20 12:06:19.033213+00:00,No,No destacada,Yes,Asparagopsis taxiformis,AYUMARA_Asparagopsis-taxiformis_638296273931611600.webp,,María García González ,,https://www.observadoresdelmar.es/Observations/1022540,Rocks,1,,
Algues Invasores,1022660,2023-09-16,39.33244,2.81868,Bernat Quetglas Escalas ,2023-09-18 09:06:39+00:00,2025-10-20 12:11:26.629471+00:00,No,No destacada,Yes,Caulerpa cylindracea,BernatQuetglasEscalas_638306247999443893.webp,"Subí esta alga, desconocida para mí, enganchada al anzuelo.
Se extiende a partir de una bola formando ápices de los que nacen otras algas.",Fiona Tomas Nash,,https://www.observadoresdelmar.es/Observations/1022660,Sand,32,,
Algues Invasores,1022661,2023-09-16,39.34756,2.86883,Bernat Quetglas Escalas ,2023-09-18 09:06:41+00:00,2025-10-20 12:09:29.810039+00:00,No,No destacada,Yes,Caulerpa cylindracea,BernatQuetglasEscalas_638306248010820007.webp,,Fiona Tomas Nash,,https://www.observadoresdelmar.es/Observations/1022661,Sand,,,
Algues Invasores,1022665,2023-09-16,39.32967,2.81984,Bernat Quetglas Escalas ,2023-09-19 07:13:31+00:00,2025-10-20 12:11:42.610684+00:00,No,No destacada,Yes,Caulerpa cylindracea,BernatQuetglasEscalas_638307044112229485.webp,,Fiona Tomas Nash,,https://www.observadoresdelmar.es/Observations/1022665,Sand,32,,
Algues Invasores,1022702,2023-09-14,40.394,25.58533,Antoni Font Gelabert,2023-09-25 12:59:42+00:00,2025-10-20 12:12:14.143289+00:00,No,No destacada,Yes,,AntoniFontGelabert_Penicillus-capitatus_638312435822843182.webp,"Fiona me va suggerir penjar la observació.
Anihow hi ha qui diu que no és al·loctona... ",Fiona Tomas Nash,,https://www.observadoresdelmar.es/Observations/1022702,Rocks,4,2,
Algues Invasores,1022703,2023-09-24,39.99756,25.15238,Antoni Font Gelabert,2023-09-25 13:03:31+00:00,2025-10-20 12:12:21.943296+00:00,No,No destacada,Yes,,AntoniFontGelabert_penicillus-capitatus_638312438118625320.webp,,Fiona Tomas Nash,,https://www.observadoresdelmar.es/Observations/1022703,Rocks,4,2,
Algues Invasores,1022704,2023-09-23,39.36297,2.83482,Iris Hendriks,2023-09-25 14:36:03+00:00,2025-10-20 12:10:20.114049+00:00,No,No destacada,Yes,Halimeda incrassata,IrisHendriks_Halimeda-incrassata_638312493634090255.webp,"Había parches de H. incrassata, muy densas pero pocas, 3-4 parches de 2 x 5m",Fiona Tomas Nash,,https://www.observadoresdelmar.es/Observations/1022704,Sand,2,,
Algues Invasores,1022715,2023-09-17,39.5871086,2.32831,CC Champion Campbell ,2023-09-26 12:07:35+00:00,2025-10-20 12:57:00.410046+00:00,No,No destacada,No,Womersleyella setacea,CCChampionCampbell_Womersleyella-setacea_638313268549707226.webp,struggeling with the colour and differenciations of this species. this apeared like long strands of fur about 6¨ long in parts. ,,,https://www.observadoresdelmar.es/Observations/1022715,Rocks,4,1,Algae
Algues Invasores,1022716,2023-09-17,39.5871086,2.32831,CC Champion Campbell ,2023-09-26 12:16:47+00:00,2025-10-20 12:56:59.868033+00:00,No,No destacada,No,,CCChampionCampbell_Rugulopteryx-okamurae_638313274076034367.webp,I know this as Y branched algae so please forgive me if this is incorrect. ,Fiona Tomas Nash,,https://www.observadoresdelmar.es/Observations/1022716,Rocks,2,5,Algae
Algues Invasores,1022718,2023-09-17,39.5871086,2.32831,CC Champion Campbell ,2023-09-26 12:27:20+00:00,2025-10-20 12:56:59.489177+00:00,No,No destacada,No,Halimeda incrassata,CCChampionCampbell_Halimeda-incrassata_638313280401493185.webp,,Fiona Tomas Nash,,https://www.observadoresdelmar.es/Observations/1022718,Rocks,2,10,Algae
Algues Invasores,1022789,2023-10-05,41.38588,2.19251,EQUIPO DESARROLLO NO VALIDAR ,2023-10-05 10:56:03+00:00,2025-10-20 12:10:44.259872+00:00,No,No destacada,No,Caulerpa cylindracea,MartaPulidoAs_Caulerpa-cylindracea_638321001637180762.webp,PRUEBA DESARROLLO,,,https://www.observadoresdelmar.es/Observations/1022789,Rocks,4,4,Algae
Algues Invasores,1022860,2023-10-08,40.05519,4.1413,José Antonio  ,2023-10-09 09:15:20+00:00,2025-10-20 12:05:19.097788+00:00,No,No destacada,Yes,Halimeda incrassata,JoséAntonioFayosSagüés_Halimeda-incrassata_638324397202469715.webp,Cubriendo medio metro cuadrado aproximadamente en una zona de cascajo y fango con Cymodocea y manchas de Posidonia.,Fiona Tomas Nash,Muy buena observación! muchísimas gracias:),https://www.observadoresdelmar.es/Observations/1022860,Sand,3,20,
Algues Invasores,1022887,2023-10-11,39.54895,2.6694,Benjamí Reviriego Riudavets,2023-10-11 13:16:08+00:00,2025-10-20 12:10:18.744004+00:00,No,No destacada,No,,BenjamíReviriegoRiudavets_638326269689669513.webp,"Halophila stipulacea no és un alga, per això he posat no identificada, però crec que la troballa sembla prou interessant i no sé on la puc declarar. Ha aparegut en la virada d'una pesca experimental de pop amb nansa",Fiona Tomas Nash,,https://www.observadoresdelmar.es/Observations/1022887,Sand,14,,
Algues Invasores,1022937,2023-10-14,40.05508,4.14026,José Antonio  ,2023-10-14 14:51:15+00:00,2025-10-20 12:10:25.134634+00:00,Yes,Primera vegada en l'àrea,Yes,Halimeda incrassata,JoséAntonioFayosSagüés_Halimeda-incrassata_638328918758106920.webp,Un metro cuadrado. Situado junto a boya de amarre de barcos de pequeña eslora. Otras manchas de tamaño variable pero no muy grandes junto a otras boyas de amarre en la misma zona.,Fiona Tomas Nash,"¡Primera observación de Halimeda incrassata en Menorca! Hasta ahora esta alga invasora se había encontrado solamente en Mallorca y Cabrera; parece que ha saltado a Menorca, muy probablemente a través de embarcaciones.hay que estar atent@s ",https://www.observadoresdelmar.es/Observations/1022937,Seagrass meadow,3,,
Algues Invasores,1022954,2023-10-14,42.04194,3.22539,Boris weitzmann ,2023-10-15 18:44:29+00:00,2025-10-20 12:11:28.632658+00:00,No,No destacada,Yes,Asparagopsis taxiformis,Borisweitzmann_Asparagopsis-taxiformis_638329922695277301.webp,,Fiona Tomas Nash,,https://www.observadoresdelmar.es/Observations/1022954,Rocks,20,6,
Algues Invasores,1022958,2023-10-13,38.7276,1.41603,Uly S . ,2023-10-16 11:46:14+00:00,2025-10-20 12:12:29.284304+00:00,No,No destacada,Yes,,UlyS._Batophora-sp._638330535745288708.webp,"Presente en todo tipo de hábitats: roca, arena y estructuras de fondeo como muertos, cabos y cadenas.",Fiona Tomas Nash,,https://www.observadoresdelmar.es/Observations/1022958,Sand,1,1000000000,
Algues Invasores,1023060,2023-10-26,39.68119,3.45412,Oscar Sagué Pla ,2023-11-01 19:20:57+00:00,2025-10-20 12:12:31.668534+00:00,No,No destacada,Yes,Caulerpa cylindracea,OscarSaguéPla_Caulerpa-cylindracea_638344632574060810.webp,Només vaig veure aquest petit tros en tota la cala. Si es fa una actuació probablement encara som a temps de què no es propagui.,Fiona Tomas Nash,,https://www.observadoresdelmar.es/Observations/1023060,Rocks,6,1,
Algues Invasores,1023071,2023-10-17,41.96226,3.23136,Martí Vilanova ,2023-11-03 11:13:16+00:00,2025-10-20 12:11:28.765061+00:00,No,No destacada,Yes,Caulerpa cylindracea,MartíVilanova_Caulerpa-cylindracea_638346067967460989.webp,,Fiona Tomas Nash,,https://www.observadoresdelmar.es/Observations/1023071,Sand,24,10,Algae
Algues Invasores,1023105,2023-07-19,40.04175,4.16078,Teresa ,2023-11-05 22:20:24+00:00,2025-10-20 12:10:49.636886+00:00,No,No destacada,No,Lophocladia lallemandii,Teresa_Lophocladia-lallemandii_638348196244914030.webp,,,,https://www.observadoresdelmar.es/Observations/1023105,Seagrass meadow,,,
Algues Invasores,1023237,2023-06-29,42.33265,3.2778,María García González ,2023-11-21 18:54:53+00:00,2025-10-20 12:07:15.642309+00:00,Yes,Espècie exòtica o invasiva,Yes,Caulerpa cylindracea,MaríaGarcíaGonzález_Caulerpa-cylindracea_638361896929900197.webp,,María García González ,,https://www.observadoresdelmar.es/Observations/1023237,Seagrass meadow,3,2,"Phanerogamae,Algae"
Algues Invasores,1023281,2023-11-26,36.81806,-2.5431,Alejandra Pérez Obs Centinela Almería,2023-11-29 10:25:34+00:00,2025-10-20 12:11:51.193902+00:00,No,No destacada,Yes,Rugulopteryx okamurae,AlejandraPérezObsCentinelaAlmería_Rugulopteryx-okamurae_638368503338593140.webp,Lamentablemente ya se ha extendido. El año pasado no se encontraba en esta zona sino a más o menos 2km de distancia. Estaba sobre todos los rizomas de la Posidonia. También sobre jania rubens,María García González ,,https://www.observadoresdelmar.es/Observations/1023281,Seagrass meadow,4,100,Phanerogamae
Algues Invasores,1023282,2023-11-29,36.8108,-2.5679,Alejandra Pérez Obs Centinela Almería,2023-11-29 10:29:02+00:00,2025-10-20 12:12:33.314187+00:00,Yes,Fotografia excel·lent,Yes,Asparagopsis taxiformis,AlejandraPérezObsCentinelaAlmería_Asparagopsis-taxiformis_638368505421978179.webp,"Asparagopsis taxiforme está presente desde hace varios años. Nosotros llevamos el control desde 2016. Está ""estable"", es decir parece ya formar parte del ecosistema conviviendo con otras especies. h",Fiona Tomas Nash,Preciosa foto de esta alga. Este centro centinela comenta que sus poblaciones parecen estables desde 2016. ¡muchas gracias por vuestro trabajo!,https://www.observadoresdelmar.es/Observations/1023282,Rocks,6,50,
Algues Invasores,1023316,2023-09-29,42.10368,3.18017,María García González ,2023-12-02 18:05:23+00:00,2025-10-20 12:11:53.368388+00:00,No,No destacada,Yes,Caulerpa cylindracea,MaríaGarcíaGonzález_Caulerpa-cylindracea_638371371229920315.webp,Es una mancha de 3x4m2 sobre un bloque de roca ,María García González ,,https://www.observadoresdelmar.es/Observations/1023316,Rocks,12,1,Algae
Algues Invasores,1023324,2023-09-14,41.9607506,3.2316899,María García González ,2023-12-02 20:00:39+00:00,2025-10-20 12:57:27.713532+00:00,No,No destacada,Yes,Caulerpa cylindracea,MaríaGarcíaGonzález_Caulerpa-cylindracea_638371440391197656.webp,,Fiona Tomas Nash,,https://www.observadoresdelmar.es/Observations/1023324,Rocks,12,3,
Algues Invasores,1023350,2023-12-10,39.53198,2.57287,Agnès Torres Ramis,2023-12-11 06:50:48+00:00,2025-10-20 12:12:33.783829+00:00,No,No destacada,Yes,Halimeda incrassata,AgnèsTorresRamis_Halimeda-incrassata_638378742480952061.webp,"La platja de Port Portals es trobava amb molts d’individud d’Halimeda incrassata, suposant la presència d’individus vius a prop de la zona.",Fiona Tomas Nash,,https://www.observadoresdelmar.es/Observations/1023350,Sand,,,
Algues Invasores,1023381,2023-12-19,42.23815,3.20752,Eduard Marquès ,2023-12-20 18:39:41+00:00,2025-10-20 12:12:54.390106+00:00,Yes,Espècie exòtica o invasiva,Yes,Caulerpa cylindracea,EduardMarquès_Caulerpa-cylindracea_638386943811535990.webp,,María García González ,,https://www.observadoresdelmar.es/Observations/1023381,,,,Algae
Algues Invasores,1023646,2023-07-08,38.95942,1.19163,Cristina Amanda  Tur ,2024-03-06 22:28:06+00:00,2025-10-20 12:05:50.608797+00:00,No,No destacada,Yes,,CristinaAmandaTur_638453608868815849.webp,,Fiona Tomas Nash,,https://www.observadoresdelmar.es/Observations/1023646,Seagrass meadow,15,,Phanerogamae
Algues Invasores,1023658,2022-05-21,38.95687,1.19019,Cristina Amanda  Tur ,2024-03-10 21:45:24+00:00,2025-10-20 12:11:36.286764+00:00,No,No destacada,Yes,,CristinaAmandaTur_638457039248230481.webp,"En realidad, estas algas lo estaban cubriendo todo... rocas, algas, fanerógamas, madréporas... Estaba muy extendida en s'Espartar, pero desapareció en cuestión de una semana",Fiona Tomas Nash,,https://www.observadoresdelmar.es/Observations/1023658,Rocks,15,10,Algae
Algues Invasores,1025900,2023-10-14,40.05522,4.14043,José Antonio  ,2024-08-24 17:20:01+00:00,2025-10-20 12:12:22.523400+00:00,No,No destacada,Yes,Halimeda incrassata,JoséAntonioFayosSagüés_Halimeda-incrassata_638601168009809908.webp,Avistamiento ya notificado el año pasado. ,Fiona Tomas Nash,,https://www.observadoresdelmar.es/Observations/1025900,Sand,3,,
Algues Invasores,2000060,2022-09-09,36.58404,-6.23803,Mar Roca Mora,2025-06-04 09:41:19.823185+00:00,2025-10-20 10:43:54.903788+00:00,No,No destacada,No,Rugulopteryx okamurae,6281d2ee-784c-4910-bf53-91cfea83838e.webp,Arribazón masivo en septiembre de 2022 acumulado cerca del espigón. El Puerto de Santa María (Cádiz),,,https://www.observadoresdelmar.es/Observations/2000060,Sand,,,
